-- phpMyAdmin SQL Dump
-- version 5.2.1
-- https://www.phpmyadmin.net/
--
-- Host: 127.0.0.1
-- Generation Time: Jun 08, 2026 at 09:49 AM
-- Server version: 10.4.32-MariaDB
-- PHP Version: 8.2.12

SET SQL_MODE = "NO_AUTO_VALUE_ON_ZERO";
START TRANSACTION;
SET time_zone = "+00:00";


/*!40101 SET @OLD_CHARACTER_SET_CLIENT=@@CHARACTER_SET_CLIENT */;
/*!40101 SET @OLD_CHARACTER_SET_RESULTS=@@CHARACTER_SET_RESULTS */;
/*!40101 SET @OLD_COLLATION_CONNECTION=@@COLLATION_CONNECTION */;
/*!40101 SET NAMES utf8mb4 */;

--
-- Database: `drainguard`
--

-- --------------------------------------------------------

--
-- Table structure for table `affected_areas`
--

CREATE TABLE `affected_areas` (
  `affected_area_id` int(11) NOT NULL,
  `affected_area_name` varchar(150) NOT NULL,
  `priority` enum('High','Medium','Low') NOT NULL DEFAULT 'Low'
) ENGINE=InnoDB DEFAULT CHARSET=utf8mb4 COLLATE=utf8mb4_general_ci;

--
-- Dumping data for table `affected_areas`
--

INSERT INTO `affected_areas` (`affected_area_id`, `affected_area_name`, `priority`) VALUES
(1, 'Hospital Zone', 'High'),
(2, 'Main Road', 'High'),
(3, 'Commercial Hub / Market Area', 'High'),
(4, 'Bus Stand / Transport Hub', 'High'),
(5, 'Industrial Area', 'High'),
(6, 'Low-income Settlement', 'High'),
(7, 'School / College / University Zone', 'Medium'),
(8, 'Residential Street', 'Medium'),
(9, 'Narrow Lane', 'Medium'),
(10, 'Government Office Area', 'Medium'),
(11, 'Religious Place Area', 'Medium'),
(12, 'Footpath', 'Low'),
(13, 'Public Park', 'Low'),
(14, 'Empty Plot', 'Low');

-- --------------------------------------------------------

--
-- Table structure for table `anchals`
--

CREATE TABLE `anchals` (
  `anchal_id` int(11) NOT NULL,
  `city_cor_id` int(11) NOT NULL,
  `anchal_name` varchar(50) NOT NULL
) ENGINE=InnoDB DEFAULT CHARSET=utf8mb4 COLLATE=utf8mb4_general_ci;

--
-- Dumping data for table `anchals`
--

INSERT INTO `anchals` (`anchal_id`, `city_cor_id`, `anchal_name`) VALUES
(11, 1, 'Anchal-1'),
(20, 1, 'Anchal-10'),
(12, 1, 'Anchal-2'),
(13, 1, 'Anchal-3'),
(14, 1, 'Anchal-4'),
(15, 1, 'Anchal-5'),
(16, 1, 'Anchal-6'),
(17, 1, 'Anchal-7'),
(18, 1, 'Anchal-8'),
(19, 1, 'Anchal-9'),
(1, 2, 'Anchal-1'),
(10, 2, 'Anchal-10'),
(2, 2, 'Anchal-2'),
(3, 2, 'Anchal-3'),
(4, 2, 'Anchal-4'),
(5, 2, 'Anchal-5'),
(6, 2, 'Anchal-6'),
(7, 2, 'Anchal-7'),
(8, 2, 'Anchal-8'),
(9, 2, 'Anchal-9'),
(21, 3, 'Anchal-1'),
(22, 4, 'Anchal-1'),
(23, 5, 'Anchal-1'),
(24, 6, 'Anchal-1'),
(25, 7, 'Anchal-1'),
(26, 8, 'Anchal-1'),
(27, 9, 'Anchal-1'),
(28, 10, 'Anchal-1'),
(29, 11, 'Anchal-1'),
(30, 12, 'Anchal-1');

-- --------------------------------------------------------

--
-- Table structure for table `areas`
--

CREATE TABLE `areas` (
  `area_id` int(11) NOT NULL,
  `ward_id` int(11) NOT NULL,
  `area_name` varchar(150) NOT NULL
) ENGINE=InnoDB DEFAULT CHARSET=utf8mb4 COLLATE=utf8mb4_general_ci;

--
-- Dumping data for table `areas`
--

INSERT INTO `areas` (`area_id`, `ward_id`, `area_name`) VALUES
(1, 54, 'Uttara Model Town Sector 1'),
(2, 54, 'Uttara Model Town Sector 2'),
(3, 54, 'Uttara Model Town Sector 3'),
(4, 54, 'Uttara Model Town Sector 4'),
(5, 54, 'Uttara Model Town Sector 5'),
(6, 54, 'Uttara Model Town Sector 6'),
(7, 54, 'Uttara Model Town Sector 7'),
(8, 54, 'Uttara Model Town Sector 8'),
(9, 54, 'Uttara Model Town Sector 9'),
(10, 54, 'Uttara Model Town Sector 10'),
(11, 54, 'Abdullahpur Partial'),
(12, 54, 'Purakoroi Partial'),
(13, 54, 'Shailpur Partial'),
(14, 54, 'Faydabad Partial'),
(15, 54, 'Baunia Partial'),
(16, 54, 'Dakshin Khan Partial'),
(17, 54, 'Ranavola Partial'),
(18, 12, 'Khilkhet'),
(19, 12, 'Kuril'),
(20, 12, 'Kuratoli'),
(21, 12, 'Joar Sahara'),
(22, 12, 'Olipara'),
(23, 12, 'Jagannathpur'),
(24, 12, 'Nikunj 1'),
(25, 12, 'Nikunj 2'),
(26, 12, 'Tanpara'),
(27, 36, 'Section 12'),
(28, 36, 'Block A'),
(29, 36, 'Block B'),
(30, 36, 'Block C'),
(31, 36, 'Block D'),
(32, 36, 'Block E'),
(33, 36, 'Block ta'),
(34, 36, 'Block dha'),
(35, 36, 'Block Pa - Uttar Kalshi'),
(36, 36, 'Section 9'),
(37, 36, 'Block Kha'),
(38, 36, 'Burir Tek Kalshi Sarkar Bari'),
(39, 36, 'Block pa extended area'),
(40, 37, 'Section 10'),
(41, 37, 'Block A'),
(42, 37, 'Block C'),
(43, 37, 'Block D'),
(44, 37, 'Section 11'),
(45, 37, 'Block C'),
(46, 37, 'Road Avenue 5 , Madina Nagar'),
(47, 37, 'Avenue 3'),
(48, 24, 'Section 13'),
(49, 24, 'Section 13 A'),
(50, 24, 'Section 13 B'),
(51, 24, 'Section 13 C'),
(52, 24, 'Tin Shed'),
(53, 24, 'Section 14'),
(54, 24, 'Baishteki'),
(55, 24, 'Section 15'),
(56, 38, 'Section 11'),
(57, 38, 'Section 11 Block A'),
(58, 38, 'Block B'),
(59, 38, 'Block C'),
(60, 38, 'Block D'),
(61, 38, 'Block E'),
(62, 38, 'Block F'),
(63, 38, 'Palash Nagar'),
(64, 42, 'Pallabi'),
(65, 42, 'Extended Pallabi'),
(66, 42, 'New Pallabi'),
(67, 42, 'Section 7'),
(68, 42, 'Milk Vita Road'),
(69, 42, 'Sujat Nagar'),
(70, 42, 'Harunabad'),
(71, 42, 'Muslim Housing Arambagh'),
(72, 42, 'Arifabad'),
(73, 42, 'Chayanir'),
(74, 42, 'Sena Palli'),
(75, 42, 'Section-6'),
(76, 42, 'Block C'),
(77, 42, 'Block D'),
(78, 42, 'Block E'),
(79, 42, 'Block ta'),
(80, 42, 'Block -jha'),
(81, 42, 'Alubdhi'),
(82, 42, 'Duari Para'),
(83, 42, '6 Ja'),
(84, 42, 'Rupnagar Tin Shed'),
(85, 42, 'Eastern Housing'),
(86, 36, 'Section 12'),
(87, 36, 'Block A'),
(88, 36, 'Block B'),
(89, 36, 'Block C'),
(90, 36, 'Block D'),
(91, 36, 'Block E'),
(92, 36, 'Block O'),
(93, 36, 'Block F'),
(94, 36, 'Block P - Uttar Kalshi'),
(95, 36, 'Section 9'),
(96, 36, 'Block Kha'),
(97, 36, 'Burir Tek Kalshi Sarkar Bari'),
(98, 36, 'Block 7 Extended Area'),
(99, 37, 'Section 10'),
(100, 37, 'Block A'),
(101, 37, 'Block C'),
(102, 37, 'Block D'),
(103, 37, 'Section 11'),
(104, 37, 'Block C'),
(105, 37, 'Road Avenue 5'),
(106, 37, 'Madina Nagar'),
(107, 37, 'Avenue 3'),
(108, 24, 'Section 13'),
(109, 24, 'Section 13 A'),
(110, 24, 'Section 13 B'),
(111, 24, 'Section 13 C'),
(112, 24, 'Tin Shed'),
(113, 24, 'Section 14'),
(114, 24, 'Baishteki'),
(115, 24, 'Section 15'),
(116, 38, 'Section 11'),
(117, 38, 'Section 11 Block A'),
(118, 38, 'Block B'),
(119, 38, 'Block C'),
(120, 38, 'Block D'),
(121, 38, 'Block E'),
(122, 38, 'Block F'),
(123, 38, 'Palash Nagar'),
(124, 42, 'Pallabi'),
(125, 42, 'Extended Pallabi'),
(126, 42, 'New Pallabi'),
(127, 42, 'Section 7'),
(128, 42, 'Milk Vita Road'),
(129, 42, 'Sujat Nagar'),
(130, 42, 'Chararabad'),
(131, 42, 'Muslim Housing Abashon'),
(132, 42, 'Agriculture'),
(133, 42, 'Taltola'),
(134, 42, 'Sena Palli'),
(135, 42, 'Beacon Road'),
(136, 42, 'Block C'),
(137, 42, 'Block D'),
(138, 42, 'Block E'),
(139, 42, 'Block H'),
(140, 42, 'Abdul Mojid Road'),
(141, 42, 'Duari Para'),
(142, 42, 'U 3'),
(143, 42, 'Rupnagar Tin Shed'),
(144, 42, 'Housing Area Second Phase'),
(145, 43, 'Section 2'),
(146, 43, 'Block A'),
(147, 43, 'Block B'),
(148, 43, 'Block C'),
(149, 43, 'Block D'),
(150, 43, 'Block E'),
(151, 43, 'Block F'),
(152, 43, 'Block G'),
(153, 43, 'Block H'),
(154, 43, 'Block K'),
(155, 43, 'Block J'),
(156, 43, 'Rupargar Residential Area'),
(157, 43, 'Section 7 Block A'),
(158, 43, 'Section 2'),
(159, 43, 'Block cha'),
(160, 43, 'Duari Para'),
(161, 43, '6 A'),
(162, 43, '6 B'),
(163, 43, '6 ta'),
(164, 43, '6 ja'),
(165, 44, 'Section 1'),
(166, 44, 'Wapda Colony'),
(167, 44, 'Block A'),
(168, 44, 'Block B'),
(169, 44, 'Block C'),
(170, 44, 'Block D'),
(171, 44, 'Block E'),
(172, 44, 'Block F'),
(173, 44, 'Block G'),
(174, 44, 'Block H'),
(175, 44, 'Banijjik plot'),
(176, 44, 'Sthaniyo Bari'),
(177, 44, 'Griho kha'),
(178, 44, 'Griho ga'),
(179, 44, 'Kamal Housing'),
(180, 44, 'Chiriyakhana Residential Area'),
(181, 44, 'Nabab er bag'),
(182, 44, 'Goran Chatbari'),
(183, 44, 'BISF staff Quarter'),
(184, 44, 'Police Line Quarter'),
(185, 44, 'Mazar Road'),
(186, 44, 'Upper Bishil'),
(187, 44, 'Priyanka Housing'),
(188, 44, 'Section 1 New Tea Block'),
(189, 44, 'Botanical Garden Residential Area'),
(190, 9, 'Manikdi'),
(191, 9, 'Matikata'),
(192, 9, 'Balughat'),
(193, 9, 'Lalasarai'),
(194, 9, 'Dhamalkot'),
(195, 9, 'Alubdirtek'),
(196, 9, 'Baigar Tek'),
(197, 9, 'Baran Tek'),
(198, 9, 'Bashan Tek'),
(199, 22, 'বারিধারা আবাসিক এলাকা ব্লক-আই'),
(200, 22, 'বারিধারা আবাসিক এলাকা ব্লক-কে'),
(201, 22, 'বারিধারা আবাসিক এলাকা ব্লক-জে'),
(202, 22, 'কালাচাঁদপুর'),
(203, 22, 'নদ্দা'),
(204, 22, 'শাহজাদপুর ক'),
(205, 22, 'শাহজাদপুর খ'),
(206, 22, 'শাহজাদপুর গ'),
(207, 7, 'বনানী'),
(208, 7, 'গুলশান ১'),
(209, 7, 'গুলশান ২'),
(210, 7, 'কড়াইল'),
(211, 8, 'মহাখালী'),
(212, 8, 'মহাখালী-গুলশান লিংক রোড'),
(213, 8, 'জনস্বাস্থ্য ইনস্টিটিউট'),
(214, 8, 'নিকেতন'),
(215, 2, 'উত্তর বাড্ডা'),
(216, 2, 'দক্ষিণ বাড্ডা'),
(217, 2, 'মধ্য বাড্ডা'),
(218, 2, 'পূর্ব মেরুল বাড্ডা'),
(219, 2, 'পশ্চিম মেরুল বাড্ডা'),
(220, 2, 'উপরপাড়া বাড্ডা'),
(221, 23, 'রামপুরা'),
(222, 23, 'উলন'),
(223, 23, 'বাগিচার টেক'),
(224, 23, 'নাছিরের টেক'),
(225, 23, 'ওমর আলী লেন'),
(226, 23, 'পশ্চিম হাজীপাড়া'),
(227, 23, 'বাড্ডা ও গুলশান-১ লিংক রোড'),
(228, 41, 'খিলগাঁও বি জোন'),
(229, 41, 'খিলগাঁও পূর্ব হাজীপাড়া'),
(230, 41, 'মালিবাগ চৌধুরী পাড়া'),
(231, 41, 'মালিবাগ'),
(232, 41, 'শাহজাহানপুর রোড'),
(233, 48, 'তেজগাঁও শিল্প এলাকা'),
(234, 48, 'বেগুনবাড়ী'),
(235, 48, 'কুনিপাড়া'),
(236, 49, 'নাখালপাড়া'),
(237, 49, 'আরজতপাড়া'),
(238, 49, 'সিভিল এভিয়েশন স্টাফ কোয়ার্টার'),
(239, 39, 'বড় মগবাজার'),
(240, 39, 'দিলু রোড'),
(241, 39, 'নিউ ইস্কাটন রোড'),
(242, 39, 'পশ্চিম মগবাজার'),
(243, 39, 'মধ্য পেয়ারাবাগ'),
(244, 39, 'গ্রীনওয়ে'),
(245, 39, 'উত্তর নয়াটোলা ১ম ভাগ'),
(246, 40, 'মিরেরটেক'),
(247, 40, 'মিরবাগ'),
(248, 40, 'মধুবাগ'),
(249, 40, 'উত্তর নয়াটোলা ২য় ভাগ'),
(250, 40, 'পূর্ব নয়াটোলা'),
(251, 40, 'দক্ষিণ নয়াটোলা'),
(252, 40, 'মগবাজার ওয়্যারলেস কলোনী'),
(253, 19, 'গোলারটেক'),
(254, 19, 'ছোট দিয়াবাড়ী'),
(255, 19, 'বড় দিয়াবাড়ী'),
(256, 19, 'জহুরাবাদ'),
(257, 19, 'আনন্দনগর'),
(258, 19, 'কোটবাড়ী'),
(259, 19, 'চারয়ানী পাড়া'),
(260, 19, 'বারয়ানী পাড়া'),
(261, 19, 'বাগবাড়ী'),
(262, 19, 'হরিরামপুর'),
(263, 19, 'কড় বাজার'),
(264, 19, 'জাহানাবাদ'),
(265, 19, 'ঋশিপাড়া'),
(266, 19, 'বর্ধন বাড়ী'),
(267, 19, 'গাবতলী বাস টার্মিনাল'),
(268, 19, 'গাবতলী গরুর হাট'),
(269, 19, 'সুইপার কলোনী'),
(270, 19, 'গাবতলী আমিন বাজার গাইবান্ধা কাঁচা বাজার'),
(271, 20, 'মাজার রোড'),
(272, 20, 'মিরপুর রোড '),
(273, 20, '১ম কলোনী'),
(274, 20, '২য় কলোনী'),
(275, 20, '৩য় কলোনী'),
(276, 20, 'দারুস সালাম এলাকা'),
(277, 20, 'গাবতলী'),
(278, 20, 'লালকুঠি'),
(279, 20, 'বাতেন নগর আবাসিক এলাকা'),
(280, 28, 'কল্যাণপুর'),
(281, 28, 'পাইকপাড়া'),
(282, 28, 'মধ্য পাইকপাড়া'),
(283, 28, 'দারুস সালাম রোড '),
(284, 29, 'আহমেদনগর '),
(285, 29, 'শাহ আলীবাগ'),
(286, 29, 'দক্ষিণ বিশিল'),
(287, 29, 'পাইকপাড়া'),
(288, 29, 'টোলারবাগ উত্তর'),
(289, 29, 'টোলারবাগ মধ্য'),
(290, 29, 'টোলারবাগ দক্ষিণ'),
(291, 30, 'বড়বাগ'),
(292, 30, 'মণিপুর'),
(293, 30, 'পীরেরবাগ উত্তর'),
(294, 30, 'পীরেরবাগ দক্ষিন'),
(295, 30, 'পীরেরবাগ পুর্ব '),
(296, 30, 'পীরেরবাগ পশ্চিম'),
(297, 30, 'শেওড়াপাড়া পশ্চিম'),
(298, 30, 'শেওড়াপাড়া মধ্য'),
(299, 31, 'রোকেয়া স্মরণী'),
(300, 31, 'মিরপুর রোড'),
(301, 31, 'সেনপাড়া পর্বতা'),
(302, 31, 'কাজীপাড়া পশ্চিম'),
(303, 31, 'কাজীপাড়া পুর্ব'),
(304, 31, 'শেওড়াপাড়া পশ্চিম'),
(305, 31, 'শেওড়াপাড়া পুর্ব'),
(306, 25, 'কাফরুল'),
(307, 25, 'উত্তর কাফরুল'),
(308, 25, 'দক্ষিণ কাফরুল'),
(309, 25, 'পশ্চিম কাফরুল(তালতলা)'),
(310, 25, 'ইব্রাহীমপুর'),
(311, 25, 'কচুক্ষেত রোড'),
(312, 47, 'কারওয়ান বাজার বাণিজ্যিক এলাকা'),
(313, 47, 'কারওয়ান বাজার লেন'),
(314, 47, 'কাজী নজরুল ইসলাম এভিনিউ'),
(315, 47, 'গ্রীন রোড'),
(316, 47, 'তেজতুরী বাজার পূর্ব'),
(317, 47, 'তেজতুরী বাজার পশ্চিম'),
(318, 47, 'স্টেশন রোড'),
(319, 47, 'তেজকুনিপাড়া'),
(320, 47, 'কাজী বীর উত্তম জিয়াউর রহমান সড়ক'),
(321, 47, 'বসুন্ধরা সিটি মার্কেট'),
(322, 45, 'তেজতুরী বাজার চক'),
(323, 45, 'তেজতুরী বাজার চক লেন'),
(324, 45, 'সজল স্কয়ার'),
(325, 45, 'গ্রীন রোড'),
(326, 45, 'বীর উত্তম কে এম শফিউল্লাহ সড়ক'),
(327, 45, 'মণিপুরী পাড়া'),
(328, 45, 'বীর উত্তম শহীদ জিয়াউর রহমান সড়ক'),
(329, 46, 'শ্যামলী বাগ'),
(330, 46, 'পশ্চিম আগারগাঁও'),
(331, 46, 'আগারগাঁও প্রশাসনিক এলাকা'),
(332, 32, 'মোঃপুর ব্লক-সি'),
(333, 32, 'তাজমহল রোড ব্লক-এফ'),
(334, 32, 'শাহজাহান রোড'),
(335, 32, 'মেট্রো পলিটন হাউজিং'),
(336, 32, 'কো-অপারেটিভ হাউজিং সোসাইটি'),
(337, 32, 'মোঃপুর-এফ'),
(338, 32, 'জহুরী মহল্লা'),
(339, 1, 'বায়তুল আমান হাউজিং'),
(340, 1, 'পিসিকালচার হাউজিং'),
(341, 1, 'নবোদয় হাউজিং'),
(342, 1, 'প্রমিনেন্ট পান্থশালা হাউজিং'),
(343, 1, 'তুরাগ হাউজিং'),
(344, 1, 'আক্কাছ হাউজিং'),
(345, 1, 'বেরীবাঁধ ইবনে সিনা হাউজিং'),
(346, 1, 'শ্যামলী হাউজিং'),
(347, 1, 'একতা হাউজিং'),
(348, 1, 'উত্তর আদাবর'),
(349, 1, 'মোহাম্মদপুর'),
(350, 1, 'ঢাকা হাউজিং'),
(351, 1, 'রফিক হাউজিং'),
(352, 1, 'মনসুরাবাদ হাউজিং'),
(353, 1, 'সুনিবিড় হাউজিং'),
(354, 1, 'আলিফ হাউজিং'),
(355, 1, 'মফিজ হাউজিং'),
(356, 1, 'মেহেদিবাগ হাউজিং'),
(357, 1, 'ইউনিক হাউজিং'),
(358, 1, 'আদর্শ ছায়ানীড়'),
(359, 1, 'মোহাম্মদপুর হাউজিং'),
(360, 1, 'আদাবর'),
(361, 1, 'শেখেরটেক'),
(362, 33, 'আযদ রোড'),
(363, 33, 'আসাদ এভিনিউ'),
(364, 33, 'রাজিয়া সুলতানা রোড'),
(365, 33, 'তাজমহল রোড'),
(366, 33, 'শেরশাহসুরী রোড'),
(367, 33, 'নুরজাহান রোড'),
(368, 33, 'জাকির হোসেন রোড'),
(369, 33, 'শাহজাহান রোড'),
(370, 33, 'আওরঙ্গজেব রোড'),
(371, 33, 'কাজী নজরুল ইসলাম রোড ব্লক-ই'),
(372, 34, 'লালমাটিয়া ব্লক-এ'),
(373, 34, 'লালমাটিয়া ব্লক-বি'),
(374, 34, 'লালমাটিয়া ব্লক-সি'),
(375, 34, 'লালমাটিয়া ব্লক-ডি'),
(376, 34, 'লালমাটিয়া ব্লক-ই'),
(377, 34, 'লালমাটিয়া ব্লক-এফ'),
(378, 34, 'লালমাটিয়া ব্লক-জি'),
(379, 34, 'সার সৈয়দ রোড'),
(380, 34, 'হুমায়ুন রোড'),
(381, 34, 'বাবর রোড'),
(382, 34, 'ইকবাল রোড'),
(383, 34, 'আওরঙ্গজেব রোড'),
(384, 34, 'খিলজি রোড'),
(385, 34, 'আসাদ এভিনিউ'),
(386, 34, 'মোহপুর কলোনী'),
(387, 34, 'মোঃপুর কো-অপারেটিভ হাউজিং সোসাইটি লি. ব্লক-ক'),
(388, 34, 'গজনবী রোড'),
(389, 34, 'পিসিকালচার লালমাটিয়া হাউজিং এস্টেট নিউ কলোনী'),
(390, 35, 'মোহাম্মদীয়া হাউজিং লিমিটেড'),
(391, 35, 'মোহাম্মদীয়া হাউজিং সোসাইটি'),
(392, 35, 'কাদেরাবাদ হাউজিং এস্টেট'),
(393, 35, 'কাটাসুর'),
(394, 35, 'বাশবাড়ী'),
(395, 35, 'চাঁনমিয়া হাউজিং'),
(396, 35, 'চানমিয়া উদ্যান'),
(397, 35, 'বছিলা রোড'),
(398, 35, 'নবীনগর হাউজিং'),
(399, 35, 'ঢাকা উদ্যান'),
(400, 35, 'ঢাকা রিয়েল এস্টেট'),
(401, 35, 'আলী এন্ড নুর রিয়েল এস্টেট'),
(402, 35, 'আরাম মডেল টাউন'),
(403, 35, 'বেড়িবাঁধ'),
(404, 35, 'বছিলা মডেল টাউন'),
(405, 35, 'চন্দ্রিমা মডেল টাউন'),
(406, 35, 'বছিলা সিটি ডেভেলপার্স'),
(407, 35, 'সাতমসজিদ গৃহনির্মাণ সমবায় সমিতি লিঃ'),
(408, 35, 'জাপান গার্ডেন সিটি'),
(409, 35, 'নবোদয় হাউজিং'),
(410, 35, 'বসিলা'),
(411, 35, 'ফিউচার টাউন'),
(412, 35, 'লতিফ রিয়েল এস্টেট'),
(413, 35, 'অনিল হাউজিং'),
(414, 35, 'বাঁশবাড়ী'),
(415, 21, 'পশ্চিম ধানমন্ডি'),
(416, 21, 'মাদার কেয়ার হাসপাতাল'),
(417, 21, 'সুলতানগঞ্জ'),
(418, 21, 'রায়ের বাজার পূর্ব'),
(419, 21, 'জাফরাবাদ'),
(420, 21, 'মেট্রো হাউজিং'),
(421, 53, 'উত্তরা মডেল টাউন ১১নং সেক্টর'),
(422, 53, 'উত্তরা মডেল টাউন ১২নং সেক্টর'),
(423, 53, 'উত্তরা মডেল টাউন ১৩নং সেক্টর'),
(424, 53, 'উত্তরা মডেল টাউন ১৪নং সেক্টর'),
(425, 53, 'বাউনিয়া '),
(426, 50, 'বাইলজুড়ী'),
(427, 50, 'বাউনিয়া '),
(428, 50, 'দলিপাড়া'),
(429, 50, 'আইলানিয়া'),
(430, 50, 'পাকুরিয়া'),
(431, 50, 'বাদালদি'),
(432, 50, 'উলুদাহা'),
(433, 50, 'চান্দুরা'),
(434, 50, 'তাফলিয়া'),
(435, 50, 'মান্দুরা'),
(436, 50, 'যোলাহাটি'),
(437, 51, 'নলভোগ'),
(438, 51, 'নয়ারনগর'),
(439, 51, 'শুক্রভাঙ্গা'),
(440, 51, 'ধরাঙ্গারটেক'),
(441, 51, 'পুরানকালিয়া'),
(442, 51, 'শেখদিটেক'),
(443, 51, 'দিয়াবাড়ী'),
(444, 51, 'তারারটেক'),
(445, 51, 'নিমতলীরটেক'),
(446, 51, 'চন্ডলভোগ'),
(447, 51, 'রানাভোলা '),
(448, 51, 'ফুলবাড়িয়া'),
(449, 51, 'খেউর '),
(450, 51, 'বামনারটেক'),
(451, 52, 'রোশারদিয়া '),
(452, 52, 'কামারপাড়া'),
(453, 52, 'কালিয়ারটেক'),
(454, 52, 'খায়েরটেক'),
(455, 52, 'ভাটুলিয়া'),
(456, 52, 'নয়ানীচালা'),
(457, 52, 'রাজাবাড়ী'),
(458, 52, 'ধঊর'),
(459, 52, 'আশুতিয়া'),
(460, 52, 'গ্রাম ভাটুলিয়া'),
(461, 16, 'ফায়দাবাদ'),
(462, 16, 'কোটবাড়ী'),
(463, 16, 'মৌশাইর'),
(464, 16, 'চালাবন'),
(465, 27, 'দক্ষিণখান'),
(466, 27, 'সোনার খোলা'),
(467, 27, 'হলান'),
(468, 27, 'আনল'),
(469, 27, 'বরুয়া'),
(470, 27, 'জামুন'),
(471, 17, 'কাওলার'),
(472, 17, 'আশকোনা'),
(473, 17, 'গাওয়াইর'),
(474, 14, 'মোল্লারটেক'),
(475, 14, 'ইরশাল'),
(476, 14, 'আজমপুর'),
(477, 55, 'আমাইয়া'),
(478, 55, 'বড়বাড়ী'),
(479, 55, 'চামুরখান'),
(480, 55, 'কাঁচকুড়া'),
(481, 55, 'স্নানঘাটা'),
(482, 55, 'ভাটুরিয়া'),
(483, 55, 'পলাশিয়া'),
(484, 55, 'ছোট পলাশিয়া'),
(485, 55, 'পোড়াদিয়া'),
(486, 55, 'রাতুটি'),
(487, 55, 'ভরারদি'),
(488, 55, 'আন্ডারটেক'),
(489, 55, 'বাওথার'),
(490, 55, 'বেতুলি'),
(491, 55, 'করিমের বাগ'),
(492, 55, 'দেবদিয়া'),
(493, 56, 'উত্তরখান দক্ষিণ অংশ'),
(494, 56, 'উত্তরখান উত্তর অংশ'),
(495, 57, 'বাবুর পাড়া'),
(496, 57, 'বড়বাগ'),
(497, 57, 'ওজা পাড়া'),
(498, 57, 'রাজাবাড়ী'),
(499, 57, 'মুন্ডা'),
(500, 57, 'পুলার টেক'),
(501, 57, 'ভাটুলিয়া'),
(502, 57, 'মাউছাইদ'),
(503, 57, 'বাদুরি পাড়া'),
(504, 57, 'চানপাড়া'),
(505, 57, 'ফৌজারবাড়ী'),
(506, 57, 'গোবিন্দপুর'),
(507, 57, 'খঞ্জরদিয়া'),
(508, 57, 'কমুদ খোলা'),
(509, 57, 'মৈনারটেক'),
(510, 57, 'নিন্নিরটেক'),
(511, 57, 'নোয়াখোলা'),
(512, 57, 'সাওরারটেক'),
(513, 57, 'উজানপুর'),
(514, 10, 'নুরেরচালা পশ্চিম'),
(515, 10, 'নুরেরচালা পূর্ব'),
(516, 10, 'West Khilbarirtek'),
(517, 10, 'খিলবাড়ীরটেক পূর্ব'),
(518, 11, 'ভাটারা '),
(519, 11, 'ছোলমাইদ'),
(520, 11, 'নয়ানগর উত্তর'),
(521, 11, 'নয়ানগর দক্ষিণ'),
(522, 26, 'তলনা'),
(523, 26, 'টেনলা'),
(524, 26, 'কুড়ি'),
(525, 26, 'মৈয়াহাটেক'),
(526, 26, 'মস্তুল'),
(527, 26, 'পাতিরা'),
(528, 26, 'তুমনি'),
(529, 26, 'কাঠালদিয়া'),
(530, 26, 'বাগদিয়া'),
(531, 26, 'আশিয়া'),
(532, 3, 'দাউদকান্দি'),
(533, 3, 'টেকপাড়া বাড্ডা'),
(534, 3, 'সোনা কাটরা'),
(535, 3, 'সেকান্দারবাগ'),
(536, 3, 'মধ্যবাড্ডা'),
(537, 3, 'মোল্লাপাড়া'),
(538, 3, 'বেগারীপাড়া'),
(539, 3, 'পোস্ট অফিস রোড'),
(540, 3, 'লোহাইরটেক'),
(541, 4, 'মধ্যপাড়া'),
(542, 4, 'মোল্লাপাড়া'),
(543, 4, 'মোল্লাপাড়া আদর্শ নগর'),
(544, 4, 'উত্তরবাড্ডা পূর্বপাড়া'),
(545, 4, 'উত্তরবাড্ডা ময়নারটেক'),
(546, 4, 'বাওয়ালিপাড়া'),
(547, 4, 'উত্তরবাড্ডা পূর্বপাড়া আব্দুলারবাগ'),
(548, 4, 'উত্তরবাড্ডা মিছরি টোলা'),
(549, 4, 'উত্তরবাড্ডা হাজীপাড়া'),
(550, 5, 'পুকুরপাড়া'),
(551, 5, 'দক্ষিণপাড়া'),
(552, 5, 'তালতলা'),
(553, 5, 'উত্তরপাড়া পশ্চিমাংশ'),
(554, 5, 'উত্তরপাড়া পূর্বাংশ'),
(555, 5, 'পাঁচখোলা'),
(556, 5, 'মেরুলখোলা'),
(557, 5, 'মগারদিয়া'),
(558, 5, 'পূর্ব পদররিয়া'),
(559, 5, 'পশ্চিম পদররিয়া'),
(560, 6, 'বড় বেরাইদ পূর্বপাড়া'),
(561, 6, 'বড় বেরাইদ ভুইয়াপাড়া'),
(562, 6, 'বড় বেরাইদ ঋশিপাড়া'),
(563, 6, 'বড় বেরাইদ আরাদ্দাপাড়া'),
(564, 6, 'ছোট বেরাইদ ডগরদিয়া'),
(565, 6, 'আশকারটেক'),
(566, 6, 'চান্দারটেক'),
(567, 6, 'পাচদিরটেক'),
(568, 6, 'হারারদিয়া'),
(569, 6, 'বড় বেরাইদ মোল্লাপাড়া উত্তর'),
(570, 6, 'বড় বেরাইদ মোল্লাপাড়া দক্ষিণ'),
(571, 6, 'বড় বেরাইদ আগারপাড়া'),
(572, 6, 'বড় বেরাইদ চটকিপাড়া'),
(573, 6, 'বড় বেরাইদ চিনাদিপাড়া'),
(574, 6, 'নিগুর আপ্লাইদ (ফকিরখালি)'),
(575, 73, 'ধানমন্ডি আ/এ'),
(576, 73, 'ধানমন্ডি রোড নং ১৫ স্টাফ কোয়ার্টার'),
(577, 73, 'রোড নং ১৫ পূর্ব রায়ের বাজার ও ঈদগাহ রোড '),
(578, 73, 'শেরেবাংলা রোড ও মিতালী রোড'),
(579, 73, 'হাজী আফসারউদ্দিন রোড'),
(580, 73, 'হাতেমবাগ'),
(581, 89, 'ফ্রী স্কুল স্ট্রীট কাঠাল্বাগান'),
(582, 89, 'নর্থরোড'),
(583, 89, 'সার্কুলার রোড'),
(584, 89, 'গ্রীন কর্ণার'),
(585, 89, 'গ্রীন স্কয়ার(গ্রীন রোড)'),
(586, 89, 'গ্রীন রোড পূর্ব'),
(587, 89, 'ওয়েস্ট এন্ড স্ট্রীট'),
(588, 89, 'আল আমিন রোড'),
(589, 89, 'নর্থ সার্কুলার রোড'),
(590, 89, 'ফ্রী স্কুল স্ট্রীট হাতিরপুল'),
(591, 89, 'ক্রিসেন্ট রোড'),
(592, 122, 'লেক সার্কাস উত্তর ধানমন্ডি ও আবেদঅধালী রোড'),
(593, 122, 'বশির উদ্দিন রোড'),
(594, 122, 'উত্তর ধানমন্ডি'),
(595, 122, 'কলাবাগান'),
(596, 122, 'গ্রীনরোড পশ্চিম'),
(597, 122, 'গ্রীন রোড স্টাফ কোয়ার্টার'),
(598, 122, 'তল্লাবাগ'),
(599, 122, 'শুক্রাবাদ'),
(600, 122, 'সোবহানবাগ'),
(601, 111, 'নীলক্ষেত বাবুপুরা'),
(602, 111, 'সমাজ কল্যাণ ও গবেষণা ইনস্টিটিউট'),
(603, 111, 'আইয়ুব আলী কলোনী ও রহিম স্কয়ার'),
(604, 111, 'বাংলাদেশ-কুয়েত মৈত্রী হল'),
(605, 111, 'সেন্ট্রাল রোড'),
(606, 111, 'নাইয়েম নিয়েয়ার রোড'),
(607, 111, 'কলেজ স্ট্রীট'),
(608, 111, 'টি টি কলেজ'),
(609, 111, 'গভঃ ল্যাবরেটরী স্কুল এলাকা'),
(610, 111, 'ঢাকা কলেজ'),
(611, 111, 'সাইন্স ল্যাবরেটরী স্টাফ কোয়ার্টার'),
(612, 111, 'এলিফ্যান্ট রোড'),
(613, 111, 'মিরপুর রোড'),
(614, 111, 'নিউ এলিফ্যান্ট রোড'),
(615, 111, 'বিডিয়ার পিলখানা'),
(616, 114, 'মিন্টু রোড'),
(617, 114, 'কাকরাইল'),
(618, 114, 'সার্কিট হাউস রোড'),
(619, 114, 'সিদ্ধেশ্বরী রোড ও লেন'),
(620, 114, 'মগবাজার এলিফ্যান্ট রোড'),
(621, 114, 'মগবাজার ইস্পাহানী কলোনী'),
(622, 114, 'নিউ ইস্কাটন রোড'),
(623, 114, 'ইস্কাটন গার্ডেন রোড'),
(624, 114, 'আমিনাবাদ কলোনী ও ইস্টার্ন হাউজিং অ্যাপার্টমেন্ট'),
(625, 114, 'বেইলী স্কয়ার ও বেইলী রোড'),
(626, 114, 'বড় কাকরাইল'),
(627, 114, 'ডিআইটি কলোনী'),
(628, 114, 'পশ্চিম মালিবাগ'),
(629, 113, 'সেগুন বাগিচা'),
(630, 113, 'তোফখানা রোড'),
(631, 113, 'বঙ্গবন্ধু এভিনিউ ও রেস্ট হাউজ'),
(632, 113, 'টি বি ক্লিনিক এলাকা'),
(633, 113, 'ঢাকা মেডিকেল কলেজ হাসপাতাল'),
(634, 113, 'হাইকোর্ট স্টাফ কোয়ার্টার ও সোহরাওয়ার্দী উদ্যান'),
(635, 113, 'ফুলবাড়ীয়া স্টেশন পূর্ব এলাকা'),
(636, 113, 'পশ্চিম ফুলবাড়ীয়া এবং  সেক্রেটারিয়েট রোড '),
(637, 113, 'আব্দুল গণি রোড'),
(638, 113, 'সচিবালয় স্টাফ কোয়ার্টার'),
(639, 113, 'পশ্চিম পুরাতন রেলওয়ে কলোনী'),
(640, 113, 'রেলওয়ে হাসপাতাল এলাকা'),
(641, 113, 'ইস্টার্ন হাউজিং এবং টয়েনবি সার্কুলার রোড'),
(642, 113, 'রমনা গ্রীন হাউজ'),
(643, 113, 'প্রকৌশল বিশ্ববিদ্যালয়'),
(644, 113, 'প্রকৌশল বিশ্ববিদ্যালয় আবাসিক এলাকা'),
(645, 113, 'নজরুল ইসলাম হল'),
(646, 113, 'আহসান উল্লাহ হল'),
(647, 113, 'তিতুমীর হল'),
(648, 113, 'ঢাকা মেডিকেল কলেজ হোস্টেল (ফজলে রাব্বি হল)'),
(649, 113, 'শেরে বাংলা হল'),
(650, 113, 'সোহরাওয়ার্দী হল'),
(651, 113, 'শহীদুল্লাহ হল'),
(652, 113, 'ফজলুল হক হল'),
(653, 113, 'ডঃ এম এ রশিদ হল'),
(654, 113, 'শহীদ স্মৃতি হল'),
(655, 113, 'প্রকৌশল বিশ্ববিদ্যালয় ছাত্রী হল'),
(656, 119, 'ঢাকা বিশ্ববিদ্যালয় আবাসিক এলাকা'),
(657, 119, 'জহুরুল হক হল'),
(658, 119, 'সলিমুল্লাহ হল'),
(659, 119, 'স্যার এ এফ রহমান হল'),
(660, 119, 'শামসুন নাহার হল'),
(661, 119, 'জগন্নাথ হল'),
(662, 119, 'কবি জসীম উদ্দীন হল'),
(663, 119, 'মুক্তিযোদ্ধা জিয়াউর রহমান হল'),
(664, 119, 'সূর্যসেন হল'),
(665, 119, 'হাজী মোহাম্মদ মহসীন হল'),
(666, 119, 'বঙ্গবন্ধু শেখ মুজিবুর রহমান হল'),
(667, 119, 'ময়মনসিংহ লেন'),
(668, 119, 'ময়মনসিংহ রোড'),
(669, 119, 'পি জি ইনস্টিটিউট'),
(670, 119, 'জাতীয় জাদুঘর অফিসার্স কোয়ার্টার'),
(671, 119, 'পি জি হাসপাতাল'),
(672, 119, 'কেন্দ্রীয় পাবলিক লাইব্রেরী'),
(673, 119, 'হাবিবুল্লাহ রোড'),
(674, 119, 'আন্তর্জাতিক ছাত্রাবাস'),
(675, 119, 'রোকেয়া হল'),
(676, 119, 'পরীবাগ শাহ সাহেব রোড'),
(677, 93, 'খিলগাঁও এ জোন'),
(678, 93, 'খিলগাঁও বি জোন'),
(679, 93, 'খিলগাঁও কলোনী সি'),
(680, 94, 'গোড়ান'),
(681, 95, 'মেরাদিয়া'),
(682, 115, 'পূর্ব বাসাবো'),
(683, 115, 'পশ্চিম বাসাবো'),
(684, 115, 'উত্তর বাসাবো'),
(685, 115, 'দক্ষিণ বাসাবো'),
(686, 115, 'উত্তর-পূর্ব বাসাবো'),
(687, 115, 'মধ্য বাসাবো'),
(688, 115, 'বাসাবো ওহাব কলোনী'),
(689, 115, ' মাদার টেক'),
(690, 116, 'মায়াকানন'),
(691, 116, 'সবুজবাগ'),
(692, 116, 'উত্তর মুগদাপাড়া ডেপুটি কলোনী'),
(693, 116, 'আহম্মদবাগ'),
(694, 116, 'রাজারবাগ উত্তর'),
(695, 116, 'রাজারবাগ দক্ষিণ'),
(696, 116, 'কমলাপুর বাসাবো'),
(697, 116, 'পূর্ব বাসাবো'),
(698, 107, 'মুগদাপাড়া'),
(699, 104, 'বাসাবো ব্যাংক কলোনী'),
(700, 104, 'সোনালী ব্যাংক কলোনী'),
(701, 104, 'আর কে মিশন রোড গোপীবাগ'),
(702, 104, 'কমলাপুর'),
(703, 104, 'মতিঝিল'),
(704, 104, 'বি রেলওয়ে ব্যারাক'),
(705, 105, 'আরামবাগ'),
(706, 105, 'ফকিরাপুল'),
(707, 105, 'ফকিরাপুল বাজার এলাকা'),
(708, 105, 'মতিঝিল সি/এ'),
(709, 105, 'দিলকুশা সি/এ'),
(710, 105, 'বঙ্গভবন'),
(711, 106, 'মতিঝিল কলোনী'),
(712, 106, 'হাসপাতাল জোন'),
(713, 106, 'আল হেলাল জোন'),
(714, 106, 'আইডিয়াল জোন'),
(715, 106, 'এইচ টাইপ কোয়ার্টার'),
(716, 106, 'পোস্টাল কলোনী'),
(717, 106, 'টি এন্ড টি কলোনী'),
(718, 106, 'বাংলাদেশ ব্যাংক কলোনী'),
(719, 120, 'শাহজাহানপুর'),
(720, 120, 'শাহজাহানপুর রেলওয়ে কলোনী'),
(721, 120, 'দক্ষিণ খিলগাঁও'),
(722, 120, 'খিলগাঁও বাগিচা'),
(723, 120, 'শহীদ বাগ'),
(724, 120, 'মোমেন বাগ'),
(725, 120, 'আউটার সার্কুলার রোড'),
(726, 121, 'মালিবাগ বাজার রোড'),
(727, 121, 'মালিবাগ'),
(728, 121, 'মতিঝিল'),
(729, 121, 'বকশী বাগ'),
(730, 121, 'গুলবাগ'),
(731, 121, 'শান্তিবাগ'),
(732, 121, 'ইন্দ্রপুরি'),
(733, 112, 'চামেলী বাগ ও আমেনিবাগ'),
(734, 112, 'রাজার বাগ পুলিশ লাইন'),
(735, 112, 'পুরানা পল্টন জি.পি.ও'),
(736, 112, 'বায়তুল মোকাররম স্টেডিয়াম'),
(737, 112, 'সুইমিংপুল'),
(738, 112, 'স্পোর্টস কাউন্সিল'),
(739, 112, 'আউটার স্টেডিয়াম'),
(740, 112, 'বিজয় নগর'),
(741, 112, 'নয়াপল্টন'),
(742, 112, 'পুরানা পল্টন লাইন'),
(743, 112, 'ট্রাফিক পুলিশ ব্যারাক'),
(744, 112, 'পুলিশ হাসপাতাল'),
(745, 112, 'সিএন্ডবি মাঠ'),
(746, 112, 'শান্তিনগর'),
(747, 112, 'শান্তিনগর বাজার এলাকা'),
(748, 78, 'ঝিরবান কাচ্চা'),
(749, 78, 'গজমহল রোড'),
(750, 78, 'হাজারীবাগ ট্যানারী এলাকা'),
(751, 78, 'জিকাতলা তিন মাজার'),
(752, 78, 'দক্ষিণ সুলতানগঞ্জ'),
(753, 78, 'সোনাতনগড়'),
(754, 78, 'জিগাতলা স্টাফ কোয়ার্টার'),
(755, 78, 'মনেশ্বর'),
(756, 78, 'শিক্কাটোলা'),
(757, 78, 'মনেশ্বর ১-৩৬'),
(758, 78, 'তল্লাবাগ'),
(759, 78, 'মিতালী রোডের অংশ'),
(760, 78, 'চক্রবর্তী তল্লাবাগ'),
(761, 78, 'টালী অফিস রোড'),
(762, 78, 'দক্ষিণ মল্লারটেক'),
(763, 79, 'মনেশ্বর রোড'),
(764, 79, 'মনেশ্বর লেন'),
(765, 79, 'বড় নগর লেন'),
(766, 79, 'রোহানপুর লেন'),
(767, 79, 'কুলাল মহল লেন'),
(768, 79, 'কাজীরবাগ লেন'),
(769, 79, 'নবীপুর লেন'),
(770, 79, 'হাজারীবাগ লেন'),
(771, 79, 'হাজারীবাগ রোড'),
(772, 79, 'কাজী নগর'),
(773, 79, 'এনায়েতগঞ্জ'),
(774, 79, 'গণকটুলি'),
(775, 79, 'তাতী কলোনী'),
(776, 79, 'নীলম্বর সাহা রোড'),
(777, 79, 'তাতীবাজার লেন'),
(778, 100, 'লালবাগ রোড'),
(779, 100, 'মেডিকেল স্টাফ কোয়ার্টার থেকে বিডিআর গেট নং-১'),
(780, 100, 'কাশ্মীরী টোলা লেন'),
(781, 100, 'হোসেন উদ্দিন খান লেন'),
(782, 100, 'দুর্গা অঙ্গন লেন'),
(783, 100, 'নবাবগঞ্জ রোড'),
(784, 100, 'নবাবগঞ্জ লেন'),
(785, 100, 'আব্দুল আজিজ লেন'),
(786, 100, 'লালচাঁদ মোহন দাস লেন'),
(787, 100, 'এম সি রায় রোড'),
(788, 100, 'নতুন পল্টন লাইন'),
(789, 100, 'পিলখানা রোড'),
(790, 100, 'সুবল দাস রোড'),
(791, 101, 'জগন্নাথ সাহা রোড'),
(792, 101, 'শহীদ নগর'),
(793, 101, 'রাজ নারায়ণ ধর রোড'),
(794, 102, 'জগন্নাথ সাহা রোড'),
(795, 102, 'কাজী রিয়াজ উদ্দিন রোড'),
(796, 102, 'লালবাগ দুর্গ'),
(797, 102, 'পুষ্পরাজ রোড'),
(798, 102, 'আতশ খাঁন লেন'),
(799, 102, 'রাজশ্বি নাথ স্ট্রীট'),
(800, 102, 'হরমোহন শীল স্ট্রীট'),
(801, 102, 'গঙ্গারাম বাজার লেন'),
(802, 102, 'লালবাগ রোড'),
(803, 102, 'নগর বেলতলী লেন'),
(804, 102, 'শেখ সাহেব বাজার'),
(805, 102, 'সুবল দাস রোড'),
(806, 103, 'আজিমপুর রোড'),
(807, 103, 'আলীমপুর এস্টেট'),
(808, 103, 'পলাশী ব্যারাক পশ্চিম'),
(809, 103, 'পলাশী ব্যারাক দক্ষিণ'),
(810, 103, 'ইডেন মহিলা কলেজ হোস্টেল স্টাফ কোয়ার্টার'),
(811, 103, 'গার্হস্থ অর্থনীতি কলেজ'),
(812, 103, 'বি.সি. দাস স্ট্রিট'),
(813, 103, 'নীলক্ষেত সরকারি বাজার (আজিম্পুর)'),
(814, 103, 'লালবাগ রোড'),
(815, 103, 'ঢাকেশ্বরী রোড'),
(816, 63, 'হোসনী দালান রোড'),
(817, 63, 'অরফানেজ রোড'),
(818, 63, 'কমল দাহ রোড'),
(819, 63, 'নাজিমুদ্দিন রোড'),
(820, 63, 'গিরিদা উর্দু রোড'),
(821, 63, 'জগন্নাথ রোড'),
(822, 63, 'বকশী বাজার রোড'),
(823, 63, 'কসাই বাজার লেন'),
(824, 63, 'আমলা পাড়া সিটি রোড'),
(825, 63, 'তাতখানা লেন'),
(826, 63, 'উমেশ দত্ত রোড'),
(827, 63, 'নবাব বাগিচা'),
(828, 63, 'নূর ফাতা লেন'),
(829, 63, 'পলাশী ফায়ার সার্ভিস স্টেশন'),
(830, 64, 'কে. বি. রুদ্র রোড'),
(831, 64, 'উর্দু রোড'),
(832, 64, 'গৌড় সুন্দর রায় লেন'),
(833, 64, 'হায়ার বকস লেন'),
(834, 64, 'খাজে দেওয়ান প্রথম লেন'),
(835, 64, 'খাজে দেওয়ান দ্বিতীয় লেন'),
(836, 64, 'চক সার্কুলার রোড'),
(837, 64, 'আজনগর লেন'),
(838, 64, 'হরনাথ ঘোষ রোড'),
(839, 64, 'হরনাথ ঘোষ লেন'),
(840, 64, 'খাজে দল সিং লেন'),
(841, 64, 'নন্দ কুমার দত্ত রোড'),
(842, 65, 'ইসলাম বাগ'),
(843, 65, 'শাহেষ্তা খান রোড'),
(844, 65, 'রহমতগঞ্জ লেন'),
(845, 65, 'হাজী রহিম বক্স লেন'),
(846, 65, 'ওয়াটার ওয়ার্কস রোড'),
(847, 65, 'হাজী বালু রোড'),
(848, 65, 'গনি মিয়ার হাট'),
(849, 65, 'ফরিয়া পট্টি'),
(850, 90, 'ঝাউচর'),
(851, 90, 'ঝাউলাহাটি'),
(852, 90, 'নয়াগাঁও'),
(853, 90, 'হাসান নগর'),
(854, 90, 'মুন্সিহাটি'),
(855, 90, 'মুন্সহাটি নদীর পার'),
(856, 90, 'মুনসুর বাগ'),
(857, 90, 'সিরাজনগর'),
(858, 90, 'নবীনগর'),
(859, 90, 'টাংকের হাটি'),
(860, 90, 'আমিননগর'),
(861, 91, 'পশ্চিম রসুলপুর'),
(862, 91, 'পূর্ব রসুলপুর'),
(863, 91, 'দক্ষিণ রসুলপুর'),
(864, 91, 'বড়গ্রাম পশ্চিম'),
(865, 91, 'বড়গ্রাম'),
(866, 91, 'ইসলামনগর'),
(867, 91, 'আলীনগর'),
(868, 91, 'হুজুরপাড়া'),
(869, 91, 'পশ্চিম আশ্রাফাবাদ'),
(870, 92, 'আহসানবাগ'),
(871, 92, 'মমিনবাগ'),
(872, 92, 'আশ্রাফাবাদ'),
(873, 92, 'দুখুরিয়া'),
(874, 92, 'জঙ্গল বাড়ী'),
(875, 92, 'কুমিলা পাড়া'),
(876, 92, 'রহমতবাগ'),
(877, 92, 'বাগচান খাঁ পশ্চিম'),
(878, 92, 'বাগচান খাঁ পূর্ব '),
(879, 92, 'এটিএম বুথ ভাষা আন্দোলন স্কুল রফিকুল ইসলাম রোড মনির চেয়ারম্যান গলির দক্ষিণাংশ'),
(880, 92, 'এটিএম বুথ ভাষা আন্দোলন স্কুল রফিকুল ইসলাম রোড মনির চেয়ারম্যান গলির  উত্তরাংশ'),
(881, 92, 'হাসলাই'),
(882, 92, 'মুসলিমবাগ'),
(883, 62, 'হাকিম হাবিবুর রহমান রোড'),
(884, 62, 'বকিন বাস স্ট্রীট'),
(885, 62, 'সোয়ারী ঘাট পূর্ব এবং পশ্চিম'),
(886, 62, 'রুই হাট্রা'),
(887, 62, 'বড় কাটারা'),
(888, 62, 'ছোট কাটারা'),
(889, 62, 'দেবিদাস ঘাট লেন'),
(890, 62, 'কমিটি গঞ্জ'),
(891, 62, 'চম্পাতলি লেন'),
(892, 62, 'জুম্মুম বেপারী লেন'),
(893, 62, 'রজনি বস লেন'),
(894, 62, 'রায় ঈশ্বরচন্দ্র শীল বাহাদুর স্ট্রীট'),
(895, 62, 'মহিউদ্দিন লেন'),
(896, 62, 'জাদব নারায়ণদাস লেন'),
(897, 62, 'ইমাম গঞ্জ'),
(898, 62, 'মেটফোর্ড রোড'),
(899, 66, 'মৌলভী বাজার'),
(900, 66, 'আজিজুল্লাহ রোড'),
(901, 66, 'বেগম বাজার'),
(902, 66, 'আবুল হাসানাত রোড'),
(903, 66, 'পদ্মলোচন রায় লেন'),
(904, 66, 'কে এম আজম লেন'),
(905, 66, 'নুর বক্স লেন'),
(906, 66, 'আলী হোসেন খান রোড'),
(907, 66, 'নাবালক মিয়া লেন '),
(908, 66, 'আরমেনিয়াম স্ট্রীট '),
(909, 66, 'আবুল খয়রাত রোড'),
(910, 66, 'কেদারনাথ দে লেন'),
(911, 66, 'আগা নওয়াব  দেউড়ি'),
(912, 66, 'বেচারাম দেউড়ি'),
(913, 66, 'হাফিজঊল্লাহ রোড'),
(914, 66, 'গোলাম মোস্তফা লেন'),
(915, 66, 'ডি.সি. রায় রোড'),
(916, 66, 'শরৎচন্দ্র চক্রবর্তী রোড'),
(917, 66, 'এ. সি. রায় রোড'),
(918, 66, 'জেলা রোড'),
(919, 66, 'দিগু বাবু লেন'),
(920, 66, 'মকিম কাটারা'),
(921, 66, 'বি.কে. রায় লেন'),
(922, 66, 'সেন্ট্রাল জেল'),
(923, 66, 'যোগেন্দ্র নারায়ণ শীল স্ট্রীট'),
(924, 97, 'বংশাল রোড (হোল্ডিং নং- ৪৩/১-১০৮)'),
(925, 97, 'কে পি ঘোষ স্ট্রীট'),
(926, 97, 'কসাইটূলি'),
(927, 97, 'গোবিন্দ দাস লেন'),
(928, 97, 'সৈয়দ হাসান আলী লেন'),
(929, 97, 'পি. কে. রায় লেন'),
(930, 97, 'হাজী আব্দুর রশিদ লেন'),
(931, 97, 'রায় বাহাদুর ঈশ্বর চন্দ্র ঘোষ স্ট্রীট'),
(932, 97, 'কাজী জিয়া উদ্দীন রোড'),
(933, 97, 'সামসাবাদ লেন'),
(934, 97, 'শাহজাদা মিয়া লেন'),
(935, 97, 'গোপী নাথ দত্ত কবিরাজ স্ট্রীট'),
(936, 97, 'হারনী স্ট্রীট'),
(937, 97, 'বাগডাসা লেন'),
(938, 97, 'হাইয়বার নগর লেন শরত চক্রবর্তি রোড'),
(939, 97, 'কাজী মুদ্দিন সিদ্দিকি লেন'),
(940, 97, 'আকমল খান রোড'),
(941, 97, 'জিন্দা বাহার লেন'),
(942, 97, 'জুমরাইল লেন'),
(943, 59, 'বংশাল রোড (হোল্ডিং নং- ১০৮-২০৭/১)'),
(944, 59, 'আলী'),
(945, 59, 'নকী দেওড়ি'),
(946, 59, 'আব্দুল হাদী লেন'),
(947, 59, 'নবাব কাটারা'),
(948, 59, 'চানখার পুল লেন'),
(949, 59, 'আগামসিহ লেন (হোল্ডিং নং- ১-১১৫)'),
(950, 59, 'শিক্কাটুলী লেন'),
(951, 59, 'আগা সাদেক রোড'),
(952, 59, 'বি. কে. গাঙুলী লেন'),
(953, 59, 'আবুল হাসানাত রোড'),
(954, 60, 'সিদ্ধিক বাজার'),
(955, 60, 'টেকের হাট লেন'),
(956, 60, 'নবাবপুর রোড (হোল্ডিং নং- ১৪৪-২২২)'),
(957, 60, 'হাজী উসমান গনি রোড (হোল্ডিং নং- ১-১৬৫)'),
(958, 60, 'নাজিরা বাজার লেন'),
(959, 60, 'ধুপখোলা রহমান লেন'),
(960, 60, 'কাজী আব্দুল হামিদ লেন'),
(961, 60, 'কাজী আলাউদ্দীন রোড'),
(962, 60, 'ফুলবাড়িয়া পুরাতন রেলওয়ে স্টেশন'),
(963, 61, 'মালিটোলা লেন'),
(964, 61, 'মালিটোলা রোড'),
(965, 61, 'বংশাল রোড (হোল্ডিং নং- ১-৮২, ২১১-২৬৭)'),
(966, 61, 'বংশাল লেন'),
(967, 61, 'গোলক পাল লেন'),
(968, 61, 'আনন্দ মোহন বসাক লেন (বাসাবাড়ী লেন)'),
(969, 61, 'ভিতর বাড়ী লেন'),
(970, 61, 'গোয়াল নগর লেন'),
(971, 61, 'ইংলিশ রোড'),
(972, 61, 'পুরানা মোগলটুলী'),
(973, 61, 'নবাব ইউসুব রোড'),
(974, 61, 'নবাবপুর রোড (হোল্ডিং নং- ২২৬-২৬২)'),
(975, 61, 'হাজী আব্দুল্লাহ সরকার লেন'),
(976, 61, ' ফ্রেঞ্চ রোড'),
(977, 61, 'হাজী মইনুদ্দিন রোড'),
(978, 61, 'নয়াবাজার সুইপার কলোনী'),
(979, 98, 'আশেক লেন'),
(980, 98, 'রাধিকা মোহন বসাক লেন'),
(981, 98, 'হরি প্রসন্ন মিত্র রোড'),
(982, 98, 'সৈয়দ আওলাদ হোসেন লেন'),
(983, 98, 'কোর্ট হাউস স্ট্রীট'),
(984, 98, 'উচ্ছব পোদ্দার লেন'),
(985, 98, 'প্রসন্ন পোদ্দার লেন'),
(986, 98, 'রাখাল চন্দ্র বসাক লেন'),
(987, 98, 'বাঁশিচরণ সেন পোদ্দার লেন'),
(988, 98, 'ইসলামপুর'),
(989, 98, 'নবর লেন'),
(990, 98, 'কৈলাশ ঘোষ লেন'),
(991, 98, 'শাখারী বাজার'),
(992, 98, 'রাজা দেউড়ী'),
(993, 98, 'জর্জ কোর্ট'),
(994, 98, 'ডিসি কোর্ট'),
(995, 98, 'রায় সাহেব বাজার'),
(996, 99, 'আহসান উল্লাহ রোড'),
(997, 99, 'কবিরাজ লেন'),
(998, 99, 'জি এল গার্থ রোড'),
(999, 99, 'সিমশন রোড'),
(1000, 99, 'পাটুয়াটুলী রোড'),
(1001, 99, 'ইসলামপুর'),
(1002, 99, 'পাটুয়াটুলী লেন'),
(1003, 99, 'কুমারটুলী লেন'),
(1004, 99, 'লিয়াকত এভিনিউ'),
(1005, 99, 'নর্থ ব্লক হল রোড'),
(1006, 99, 'ওয়াইজ ঘাট'),
(1007, 99, 'রমাকান্ত নন্দী লেন'),
(1008, 99, 'লয়াল স্ট্রিট'),
(1009, 99, ' পি কে রায় রোড (বাংলা বাঁজার)'),
(1010, 99, 'চিত্ররঞ্জন এভিনিউ'),
(1011, 99, 'হকার্স মার্কেট'),
(1012, 99, 'শাখারী বাজার'),
(1013, 128, 'মদন মোহন বসাক রোড'),
(1014, 128, 'লালচাঁদ মুকিম লেন'),
(1015, 128, 'গোপী বিষান লেন'),
(1016, 128, 'গোপী মোহন বসাক লেন'),
(1017, 128, 'তাহের বাগ লেন'),
(1018, 128, 'শশী বসাক লেন'),
(1019, 128, 'গোয়াল ঘাট লেন'),
(1020, 128, 'মুচি পাড়া'),
(1021, 128, 'নরেন্দ্র নাথ বসাক লেন'),
(1022, 128, 'নবাবপুর রোড'),
(1023, 128, 'বি সি সি রোড'),
(1024, 128, 'কাপ্তান বাজার'),
(1025, 128, 'জুরিয়াটুলি লেন'),
(1026, 128, 'জদুনাথ বসাক লেন'),
(1027, 128, 'বনগ্রাম রোড'),
(1028, 128, 'মহাজনপুর লেন'),
(1029, 128, 'বনগ্রাম লেন'),
(1030, 128, 'যোগী নগর রোড ও লেন'),
(1031, 128, 'চন্দ্রনাথ বসাক স্ট্রীট'),
(1032, 128, 'মদন পাল লেন'),
(1033, 126, 'কুঞ্জবাবু রোড'),
(1034, 126, 'গোবিন্দ দত্ত লেন'),
(1035, 126, 'রঘুনাথ দাস লেন'),
(1036, 126, 'রোকনপুর লেন'),
(1037, 126, 'পাঁচ ভাই ঘাট লেন'),
(1038, 126, 'নাসির উদ্দিন সরদার লেন'),
(1039, 126, 'কার্কুনবাড়ি লেন'),
(1040, 126, 'জনসন রোড'),
(1041, 126, 'কাজী আব্দুর রউফ রোড'),
(1042, 126, 'নন্দলাল দত্ত লেন'),
(1043, 126, 'নবদ্বীপ লেন'),
(1044, 126, 'রাজচন্দ্র মুন্সী লেন'),
(1045, 126, 'সুভাষ বোস এভিনিউ(লক্ষ্মীবাজার'),
(1046, 126, 'হাজী মজিদ লেন'),
(1047, 127, 'শ্যামা প্রসাদ চৌধুরী লেন'),
(1048, 127, 'রূপলাল দাস লেন'),
(1049, 127, 'পাতল খান লেন'),
(1050, 127, 'ফরাশগঞ্জ লেন'),
(1051, 127, 'ফরাশগঞ্জ রোড'),
(1052, 127, 'উল্টিগঞ্জ লেন'),
(1053, 127, 'মালাকার টোলা রোড'),
(1054, 127, 'নর্থ ব্রুক হল রোড'),
(1055, 127, 'মদন সাহ লেন'),
(1056, 127, 'ঈশ্বর দাস লেন'),
(1057, 127, 'হরিশ চন্দ্র বসু স্ট্রীট'),
(1058, 127, 'প্রতাপ দাস লেন'),
(1059, 127, 'বি কে দাস রোড'),
(1060, 127, 'কে জি গুপ্ত  লেন'),
(1061, 127, 'জয়চন্দ্র ঘোষ লেন'),
(1062, 127, 'প্যারীদাস রোড'),
(1063, 127, 'গোপাল সাহা লেন'),
(1064, 127, 'মোহিনী মোহন দাস লেন'),
(1065, 127, 'পুর্ন চন্দ্র বানার্জী লেন'),
(1066, 127, 'রুপচান লেন'),
(1067, 127, 'মুন্সী হরি মোহন দাস লেন'),
(1068, 127, 'আনন্দ মোহন দাস লেন'),
(1069, 127, 'শ্রীশ দাস লেন'),
(1070, 127, 'হেমেন্দ্র দাস লেন'),
(1071, 127, 'দিবেন্দ্র দাস লেন'),
(1072, 127, 'শুকলাল দাস লেন'),
(1073, 108, 'মানিক নগর'),
(1074, 108, 'মানিক নগর মিয়াজান লেন'),
(1075, 108, 'কাজিরবাগ'),
(1076, 129, 'কে.এম.দাস লেন'),
(1077, 129, 'অভয় দাস লেন'),
(1078, 129, 'টয়েনবি সার্কুলার রোড'),
(1079, 129, 'জয়কালী মন্দির রোড'),
(1080, 129, 'ভাগবতী ব্যানার্জী রোড'),
(1081, 129, 'ফোল্ডার স্ট্রীট'),
(1082, 129, 'হাটখোলা রোড'),
(1083, 129, 'আর কে মিশন রোড'),
(1084, 74, 'দয়াগঞ্জ রোড'),
(1085, 74, 'দয়াগঞ্জ হাটলেন'),
(1086, 74, 'দয়াগঞ্জ জেলেপাড়া'),
(1087, 74, 'নারিন্দা লেন'),
(1088, 74, 'নারিন্দা রোড'),
(1089, 74, 'শরতগুপ্ত লেন'),
(1090, 74, 'বসুবাজার লেন'),
(1091, 74, 'মুনির হোসেন লেন'),
(1092, 74, 'শাহ সাহেব লেন'),
(1093, 74, 'মেথরপট্টি (উত্তর ও দক্ষিন)'),
(1094, 74, 'গুরুদাস সরকার লেন'),
(1095, 74, 'করাতিটোলা লেন'),
(1096, 74, 'স্বামীবাগ লেন'),
(1097, 74, 'স্বামীবাগ নতুন বস্তি'),
(1098, 130, 'লাল মোহন সাহা স্ট্রীট'),
(1099, 130, 'ভজহরি সাহা স্ট্রীট'),
(1100, 130, 'দক্ষিণ মুসুন্দি'),
(1101, 130, 'ওয়ারী স্ট্রীট'),
(1102, 130, 'জয়কালী মন্দির রোড'),
(1103, 130, 'নবাব স্ট্রীট'),
(1104, 130, 'মদন মোহন বসাক রোড'),
(1105, 130, 'টিপু সুলতান রোড'),
(1106, 130, 'র‍্যান্ধীন স্ট্রীট '),
(1107, 130, 'পদ্ম নিধি লেন'),
(1108, 130, 'হেয়ার স্ট্রীট ল্যান্ড অকসেন লেন'),
(1109, 130, 'নারিন্দা রোড'),
(1110, 130, 'জোরপুল লেন ফোল্ডার স্ট্রীট'),
(1111, 130, 'চন্দিচরন বোস স্ট্রীট'),
(1112, 130, 'হাটখোলা রোড এন্ড বলধা হাউজ'),
(1113, 130, 'লারমিনি স্ট্রীট রাধা-শ্যাম সাহা স্ট্রীট'),
(1114, 75, 'কাঠের পুল লেন'),
(1115, 75, 'ঠাকুরদাস লেন'),
(1116, 75, 'জাস্টিস লালমোহন দাস লেন'),
(1117, 75, 'ঋষিকোষ দাস লেন'),
(1118, 75, 'বেগমগঞ্জ লেন'),
(1119, 75, 'মিউনিসিপ্যাল স্টাফ কোয়ার্টার'),
(1120, 75, 'তনুগঞ্জ লেন'),
(1121, 75, 'ওয়াল্টার রোড'),
(1122, 75, 'রেবতি মোহন দাস রোড'),
(1123, 76, 'ডিস্টিলারী রোড'),
(1124, 76, 'দীননাথ সেন রোড'),
(1125, 76, ' কৈশব ব্যানার্জি রোড'),
(1126, 76, 'শশীভূষণ চ্যাটার্জী লেন'),
(1127, 76, 'রজনি চৌধুরি রোড'),
(1128, 76, 'সাবেক শরাফাতগঞ্জ লেন'),
(1129, 76, 'সতেন্দ্র কুমার দাস রোড'),
(1130, 77, 'মিল ব্যারাক এন্ড পুলিশ লাইন'),
(1131, 77, 'কেশব ব্যানার্জী রোড'),
(1132, 77, 'অক্ষয় দাস লেন'),
(1133, 77, 'শাঁখারী নগর লেন'),
(1134, 77, 'হরিচরন রায় রোড'),
(1135, 77, 'আলমগঞ্জ রোড'),
(1136, 77, 'ঢালকানগর লেন'),
(1137, 77, 'সতীশ সরকার রোড'),
(1138, 123, 'লাল মোহন পোদ্দার লেন'),
(1139, 123, 'পোস্তগোলা'),
(1140, 123, 'ঢাকা কটন মিলস'),
(1141, 123, 'হরিচরন রায় রোড'),
(1142, 123, 'বাহাদুরপুর লেন'),
(1143, 123, 'গেন্ডারিয়া রাজউক প্লট ১ এবং ২'),
(1144, 123, 'নবিনচন্দ্র গোম্বাসী রোড'),
(1145, 123, 'ফরিদাবাদ লেন'),
(1146, 123, 'বাংলাদেশ ব্যাংক কলোনি'),
(1147, 123, 'ঢালকানগর লেন'),
(1148, 80, 'সায়েদাবাদ'),
(1149, 80, 'উত্তর যাত্রাবাড়ী ১'),
(1150, 80, 'উত্তর যাত্রাবাড়ী ২'),
(1151, 81, 'ব্রাহ্মণ চিরণ'),
(1152, 81, 'ধলপুর'),
(1153, 82, 'পশ্চিম যাত্রাবাড়ী'),
(1154, 82, 'উত্তর-পশ্চিম যাত্রাবাড়ী'),
(1155, 82, 'উত্তর যাত্রাবাড়ী'),
(1156, 82, 'দক্ষিণ-পূর্ব যাত্রাবাড়ী ওয়াপদা কলোনী'),
(1157, 82, 'দক্ষিন যাত্রাবাড়ী'),
(1158, 124, 'মীর হাজারিবাগ'),
(1159, 124, 'ধোলাই পাড়'),
(1160, 124, 'পাড়গেন্ডারিয়া'),
(1161, 86, 'মুরাদপুর-১'),
(1162, 86, 'মুরাদপুর-২'),
(1163, 86, 'মুরাদপুর-৩'),
(1164, 86, 'মুরাদপুর-৪'),
(1165, 87, 'পূর্ব জুরাইন মুরাদনগর ১'),
(1166, 125, 'করিম উল্লাহবাগ'),
(1167, 125, 'নতুন জুরাইন আলম বাগ'),
(1168, 125, 'পশ্চিম জুরাইন'),
(1169, 71, 'দেইল্লা'),
(1170, 71, 'পাইটি'),
(1171, 71, 'কায়েতপাড়া'),
(1172, 71, 'ঠুলঠুলিয়া'),
(1173, 71, 'খালপাড়া'),
(1174, 71, 'তাম্বুরাবাদ'),
(1175, 71, 'নলছটা'),
(1176, 71, 'ধীৎ পুর'),
(1177, 71, 'দূর্গাপুর'),
(1178, 71, 'মেন্দিপুর'),
(1179, 71, 'আমুলিয়া'),
(1180, 71, 'শুন্যা'),
(1181, 71, 'শুন্যা টেংড়া'),
(1182, 118, 'পশ্চিম নন্দীপাড়া'),
(1183, 118, 'রসুলবাগ'),
(1184, 118, 'উত্তর নন্দীপাড়া'),
(1185, 118, 'মধ্য নন্দীপাড়া'),
(1186, 118, 'নন্দীপাড়া স্কুল রোড'),
(1187, 118, 'ইয়ামাবাগ'),
(1188, 118, 'নন্দীপাড়া'),
(1189, 118, 'পূর্ব নন্দীপাড়া'),
(1190, 118, 'সোনারতনগর'),
(1191, 118, 'ব্যাংক কলোনী'),
(1192, 96, 'ইদারকান্দি'),
(1193, 96, 'ফকির খালী'),
(1194, 96, 'বালুর পাড়া'),
(1195, 96, 'বাবুর জাগা'),
(1196, 96, 'দাসেরকান্দি'),
(1197, 96, 'জোড়ভিটা'),
(1198, 96, 'ত্রি মোহিনী পুর্বপাড়া'),
(1199, 96, 'লায়নহাটি'),
(1200, 96, 'ত্রিমোহিনী'),
(1201, 96, 'ইমামবাগ'),
(1202, 96, 'উচ্চদেবপুর'),
(1203, 96, 'উত্তরগাও'),
(1204, 96, 'ত্রিমোহনী টেকপাড়া'),
(1205, 96, 'ত্রিমোহনী ৬ নং ওয়ার্ড'),
(1206, 96, 'গৌরনগর ইসলামবাগ'),
(1207, 96, 'নাসিরাবাদ'),
(1208, 96, 'শেখের জাইয়গা'),
(1209, 96, 'নাগদারপাড়'),
(1210, 109, 'গ্রীন মডেল টাউন হতে কলি বাড়ী'),
(1211, 109, 'কলি বাড়ীর পশ্চিম পাশ হতে দালালের গলির পূর্ব পাশ'),
(1212, 109, 'দালালের গলির পশ্চিম পাশ হতে হিরু মিয়া রোডের পূর্ব পাশ'),
(1213, 109, 'হিরু মিয়া রোডের পশ্চিম পাশ হতে লাল মিয়া রোডের পূর্ব পাশ'),
(1214, 109, 'লাল মিয়া রোডের পশ্চিম পাশ হতে মাণ্ডা খাল পাড়'),
(1215, 110, 'মাণ্ডা  খাল পাড় হতে সোনা মিয়া রোডের পূর্ব পাশ'),
(1216, 110, 'সোনা মিয়া রোডের পূর্ব পাশ হতে গনি মিস্ত্রির রাস্তার পশ্চিম পাশ'),
(1217, 110, 'গনি মিয়ার বাজার পূর্ব পাশ হতে জেলে পাড়া রাস্তার পশ্চিম পাশ'),
(1218, 110, 'জেলেপাড়া বাজার পূর্ব পাশ হতে গ্রীন মডেল টাউন'),
(1219, 117, 'নন্দীপাড়া বাজার'),
(1220, 117, 'দক্ষিণগাঁও নয়াবাগ'),
(1221, 117, 'কুসুমবাগ'),
(1222, 117, 'দক্ষিণগাঁও পশ্চিমপাড়া'),
(1223, 117, 'দক্ষিণগাঁও'),
(1224, 117, 'দক্ষিণগাঁও দাসপাড়া'),
(1225, 117, 'দক্ষিণগাঁও ৬ নং রোড'),
(1226, 117, 'দক্ষিণগাঁও শাহবাগ'),
(1227, 117, 'বেগুনবাড়ি'),
(1228, 117, 'মানিকদিয়া'),
(1229, 117, 'উত্তর মানিকদিয়া চেয়ারমানবাড়ী'),
(1230, 117, 'ভাইগদিয়া'),
(1231, 67, 'ডগাইর পূর্ব পুরাতন৭নং ওয়ার্ড অংশ'),
(1232, 67, 'বামৈল'),
(1233, 67, 'ডগাইর পূর্ব পুরাতন ৮নং ওয়ার্ড অংশ'),
(1234, 67, 'ডগাইর পশ্চিম পাড়া'),
(1235, 68, 'শুকুরশী জোকা'),
(1236, 68, 'সান্দিরা জোকা তিতাশ কলোনী'),
(1237, 68, 'সান্দিরা জোকা পুর্ব-পশ্চিম বক্সনগর ও করিম কলনী'),
(1238, 68, 'সারুলিয়া টেংরা দক্ষিণ পশ্চিম ও বাহির'),
(1239, 69, 'সারুলিয়া টেংরা করিম জুট্মিলস'),
(1240, 69, 'গোপ দক্ষিন হাজী নগর'),
(1241, 69, 'সারুলিয়া টেংরা (দক্ষিন , পশ্চিম ও বাহির টেংড়া রসুল নগর'),
(1242, 70, 'কামার গোপ খলাপাড়া'),
(1243, 70, 'কামার গোপ দক্ষিণ'),
(1244, 70, 'ডেমরা'),
(1245, 70, 'আহমদ বাওয়ানী টেক্সটাইল মিল'),
(1246, 70, 'লতিফ বাওয়ানী জুট মিল'),
(1247, 70, 'নড়াইবাগ'),
(1248, 70, 'মীরপাড়া'),
(1249, 70, 'রাজাখালী'),
(1250, 83, 'উত্তর কুতুবখালী'),
(1251, 83, 'দক্ষিণ কাজলা'),
(1252, 83, 'দক্ষিণ কাজলা নয়ানগর'),
(1253, 83, 'ছনটেক'),
(1254, 83, 'শেখদী'),
(1255, 83, 'গোবিন্দপুর'),
(1256, 83, 'উত্তর রায়েরবাগ'),
(1257, 84, 'কাজলার পাড়'),
(1258, 84, 'ভাগপ্রেস'),
(1259, 84, 'কাজীরগাঁও'),
(1260, 84, 'মাতুয়াইল পশ্চিমপাড়া'),
(1261, 84, 'মাতুয়াইল মাঝপাড়া'),
(1262, 84, 'মাতুয়াইল উত্তরপাড়া'),
(1263, 84, 'মাতুয়াইল শরীফ পাড়া'),
(1264, 85, 'কোনাপাড়া'),
(1265, 85, 'পুরাতন পাড়ার গাঁইর'),
(1266, 85, 'আইআরটিউবস ফ্যাক্টরি '),
(1267, 85, 'ধার্মিক পাড়া'),
(1268, 85, 'সিটি মিলস'),
(1269, 85, 'মল্লিকপাড়া'),
(1270, 85, 'পাড়া ডগার নতুন পাড়া'),
(1271, 72, 'মোমেন বাগ'),
(1272, 72, 'আদর্শবাগ'),
(1273, 72, 'রহমতপুর'),
(1274, 72, 'মধুবাগ'),
(1275, 72, 'মুসলিমনগর'),
(1276, 72, 'মোগল নগর'),
(1277, 72, 'খুরিয়াপাড়া'),
(1278, 72, 'কেরানী পাড়া'),
(1279, 72, 'দক্ষিণ পাড়া'),
(1280, 72, 'ভূইয়া বাড়ী'),
(1281, 72, 'খানবাড়ী'),
(1282, 72, 'রায়ের বাগ'),
(1283, 72, 'হাশেম রোড'),
(1284, 72, 'রায়েরবাগ থানা'),
(1285, 72, 'মাতুয়াইল মেডিকেল ও সাদ্দাম মার্কেট'),
(1286, 72, 'তুষারধারা'),
(1287, 72, 'গিরিধারা'),
(1288, 72, 'বিশ্ব রোডের দক্ষিণ অংশ'),
(1289, 88, 'কদমতলী'),
(1290, 88, 'কদমতলী শিল্প এলাকা-১'),
(1291, 88, 'নতুন কদমতলী'),
(1292, 88, 'নতুন শ্যামপুর'),
(1293, 88, 'আফসার করিম রোড'),
(1294, 88, 'বৌ-বাজার'),
(1295, 88, 'গ্যাস পাইপ'),
(1296, 88, 'নামা শ্যামপুর '),
(1297, 88, 'বাগান বাড়ী বাগিচা'),
(1298, 88, 'নতুন ওয়াসা রোড'),
(1299, 88, 'নামা শ্যামপুর '),
(1300, 88, 'আলী বহর'),
(1301, 88, 'রাজবাড়ী'),
(1302, 88, 'নতুন আলী বহর (বিক্রমপুর হাউজিং)'),
(1303, 88, 'দোলেশ্বর'),
(1304, 88, 'গুলবাগ'),
(1305, 131, 'চাঁখদা'),
(1306, 131, 'ঢাকা ম্যাচ'),
(1307, 131, 'রাজউক ২য় পর্ব'),
(1308, 131, 'ওয়াসা কলোনী'),
(1309, 131, 'মুন্সীখোলা তেলকল'),
(1310, 131, 'পূর্ব কদমতলী'),
(1311, 131, 'মোহাম্মদবাগ'),
(1312, 131, 'মেরাজনগর'),
(1313, 132, 'নুরপুর-১'),
(1314, 132, 'নুরপুর-২'),
(1315, 132, 'পাটেরবাগ'),
(1316, 132, 'মুক্তধারা'),
(1317, 132, 'ইসলামবাগ'),
(1318, 132, 'রসুলবাগ'),
(1319, 132, 'রহমতবাগ'),
(1320, 132, 'শাহজালালবাগ'),
(1321, 132, 'পলাশপুর'),
(1322, 132, 'জনতাবাগ'),
(1323, 132, 'স্মৃতিধারা'),
(1324, 132, 'দক্ষিণ রায়েরবাগ'),
(1325, 132, 'মেরাজনগর দনিয়ার অংশ'),
(1326, 132, 'মদিনাবাগ'),
(1327, 132, 'দক্ষিণ জনতাবাগ'),
(1328, 133, 'নুরবাগ'),
(1329, 133, 'পুরাতন দনিয়া-১'),
(1330, 133, 'পুরাতন দনিয়া-২'),
(1331, 133, 'দক্ষিণ দনিয়া-১'),
(1332, 133, 'দক্ষিণ দনিয়া-২'),
(1333, 133, 'সনাই'),
(1334, 133, 'দক্ষিণ কুতুবখালী'),
(1335, 133, 'কবিরাসবাগ'),
(1336, 133, 'রসুলপুর '),
(1337, 133, 'রসুলপুর '),
(1338, 133, 'দাসপাড়া'),
(1339, 133, 'নয়াপাড়া'),
(1340, 133, 'উত্তর দনিয়া'),
(1341, 134, 'Akbar Shah Central Area'),
(1342, 135, 'EPZ Central Area'),
(1343, 136, 'Karnaphuli Central Area'),
(1344, 137, 'Kotwali Chattogram Central Area'),
(1345, 138, 'Khulshi Central Area'),
(1346, 139, 'Chawkbazar Central Area'),
(1347, 140, 'Chandgaon Central Area'),
(1348, 141, 'Double Mooring Central Area'),
(1349, 142, 'Patenga Central Area'),
(1350, 143, 'Panchlaish Central Area'),
(1351, 144, 'Pahartali Central Area'),
(1352, 145, 'Bayezid Bostami Central Area'),
(1353, 146, 'Bandar Chattogram Central Area'),
(1354, 147, 'Bakalia Central Area'),
(1355, 148, 'Sadarghat Central Area'),
(1356, 149, 'Halishahar Central Area'),
(1357, 150, 'Kotwali Sylhet Central Area'),
(1358, 151, 'Jalalabad Central Area'),
(1359, 152, 'Dakshin Surma Central Area'),
(1360, 153, 'Bimanbandar Sylhet Central Area'),
(1361, 154, 'Moglabazar Central Area'),
(1362, 155, 'Shahporan Central Area'),
(1363, 156, 'Kaunia Barishal Central Area'),
(1364, 157, 'Kotwali Barishal Central Area'),
(1365, 158, 'Bandar Barishal Central Area'),
(1366, 159, 'Bimanbandar Barishal Central Area'),
(1367, 160, 'Khulna Sadar Central Area'),
(1368, 161, 'Rajshahi Sadar Central Area'),
(1369, 162, 'Gazipur Sadar Central Area'),
(1370, 163, 'Narayanganj Sadar Central Area'),
(1371, 164, 'Rangpur Sadar Central Area'),
(1372, 165, 'Cumilla Sadar Central Area'),
(1373, 166, 'Mymensingh Sadar Central Area');

-- --------------------------------------------------------

--
-- Table structure for table `central_notifications`
--

CREATE TABLE `central_notifications` (
  `notification_id` int(11) NOT NULL,
  `recipient_user_id` int(11) NOT NULL,
  `sender_user_id` int(11) DEFAULT NULL,
  `related_complaint_id` int(11) DEFAULT NULL,
  `notification_type` varchar(80) NOT NULL DEFAULT 'system',
  `notification_title` varchar(150) NOT NULL,
  `notification_message` text NOT NULL,
  `is_read` tinyint(1) NOT NULL DEFAULT 0,
  `created_at` datetime NOT NULL DEFAULT current_timestamp()
) ENGINE=InnoDB DEFAULT CHARSET=utf8mb4 COLLATE=utf8mb4_general_ci;

--
-- Dumping data for table `central_notifications`
--

INSERT INTO `central_notifications` (`notification_id`, `recipient_user_id`, `sender_user_id`, `related_complaint_id`, `notification_type`, `notification_title`, `notification_message`, `is_read`, `created_at`) VALUES
(1, 4, 1, 28, 'comment_reply', 'New Comment on Complaint', 'A new comment was added to complaint DG-20260601-66730.', 1, '2026-06-04 10:24:38'),
(2, 4, 1, 28, 'comment_reply', 'New Comment on Complaint', 'A new comment was added to complaint DG-20260601-66730.', 1, '2026-06-04 10:59:19'),
(3, 4, 5, 33, 'complaint_received', 'Ward Accepted Complaint', 'Complaint #DG-20260601-12951 routed by you has been verified by the Ward Officer.', 1, '2026-06-04 12:58:01'),
(4, 4, 5, 34, 'complaint_rejected', 'Ward Rejected Complaint', 'Complaint #DG-20260604-63993 routed by you was rejected by the Ward Officer.', 1, '2026-06-04 13:00:22'),
(5, 4, 1, 34, 'comment_reply', 'New Comment on Complaint', 'A new comment was added to complaint DG-20260604-63993.', 1, '2026-06-04 13:04:11'),
(6, 4, 1, 34, 'comment_reply', 'New Comment on Complaint', 'A new comment was added to complaint DG-20260604-63993.', 1, '2026-06-04 13:39:36'),
(8, 4, 6, 27, 'complaint_rejected', 'Ward Marked Duplicate', 'Complaint #DG-20260601-35614 routed by you was marked as a duplicate.', 1, '2026-06-04 15:38:10'),
(9, 4, 1, 27, 'comment_reply', 'New Comment on Complaint', 'A new comment was added to complaint DG-20260601-35614.', 1, '2026-06-04 15:39:09'),
(10, 4, 6, 27, 'comment_reply', 'New Reply to Your Comment', 'Someone replied to your comment on complaint DG-20260601-35614.', 1, '2026-06-04 15:40:20'),
(11, 4, 6, 27, 'comment_reply', 'New Reply to Your Comment', 'Someone replied to your comment on complaint DG-20260601-35614.', 1, '2026-06-04 15:47:50'),
(12, 4, 7, 36, 'complaint_rejected', 'Ward Rejected Complaint', 'Complaint #DG-20260604-46464 routed by you was rejected by the Ward Officer.', 0, '2026-06-04 15:59:17'),
(13, 4, 5, 25, 'complaint_received', 'Ward Accepted Complaint', 'Complaint #DG-20260601-66917 routed by you has been verified by the Ward Officer.', 0, '2026-06-04 16:12:37'),
(14, 4, 7, 32, 'complaint_received', 'Ward Accepted Complaint', 'Complaint #DG-20260601-42274 routed by you has been verified by the Ward Officer.', 1, '2026-06-04 16:30:29'),
(15, 4, 5, 25, 'complaint_status_updated', 'Maintenance Team Assigned', 'Ward Officer assigned complaint #DG-20260601-66917 to maintenance team \"team mars rover\".', 1, '2026-06-04 18:05:17'),
(16, 4, 7, 32, 'complaint_status_updated', 'Maintenance Team Assigned', 'Ward Officer assigned complaint #DG-20260601-42274 to maintenance team \"team mongol tori\".', 0, '2026-06-04 18:16:58'),
(22, 4, 5, 37, 'complaint_received', 'Ward Accepted Complaint', 'Complaint #DG-20260605-64450 routed by you has been verified by the Ward Officer.', 1, '2026-06-05 02:23:07'),
(23, 4, 5, 37, 'complaint_status_updated', 'Maintenance Team Assigned', 'Ward Officer assigned complaint #DG-20260605-64450 to maintenance team \"team mars rover\".', 1, '2026-06-05 02:23:25'),
(24, 4, 5, 37, 'complaint_status_updated', 'Maintenance Team Assigned', 'Ward Officer assigned complaint #DG-20260605-64450 to maintenance team \"team mars rover\".', 1, '2026-06-05 02:27:55'),
(25, 4, 5, 37, 'complaint_status_updated', 'Maintenance Team Assigned', 'Ward Officer assigned complaint #DG-20260605-64450 to maintenance team \"team mars rover\".', 1, '2026-06-05 02:56:08'),
(26, 4, 5, 56, 'complaint_received', 'Ward Accepted Complaint', 'Complaint #DG-20260605-40954 routed by you has been verified by the Ward Officer.', 0, '2026-06-05 09:42:14'),
(27, 4, 5, 57, 'complaint_rejected', 'Ward Rejected Complaint', 'Complaint #DG-20260605-22380 routed by you was rejected by the Ward Officer.', 0, '2026-06-05 09:42:26'),
(28, 4, 5, 30, 'complaint_rejected', 'Ward Marked Duplicate', 'Complaint #DG-20260601-59321 routed by you was marked as a duplicate.', 1, '2026-06-05 09:42:32'),
(29, 4, 6, 72, 'complaint_received', 'Ward Accepted Complaint', 'Complaint #DG-20260605-60416 routed by you has been verified by the Ward Officer.', 0, '2026-06-05 09:56:58'),
(30, 4, 7, 58, 'complaint_received', 'Ward Accepted Complaint', 'Complaint #DG-20260605-81889 routed by you has been verified by the Ward Officer.', 0, '2026-06-05 09:57:18'),
(31, 4, 7, 71, 'complaint_received', 'Ward Accepted Complaint', 'Complaint #DG-20260605-63522 routed by you has been verified by the Ward Officer.', 0, '2026-06-05 09:57:21'),
(32, 4, 7, 26, 'complaint_received', 'Ward Accepted Complaint', 'Complaint #DG-20260601-30688 routed by you has been verified by the Ward Officer.', 0, '2026-06-05 09:57:24'),
(33, 4, 7, 58, 'complaint_status_updated', 'Maintenance Team Assigned', 'Ward Officer assigned complaint #DG-20260605-81889 to maintenance team \"team mongol tori\".', 0, '2026-06-05 09:57:41'),
(34, 4, 7, 71, 'complaint_status_updated', 'Maintenance Team Assigned', 'Ward Officer assigned complaint #DG-20260605-63522 to maintenance team \"team mongol tori\".', 0, '2026-06-05 09:57:51'),
(35, 4, 7, 26, 'complaint_status_updated', 'Maintenance Team Assigned', 'Ward Officer assigned complaint #DG-20260601-30688 to maintenance team \"team mongol tori\".', 0, '2026-06-05 09:58:04'),
(36, 4, 5, 56, 'complaint_status_updated', 'Maintenance Team Assigned', 'Ward Officer assigned complaint #DG-20260605-40954 to maintenance team \"team mars rover\".', 0, '2026-06-05 09:59:18'),
(37, 4, 6, 72, 'complaint_status_updated', 'Maintenance Team Assigned', 'Ward Officer assigned complaint #DG-20260605-60416 to maintenance team \"Team night fighters\".', 1, '2026-06-05 09:59:52'),
(39, 3, 1, 60, 'system', 'New Complaint Submitted', 'A new complaint (DG-20260605-77372) has been submitted and is waiting for your action.', 0, '2026-06-04 19:18:46'),
(40, 4, 1, 60, 'system', 'New Complaint Submitted', 'A new complaint (DG-20260605-77372) has been submitted and is waiting for your action.', 0, '2026-06-04 19:18:46'),
(41, 3, 1, 63, 'system', 'New Complaint Submitted', 'A new complaint (DG-20260605-39582) has been submitted and is waiting for your action.', 0, '2026-06-04 19:43:23'),
(42, 4, 1, 63, 'system', 'New Complaint Submitted', 'A new complaint (DG-20260605-39582) has been submitted and is waiting for your action.', 0, '2026-06-04 19:43:23'),
(43, 3, 1, 64, 'system', 'New Complaint Submitted', 'A new complaint (DG-20260605-50954) has been submitted and is waiting for your action.', 0, '2026-06-04 19:51:23'),
(44, 4, 1, 64, 'system', 'New Complaint Submitted', 'A new complaint (DG-20260605-50954) has been submitted and is waiting for your action.', 0, '2026-06-04 19:51:23'),
(45, 3, 1, 65, 'system', 'New Complaint Submitted', 'A new complaint (DG-20260605-68273) has been submitted and is waiting for your action.', 0, '2026-06-04 19:55:48'),
(46, 4, 1, 65, 'system', 'New Complaint Submitted', 'A new complaint (DG-20260605-68273) has been submitted and is waiting for your action.', 0, '2026-06-04 19:55:48'),
(47, 3, 1, 66, 'system', 'New Complaint Submitted', 'A new complaint (DG-20260605-76175) has been submitted and is waiting for your action.', 0, '2026-06-04 20:02:13'),
(48, 4, 1, 66, 'system', 'New Complaint Submitted', 'A new complaint (DG-20260605-76175) has been submitted and is waiting for your action.', 0, '2026-06-04 20:02:13'),
(49, 3, 1, 67, 'system', 'New Complaint Submitted', 'A new complaint (DG-20260605-39334) has been submitted and is waiting for your action.', 0, '2026-06-04 20:05:52'),
(50, 4, 1, 67, 'system', 'New Complaint Submitted', 'A new complaint (DG-20260605-39334) has been submitted and is waiting for your action.', 0, '2026-06-04 20:05:52'),
(51, 3, 1, 68, 'system', 'New Complaint Submitted', 'A new complaint (DG-20260605-21701) has been submitted and is waiting for your action.', 0, '2026-06-04 20:10:28'),
(52, 4, 1, 68, 'system', 'New Complaint Submitted', 'A new complaint (DG-20260605-21701) has been submitted and is waiting for your action.', 0, '2026-06-04 20:10:28'),
(53, 3, 1, 69, 'system', 'New Complaint Submitted', 'A new complaint (DG-20260605-70215) has been submitted and is waiting for your action.', 0, '2026-06-04 20:13:29'),
(54, 4, 1, 69, 'system', 'New Complaint Submitted', 'A new complaint (DG-20260605-70215) has been submitted and is waiting for your action.', 0, '2026-06-04 20:13:29'),
(55, 3, 1, 70, 'system', 'New Complaint Submitted', 'A new complaint (DG-20260605-10983) has been submitted and is waiting for your action.', 1, '2026-06-04 20:21:06'),
(56, 4, 1, 70, 'system', 'New Complaint Submitted', 'A new complaint (DG-20260605-10983) has been submitted and is waiting for your action.', 0, '2026-06-04 20:21:06'),
(58, 4, 5, 64, 'complaint_received', 'Ward Accepted Complaint', 'Complaint #DG-20260605-50954 routed by you has been verified by the Ward Officer.', 0, '2026-06-05 14:15:29'),
(59, 4, 5, 70, 'complaint_received', 'Ward Accepted Complaint', 'Complaint #DG-20260605-10983 routed by you has been verified by the Ward Officer.', 0, '2026-06-05 14:15:33'),
(61, 4, 5, 64, 'complaint_status_updated', 'Maintenance Team Assigned', 'Ward Officer assigned complaint #DG-20260605-50954 to maintenance team \"team mars rover\".', 0, '2026-06-05 14:22:16'),
(62, 4, 5, 37, 'complaint_status_updated', 'Maintenance Team Assigned', 'Ward Officer assigned complaint #DG-20260605-64450 to maintenance team \"team mars rover\".', 0, '2026-06-05 14:22:28'),
(69, 3, 15, 78, 'complaint_submitted', 'New Complaint Received', 'A new complaint (DG-20260605-51537) has been submitted by a citizen.', 1, '2026-06-05 20:19:26'),
(70, 4, 15, 78, 'complaint_submitted', 'New Complaint Received', 'A new complaint (DG-20260605-51537) has been submitted by a citizen.', 0, '2026-06-05 20:19:26'),
(71, 3, 15, 79, 'complaint_submitted', 'New Complaint Received', 'A new complaint (DG-20260605-55724) has been submitted by a citizen.', 0, '2026-06-05 20:56:54'),
(72, 4, 15, 79, 'complaint_submitted', 'New Complaint Received', 'A new complaint (DG-20260605-55724) has been submitted by a citizen.', 0, '2026-06-05 20:56:54'),
(73, 3, 15, 80, 'complaint_submitted', 'New Complaint Received', 'A new complaint (DG-20260605-68188) has been submitted by a citizen.', 0, '2026-06-05 20:58:37'),
(74, 4, 15, 80, 'complaint_submitted', 'New Complaint Received', 'A new complaint (DG-20260605-68188) has been submitted by a citizen.', 0, '2026-06-05 20:58:37'),
(75, 3, 15, 81, 'complaint_submitted', 'New Complaint Received', 'A new complaint (DG-20260605-44561) has been submitted by a citizen.', 0, '2026-06-05 20:59:46'),
(76, 4, 15, 81, 'complaint_submitted', 'New Complaint Received', 'A new complaint (DG-20260605-44561) has been submitted by a citizen.', 0, '2026-06-05 20:59:46'),
(77, 3, 15, 82, 'complaint_submitted', 'New Complaint Received', 'A new complaint (DG-20260605-76234) has been submitted by a citizen.', 0, '2026-06-05 21:01:11'),
(78, 4, 15, 82, 'complaint_submitted', 'New Complaint Received', 'A new complaint (DG-20260605-76234) has been submitted by a citizen.', 0, '2026-06-05 21:01:11'),
(79, 3, 15, 83, 'complaint_submitted', 'New Complaint Received', 'A new complaint (DG-20260605-61171) has been submitted by a citizen.', 1, '2026-06-05 21:02:43'),
(80, 4, 15, 83, 'complaint_submitted', 'New Complaint Received', 'A new complaint (DG-20260605-61171) has been submitted by a citizen.', 0, '2026-06-05 21:02:43'),
(81, 3, 15, 84, 'complaint_submitted', 'New Complaint Received', 'A new complaint (DG-20260605-37588) has been submitted by a citizen.', 1, '2026-06-05 21:05:44'),
(82, 4, 15, 84, 'complaint_submitted', 'New Complaint Received', 'A new complaint (DG-20260605-37588) has been submitted by a citizen.', 0, '2026-06-05 21:05:44'),
(83, 3, 15, 85, 'complaint_submitted', 'New Complaint Received', 'A new complaint (DG-20260605-83131) has been submitted by a citizen.', 1, '2026-06-05 21:06:49'),
(84, 4, 15, 85, 'complaint_submitted', 'New Complaint Received', 'A new complaint (DG-20260605-83131) has been submitted by a citizen.', 0, '2026-06-05 21:06:49'),
(85, 3, 15, 86, 'complaint_submitted', 'New Complaint Received', 'A new complaint (DG-20260605-65882) has been submitted by a citizen.', 1, '2026-06-05 21:08:00'),
(86, 4, 15, 86, 'complaint_submitted', 'New Complaint Received', 'A new complaint (DG-20260605-65882) has been submitted by a citizen.', 0, '2026-06-05 21:08:00'),
(87, 3, 15, 85, 'comment_reply', 'New Comment on Complaint', 'A new comment was added to complaint DG-20260605-83131.', 1, '2026-06-05 22:04:11'),
(88, 3, 15, 85, 'comment_reply', 'New Reply to Your Comment', 'Someone replied to your comment on complaint DG-20260605-83131.', 1, '2026-06-05 22:05:01'),
(89, 3, 15, 82, 'comment_reply', 'New Comment on Complaint', 'A new comment was added to complaint DG-20260605-76234.', 1, '2026-06-05 23:25:01'),
(90, 3, 15, 84, 'comment_reply', 'New Comment on Complaint', 'A new comment was added to complaint DG-20260605-37588.', 1, '2026-06-05 23:25:19'),
(91, 3, 17, 82, 'comment_reply', 'New Reply to Your Comment', 'Someone replied to your comment on complaint DG-20260605-76234.', 1, '2026-06-05 23:28:59'),
(92, 3, 17, 81, 'ward_accept_verify', 'Complaint Verified by Ward Officer', 'Ward Officer has verified complaint DG-20260605-44561. Please check the complaint status from the Central Complaints page.', 1, '2026-06-05 23:30:26'),
(93, 3, 17, 80, 'ward_accept_verify', 'Complaint Verified by Ward Officer', 'Ward Officer has verified complaint DG-20260605-68188. Please check the complaint status from the Central Complaints page.', 0, '2026-06-05 23:31:01'),
(94, 3, 17, 79, 'ward_accept_verify', 'Complaint Verified by Ward Officer', 'Ward Officer has verified complaint DG-20260605-55724. Please check the complaint status from the Central Complaints page.', 0, '2026-06-05 23:31:04'),
(95, 3, 17, 86, 'complaint_status_updated', 'Maintenance Team Assigned', 'Ward Officer assigned complaint #DG-20260605-65882 to maintenance team \"team mars rover\".', 1, '2026-06-05 23:31:57'),
(96, 3, 17, 83, 'complaint_status_updated', 'Maintenance Team Assigned', 'Ward Officer assigned complaint #DG-20260605-61171 to maintenance team \"Uttara Falcon\".', 0, '2026-06-05 23:35:38'),
(97, 3, 17, 81, 'complaint_status_updated', 'Maintenance Team Assigned', 'Ward Officer assigned complaint #DG-20260605-44561 to maintenance team \"Uttara kings\".', 0, '2026-06-05 23:35:53'),
(98, 3, 17, 80, 'complaint_status_updated', 'Maintenance Team Assigned', 'Ward Officer assigned complaint #DG-20260605-68188 to maintenance team \"Uttara Falcon\".', 1, '2026-06-05 23:36:05'),
(99, 3, 17, 79, 'complaint_status_updated', 'Maintenance Team Assigned', 'Ward Officer assigned complaint #DG-20260605-55724 to maintenance team \"Uttara Falcon\".', 1, '2026-06-05 23:59:38'),
(100, 3, 11, 86, 'maintenance_start_work', 'Maintenance Work Started', 'Maintenance Team has started work on complaint DG-20260605-65882.', 1, '2026-06-06 00:30:38'),
(101, 4, 11, 37, 'maintenance_start_work', 'Maintenance Work Started', 'Maintenance Team has started work on complaint DG-20260605-64450.', 1, '2026-06-06 00:30:44'),
(102, 3, 19, 79, 'maintenance_completion_proof_submitted', 'Completion Proof Submitted', 'Maintenance Team submitted completion proof for complaint DG-20260605-55724. The complaint is now waiting for inspector review.', 0, '2026-06-06 01:08:59'),
(103, 3, 19, 80, 'maintenance_completion_proof_submitted', 'Completion Proof Submitted', 'Maintenance Team submitted completion proof for complaint DG-20260605-68188. The complaint is now waiting for inspector review.', 0, '2026-06-06 01:09:25'),
(104, 3, 19, 83, 'maintenance_completion_proof_submitted', 'Completion Proof Submitted', 'Maintenance Team submitted completion proof for complaint DG-20260605-61171. The complaint is now waiting for inspector review.', 1, '2026-06-06 01:09:35'),
(105, 3, 16, 83, 'inspector_review_started', 'Inspector Review Started', 'Inspector has started reviewing complaint DG-20260605-61171.', 0, '2026-06-06 01:15:59'),
(106, 3, 16, 80, 'inspector_review_started', 'Inspector Review Started', 'Inspector has started reviewing complaint DG-20260605-68188.', 1, '2026-06-06 01:16:06'),
(107, 3, 16, 79, 'inspector_review_started', 'Inspector Review Started', 'Inspector has started reviewing complaint DG-20260605-55724.', 0, '2026-06-06 01:19:50'),
(108, 3, 16, 83, 'inspector_work_approved', 'Work Approved by Inspector', 'Inspector approved the completed work for complaint DG-20260605-61171. The complaint is now closed/solved.', 1, '2026-06-06 01:20:05'),
(109, 3, 16, 79, 'inspector_work_approved', 'Work Approved by Inspector', 'Inspector approved the completed work for complaint DG-20260605-55724. The complaint is now closed/solved.', 0, '2026-06-06 01:24:32'),
(110, 3, 18, 81, 'maintenance_completion_proof_submitted', 'Completion Proof Submitted', 'Maintenance Team submitted completion proof for complaint DG-20260605-44561. The complaint is now waiting for inspector review.', 0, '2026-06-06 01:34:24'),
(111, 3, 16, 81, 'inspector_review_started', 'Inspector Review Started', 'Inspector has started reviewing complaint DG-20260605-44561.', 0, '2026-06-06 01:34:38'),
(112, 3, 15, 83, 'citizen_objection_submitted', 'Citizen Submitted Objection', 'Citizen submitted an objection for complaint DG-20260605-61171. Please review the objection details.', 0, '2026-06-06 02:06:13'),
(113, 3, 17, 81, 'ward_confirm_inspector_claim', 'Inspector Claim Confirmed by Ward Officer', 'Inspector\'s false completion claim confirmed for complaint DG-20260605-44561. Ward Officer has validated the case.', 1, '2026-06-06 02:52:22'),
(114, 3, 17, 80, 'ward_reject_inspector_claim', 'Inspector Claim Rejected by Ward Officer', 'Complaint DG-20260605-68188 has been successfully solved. Inspector\'s false claim was rejected by Ward Officer.', 1, '2026-06-06 02:52:29'),
(115, 3, 17, 83, 'ward_citizen_claim_true', 'Citizen Claim Marked True', 'Ward Officer marked the citizen claim as true for complaint. The objection has been accepted and case reopened.', 1, '2026-06-06 02:52:43'),
(116, 3, 17, 81, 'ward_reopen_assign_team', 'Reopened Complaint Assigned', 'Ward Officer assigned a team for reopened complaint DG-20260605-44561. The complaint has moved forward again.', 1, '2026-06-06 02:53:13'),
(117, 3, 21, 87, 'complaint_submitted', 'New Complaint Received', 'A new complaint (DG-20260606-63863) has been submitted by a citizen.', 0, '2026-06-06 08:43:07'),
(118, 4, 21, 87, 'complaint_submitted', 'New Complaint Received', 'A new complaint (DG-20260606-63863) has been submitted by a citizen.', 1, '2026-06-06 08:43:07'),
(119, 22, 21, 87, 'complaint_submitted', 'New Complaint Received', 'A new complaint (DG-20260606-63863) has been submitted by a citizen.', 0, '2026-06-06 08:43:07'),
(120, 3, 21, 88, 'complaint_submitted', 'New Complaint Received', 'A new complaint (DG-20260606-76261) has been submitted by a citizen.', 0, '2026-06-06 08:44:51'),
(121, 4, 21, 88, 'complaint_submitted', 'New Complaint Received', 'A new complaint (DG-20260606-76261) has been submitted by a citizen.', 0, '2026-06-06 08:44:51'),
(122, 22, 21, 88, 'complaint_submitted', 'New Complaint Received', 'A new complaint (DG-20260606-76261) has been submitted by a citizen.', 0, '2026-06-06 08:44:51'),
(123, 3, 21, 89, 'complaint_submitted', 'New Complaint Received', 'A new complaint (DG-20260606-18858) has been submitted by a citizen.', 0, '2026-06-06 08:46:04'),
(124, 4, 21, 89, 'complaint_submitted', 'New Complaint Received', 'A new complaint (DG-20260606-18858) has been submitted by a citizen.', 0, '2026-06-06 08:46:04'),
(125, 22, 21, 89, 'complaint_submitted', 'New Complaint Received', 'A new complaint (DG-20260606-18858) has been submitted by a citizen.', 0, '2026-06-06 08:46:04'),
(126, 3, 21, 90, 'complaint_submitted', 'New Complaint Received', 'A new complaint (DG-20260606-19649) has been submitted by a citizen.', 0, '2026-06-06 08:47:24'),
(127, 4, 21, 90, 'complaint_submitted', 'New Complaint Received', 'A new complaint (DG-20260606-19649) has been submitted by a citizen.', 0, '2026-06-06 08:47:24'),
(128, 22, 21, 90, 'complaint_submitted', 'New Complaint Received', 'A new complaint (DG-20260606-19649) has been submitted by a citizen.', 0, '2026-06-06 08:47:24'),
(129, 3, 21, 91, 'complaint_submitted', 'New Complaint Received', 'A new complaint (DG-20260606-81123) has been submitted by a citizen.', 0, '2026-06-06 08:48:44'),
(130, 4, 21, 91, 'complaint_submitted', 'New Complaint Received', 'A new complaint (DG-20260606-81123) has been submitted by a citizen.', 0, '2026-06-06 08:48:44'),
(131, 22, 21, 91, 'complaint_submitted', 'New Complaint Received', 'A new complaint (DG-20260606-81123) has been submitted by a citizen.', 0, '2026-06-06 08:48:44'),
(132, 3, 21, 92, 'complaint_submitted', 'New Complaint Received', 'A new complaint (DG-20260606-66666) has been submitted by a citizen.', 0, '2026-06-06 08:49:53'),
(133, 4, 21, 92, 'complaint_submitted', 'New Complaint Received', 'A new complaint (DG-20260606-66666) has been submitted by a citizen.', 0, '2026-06-06 08:49:53'),
(134, 22, 21, 92, 'complaint_submitted', 'New Complaint Received', 'A new complaint (DG-20260606-66666) has been submitted by a citizen.', 0, '2026-06-06 08:49:53'),
(135, 3, 21, 93, 'complaint_submitted', 'New Complaint Received', 'A new complaint (DG-20260606-15711) has been submitted by a citizen.', 0, '2026-06-06 08:51:28'),
(136, 4, 21, 93, 'complaint_submitted', 'New Complaint Received', 'A new complaint (DG-20260606-15711) has been submitted by a citizen.', 0, '2026-06-06 08:51:28'),
(137, 22, 21, 93, 'complaint_submitted', 'New Complaint Received', 'A new complaint (DG-20260606-15711) has been submitted by a citizen.', 0, '2026-06-06 08:51:28'),
(138, 3, 21, 94, 'complaint_submitted', 'New Complaint Received', 'A new complaint (DG-20260606-88399) has been submitted by a citizen.', 0, '2026-06-06 08:52:35'),
(139, 4, 21, 94, 'complaint_submitted', 'New Complaint Received', 'A new complaint (DG-20260606-88399) has been submitted by a citizen.', 1, '2026-06-06 08:52:35'),
(140, 22, 21, 94, 'complaint_submitted', 'New Complaint Received', 'A new complaint (DG-20260606-88399) has been submitted by a citizen.', 0, '2026-06-06 08:52:35'),
(141, 3, 21, 95, 'complaint_submitted', 'New Complaint Received', 'A new complaint (DG-20260606-12561) has been submitted by a citizen.', 0, '2026-06-06 08:53:50'),
(142, 4, 21, 95, 'complaint_submitted', 'New Complaint Received', 'A new complaint (DG-20260606-12561) has been submitted by a citizen.', 1, '2026-06-06 08:53:50'),
(143, 22, 21, 95, 'complaint_submitted', 'New Complaint Received', 'A new complaint (DG-20260606-12561) has been submitted by a citizen.', 1, '2026-06-06 08:53:50'),
(144, 3, 21, 96, 'complaint_submitted', 'New Complaint Received', 'A new complaint (DG-20260606-41196) has been submitted by a citizen.', 0, '2026-06-06 08:55:10'),
(145, 4, 21, 96, 'complaint_submitted', 'New Complaint Received', 'A new complaint (DG-20260606-41196) has been submitted by a citizen.', 1, '2026-06-06 08:55:10'),
(146, 22, 21, 96, 'complaint_submitted', 'New Complaint Received', 'A new complaint (DG-20260606-41196) has been submitted by a citizen.', 1, '2026-06-06 08:55:10'),
(147, 22, 21, 95, 'comment_reply', 'New Comment on Complaint', 'A new comment was added to complaint DG-20260606-12561.', 1, '2026-06-06 08:56:58'),
(148, 22, 21, 95, 'comment_reply', 'New Reply to Your Comment', 'Someone replied to your comment on complaint DG-20260606-12561.', 1, '2026-06-06 08:59:52'),
(149, 22, 24, 96, 'ward_accept_verify', 'Complaint Verified by Ward Officer', 'Ward Officer has verified complaint DG-20260606-41196. Please check the complaint status from the Central Complaints page.', 0, '2026-06-06 09:09:41'),
(150, 22, 24, 91, 'ward_reject', 'Complaint Rejected by Ward Officer', 'Ward Officer has rejected complaint DG-20260606-81123. Please check the complaint from the Central Complaints page. Reason: somoy nai', 0, '2026-06-06 09:09:50'),
(151, 22, 24, 92, 'ward_duplicate', 'Complaint Marked as Duplicate', 'Ward Officer marked complaint DG-20260606-66666 as duplicate. Please check the complaint from the Central Complaints page. Information: eita already verified problem', 1, '2026-06-06 09:10:04'),
(152, 22, 21, 91, 'comment_reply', 'New Comment on Complaint', 'A new comment was added to complaint DG-20260606-81123.', 1, '2026-06-06 09:11:30'),
(153, 22, 24, 90, 'ward_accept_verify', 'Complaint Verified by Ward Officer', 'Ward Officer has verified complaint DG-20260606-19649. Please check the complaint status from the Central Complaints page.', 0, '2026-06-06 09:12:39'),
(154, 22, 24, 88, 'ward_accept_verify', 'Complaint Verified by Ward Officer', 'Ward Officer has verified complaint DG-20260606-76261. Please check the complaint status from the Central Complaints page.', 0, '2026-06-06 09:12:42'),
(155, 22, 24, 87, 'ward_accept_verify', 'Complaint Verified by Ward Officer', 'Ward Officer has verified complaint DG-20260606-63863. Please check the complaint status from the Central Complaints page.', 0, '2026-06-06 09:12:44'),
(156, 22, 24, 93, 'ward_accept_verify', 'Complaint Verified by Ward Officer', 'Ward Officer has verified complaint DG-20260606-15711. Please check the complaint status from the Central Complaints page.', 0, '2026-06-06 09:12:46'),
(157, 22, 24, 96, 'complaint_status_updated', 'Maintenance Team Assigned', 'Ward Officer assigned complaint #DG-20260606-41196 to maintenance team \"Mohammadpur Drain Maintenance Unit\".', 0, '2026-06-06 09:25:17'),
(158, 22, 24, 90, 'complaint_status_updated', 'Maintenance Team Assigned', 'Ward Officer assigned complaint #DG-20260606-19649 to maintenance team \"Mohammadpur Drain Maintenance Unit\".', 0, '2026-06-06 09:25:39'),
(159, 22, 24, 88, 'complaint_status_updated', 'Maintenance Team Assigned', 'Ward Officer assigned complaint #DG-20260606-76261 to maintenance team \"Mohammadpur Drain Maintenance Unit\".', 0, '2026-06-06 09:25:50'),
(160, 22, 24, 87, 'complaint_status_updated', 'Maintenance Team Assigned', 'Ward Officer assigned complaint #DG-20260606-63863 to maintenance team \"Mohammadpur Drainage Response Team\".', 1, '2026-06-06 09:26:05'),
(161, 22, 24, 93, 'complaint_status_updated', 'Maintenance Team Assigned', 'Ward Officer assigned complaint #DG-20260606-15711 to maintenance team \"Mohammadpur Drainage Response Team\".', 1, '2026-06-06 09:26:15'),
(162, 22, 25, 96, 'maintenance_start_work', 'Maintenance Work Started', 'Maintenance Team has started work on complaint DG-20260606-41196.', 1, '2026-06-06 09:30:26'),
(163, 22, 25, 88, 'maintenance_start_work', 'Maintenance Work Started', 'Maintenance Team has started work on complaint DG-20260606-76261.', 0, '2026-06-06 09:33:05'),
(164, 22, 25, 90, 'maintenance_start_work', 'Maintenance Work Started', 'Maintenance Team has started work on complaint DG-20260606-19649.', 0, '2026-06-06 09:33:11'),
(165, 22, 25, 90, 'maintenance_completion_proof_submitted', 'Completion Proof Submitted', 'Maintenance Team submitted completion proof for complaint DG-20260606-19649. The complaint is now waiting for inspector review.', 0, '2026-06-06 09:38:27'),
(166, 22, 25, 88, 'maintenance_completion_proof_submitted', 'Completion Proof Submitted', 'Maintenance Team submitted completion proof for complaint DG-20260606-76261. The complaint is now waiting for inspector review.', 0, '2026-06-06 09:38:45'),
(167, 22, 25, 96, 'maintenance_completion_proof_submitted', 'Completion Proof Submitted', 'Maintenance Team submitted completion proof for complaint DG-20260606-41196. The complaint is now waiting for inspector review.', 1, '2026-06-06 09:38:56'),
(168, 22, 26, 87, 'maintenance_start_work', 'Maintenance Work Started', 'Maintenance Team has started work on complaint DG-20260606-63863.', 0, '2026-06-06 09:40:29'),
(169, 22, 26, 87, 'maintenance_completion_proof_submitted', 'Completion Proof Submitted', 'Maintenance Team submitted completion proof for complaint DG-20260606-63863. The complaint is now waiting for inspector review.', 0, '2026-06-06 09:40:53'),
(170, 22, 23, 87, 'inspector_review_started', 'Inspector Review Started', 'Inspector has started reviewing complaint DG-20260606-63863.', 0, '2026-06-06 09:41:20'),
(171, 22, 23, 96, 'inspector_review_started', 'Inspector Review Started', 'Inspector has started reviewing complaint DG-20260606-41196.', 0, '2026-06-06 09:41:33'),
(172, 22, 23, 88, 'inspector_review_started', 'Inspector Review Started', 'Inspector has started reviewing complaint DG-20260606-76261.', 1, '2026-06-06 09:41:46'),
(173, 22, 23, 87, 'inspector_work_approved', 'Work Approved by Inspector', 'Inspector approved the completed work for complaint DG-20260606-63863. The complaint is now closed/solved.', 1, '2026-06-06 09:43:32'),
(174, 22, 23, 96, 'inspector_work_approved', 'Work Approved by Inspector', 'Inspector approved the completed work for complaint DG-20260606-41196. The complaint is now closed/solved.', 1, '2026-06-06 09:43:39'),
(175, 22, 23, 90, 'inspector_review_started', 'Inspector Review Started', 'Inspector has started reviewing complaint DG-20260606-19649.', 0, '2026-06-06 09:47:03'),
(176, 22, 21, 87, 'citizen_objection_submitted', 'Citizen Submitted Objection', 'Citizen submitted an objection for complaint DG-20260606-63863. Please review the objection details.', 0, '2026-06-06 09:48:25'),
(177, 22, 24, 90, 'ward_confirm_inspector_claim', 'Inspector Claim Confirmed by Ward Officer', 'Inspector\'s false completion claim confirmed for complaint DG-20260606-19649. Ward Officer has validated the case.', 0, '2026-06-06 09:49:18'),
(178, 22, 24, 88, 'ward_reject_inspector_claim', 'Inspector Claim Rejected by Ward Officer', 'Complaint DG-20260606-76261 has been successfully solved. Inspector\'s false claim was rejected by Ward Officer.', 0, '2026-06-06 09:49:29'),
(179, 22, 24, 90, 'ward_reopen_assign_team', 'Reopened Complaint Assigned', 'Ward Officer assigned a team for reopened complaint DG-20260606-19649. The complaint has moved forward again.', 0, '2026-06-06 09:49:51'),
(180, 22, 21, 88, 'citizen_objection_submitted', 'Citizen Submitted Objection', 'Citizen submitted an objection for complaint DG-20260606-76261. Please review the objection details.', 0, '2026-06-06 09:50:37'),
(181, 22, 24, 88, 'ward_citizen_claim_true', 'Citizen Claim Marked True', 'Ward Officer marked the citizen claim as true for complaint. The objection has been accepted and case reopened.', 0, '2026-06-06 09:51:04'),
(182, 22, 24, 87, 'ward_citizen_claim_false', 'Citizen Claim Marked False', 'Ward Officer marked the citizen claim as false for this complaint. The objection was rejected.', 0, '2026-06-06 09:51:09'),
(183, 3, 1, 97, 'complaint_submitted', 'New Complaint Received', 'A new complaint (DG-20260606-57047) has been submitted by a citizen.', 0, '2026-06-06 18:31:07'),
(184, 4, 1, 97, 'complaint_submitted', 'New Complaint Received', 'A new complaint (DG-20260606-57047) has been submitted by a citizen.', 1, '2026-06-06 18:31:07'),
(185, 22, 1, 97, 'complaint_submitted', 'New Complaint Received', 'A new complaint (DG-20260606-57047) has been submitted by a citizen.', 0, '2026-06-06 18:31:07'),
(186, 3, 27, 98, 'complaint_submitted', 'New Complaint Received', 'A new complaint (DG-20260606-21337) has been submitted by a citizen.', 0, '2026-06-06 21:30:41'),
(187, 4, 27, 98, 'complaint_submitted', 'New Complaint Received', 'A new complaint (DG-20260606-21337) has been submitted by a citizen.', 0, '2026-06-06 21:30:41'),
(188, 22, 27, 98, 'complaint_submitted', 'New Complaint Received', 'A new complaint (DG-20260606-21337) has been submitted by a citizen.', 0, '2026-06-06 21:30:41'),
(189, 28, 27, 98, 'complaint_submitted', 'New Complaint Received', 'A new complaint (DG-20260606-21337) has been submitted by a citizen.', 1, '2026-06-06 21:30:41'),
(190, 3, 27, 99, 'complaint_submitted', 'New Complaint Received', 'A new complaint (DG-20260606-56475) has been submitted by a citizen.', 0, '2026-06-06 21:32:32'),
(191, 4, 27, 99, 'complaint_submitted', 'New Complaint Received', 'A new complaint (DG-20260606-56475) has been submitted by a citizen.', 0, '2026-06-06 21:32:32'),
(192, 22, 27, 99, 'complaint_submitted', 'New Complaint Received', 'A new complaint (DG-20260606-56475) has been submitted by a citizen.', 0, '2026-06-06 21:32:32'),
(193, 28, 27, 99, 'complaint_submitted', 'New Complaint Received', 'A new complaint (DG-20260606-56475) has been submitted by a citizen.', 1, '2026-06-06 21:32:32'),
(194, 3, 27, 100, 'complaint_submitted', 'New Complaint Received', 'A new complaint (DG-20260606-34119) has been submitted by a citizen.', 0, '2026-06-06 21:33:41'),
(195, 4, 27, 100, 'complaint_submitted', 'New Complaint Received', 'A new complaint (DG-20260606-34119) has been submitted by a citizen.', 0, '2026-06-06 21:33:41'),
(196, 22, 27, 100, 'complaint_submitted', 'New Complaint Received', 'A new complaint (DG-20260606-34119) has been submitted by a citizen.', 0, '2026-06-06 21:33:41'),
(197, 28, 27, 100, 'complaint_submitted', 'New Complaint Received', 'A new complaint (DG-20260606-34119) has been submitted by a citizen.', 0, '2026-06-06 21:33:41'),
(198, 3, 27, 101, 'complaint_submitted', 'New Complaint Received', 'A new complaint (DG-20260606-38440) has been submitted by a citizen.', 0, '2026-06-06 21:34:36'),
(199, 4, 27, 101, 'complaint_submitted', 'New Complaint Received', 'A new complaint (DG-20260606-38440) has been submitted by a citizen.', 1, '2026-06-06 21:34:36'),
(200, 22, 27, 101, 'complaint_submitted', 'New Complaint Received', 'A new complaint (DG-20260606-38440) has been submitted by a citizen.', 0, '2026-06-06 21:34:36'),
(201, 28, 27, 101, 'complaint_submitted', 'New Complaint Received', 'A new complaint (DG-20260606-38440) has been submitted by a citizen.', 0, '2026-06-06 21:34:36'),
(202, 3, 27, 102, 'complaint_submitted', 'New Complaint Received', 'A new complaint (DG-20260606-41105) has been submitted by a citizen.', 0, '2026-06-06 21:36:14'),
(203, 4, 27, 102, 'complaint_submitted', 'New Complaint Received', 'A new complaint (DG-20260606-41105) has been submitted by a citizen.', 0, '2026-06-06 21:36:14'),
(204, 22, 27, 102, 'complaint_submitted', 'New Complaint Received', 'A new complaint (DG-20260606-41105) has been submitted by a citizen.', 0, '2026-06-06 21:36:14'),
(205, 28, 27, 102, 'complaint_submitted', 'New Complaint Received', 'A new complaint (DG-20260606-41105) has been submitted by a citizen.', 0, '2026-06-06 21:36:14'),
(206, 3, 27, 103, 'complaint_submitted', 'New Complaint Received', 'A new complaint (DG-20260606-40540) has been submitted by a citizen.', 0, '2026-06-06 21:38:08'),
(207, 4, 27, 103, 'complaint_submitted', 'New Complaint Received', 'A new complaint (DG-20260606-40540) has been submitted by a citizen.', 1, '2026-06-06 21:38:08'),
(208, 22, 27, 103, 'complaint_submitted', 'New Complaint Received', 'A new complaint (DG-20260606-40540) has been submitted by a citizen.', 0, '2026-06-06 21:38:08'),
(209, 28, 27, 103, 'complaint_submitted', 'New Complaint Received', 'A new complaint (DG-20260606-40540) has been submitted by a citizen.', 0, '2026-06-06 21:38:08'),
(210, 3, 27, 104, 'complaint_submitted', 'New Complaint Received', 'A new complaint (DG-20260606-40572) has been submitted by a citizen.', 0, '2026-06-06 21:39:04'),
(211, 4, 27, 104, 'complaint_submitted', 'New Complaint Received', 'A new complaint (DG-20260606-40572) has been submitted by a citizen.', 1, '2026-06-06 21:39:04'),
(212, 22, 27, 104, 'complaint_submitted', 'New Complaint Received', 'A new complaint (DG-20260606-40572) has been submitted by a citizen.', 0, '2026-06-06 21:39:04'),
(213, 28, 27, 104, 'complaint_submitted', 'New Complaint Received', 'A new complaint (DG-20260606-40572) has been submitted by a citizen.', 0, '2026-06-06 21:39:04'),
(214, 3, 27, 105, 'complaint_submitted', 'New Complaint Received', 'A new complaint (DG-20260606-59215) has been submitted by a citizen.', 0, '2026-06-06 21:40:47'),
(215, 4, 27, 105, 'complaint_submitted', 'New Complaint Received', 'A new complaint (DG-20260606-59215) has been submitted by a citizen.', 1, '2026-06-06 21:40:47'),
(216, 22, 27, 105, 'complaint_submitted', 'New Complaint Received', 'A new complaint (DG-20260606-59215) has been submitted by a citizen.', 0, '2026-06-06 21:40:47'),
(217, 28, 27, 105, 'complaint_submitted', 'New Complaint Received', 'A new complaint (DG-20260606-59215) has been submitted by a citizen.', 0, '2026-06-06 21:40:47'),
(218, 3, 27, 106, 'complaint_submitted', 'New Complaint Received', 'A new complaint (DG-20260606-21770) has been submitted by a citizen.', 0, '2026-06-06 22:12:36'),
(219, 4, 27, 106, 'complaint_submitted', 'New Complaint Received', 'A new complaint (DG-20260606-21770) has been submitted by a citizen.', 1, '2026-06-06 22:12:36'),
(220, 22, 27, 106, 'complaint_submitted', 'New Complaint Received', 'A new complaint (DG-20260606-21770) has been submitted by a citizen.', 0, '2026-06-06 22:12:36'),
(221, 28, 27, 106, 'complaint_submitted', 'New Complaint Received', 'A new complaint (DG-20260606-21770) has been submitted by a citizen.', 1, '2026-06-06 22:12:36'),
(222, 28, 27, 104, 'comment_reply', 'New Comment on Complaint', 'A new comment was added to complaint DG-20260606-40572.', 1, '2026-06-06 22:26:40'),
(223, 28, 30, 99, 'ward_accept_verify', 'Complaint Verified by Ward Officer', 'Ward Officer has verified complaint DG-20260606-56475. Please check the complaint status from the Central Complaints page.', 1, '2026-06-06 22:46:06'),
(224, 28, 30, 106, 'ward_reject', 'Complaint Rejected by Ward Officer', 'Ward Officer has rejected complaint DG-20260606-21770. Please check the complaint from the Central Complaints page. Reason: rtrtfgdbfg', 1, '2026-06-06 22:46:11'),
(225, 28, 30, 103, 'ward_duplicate', 'Complaint Marked as Duplicate', 'Ward Officer marked complaint DG-20260606-40540 as duplicate. Please check the complaint from the Central Complaints page. Information: gfdfgfdgfdg', 1, '2026-06-06 22:46:18'),
(226, 28, 27, 106, 'comment_reply', 'New Comment on Complaint', 'A new comment was added to complaint DG-20260606-21770.', 1, '2026-06-06 22:46:56'),
(227, 28, 30, 102, 'ward_accept_verify', 'Complaint Verified by Ward Officer', 'Ward Officer has verified complaint DG-20260606-41105. Please check the complaint status from the Central Complaints page.', 0, '2026-06-06 22:47:59'),
(228, 28, 30, 100, 'ward_accept_verify', 'Complaint Verified by Ward Officer', 'Ward Officer has verified complaint DG-20260606-34119. Please check the complaint status from the Central Complaints page.', 0, '2026-06-06 22:48:26'),
(229, 28, 30, 98, 'ward_accept_verify', 'Complaint Verified by Ward Officer', 'Ward Officer has verified complaint DG-20260606-21337. Please check the complaint status from the Central Complaints page.', 0, '2026-06-06 22:48:39'),
(230, 28, 30, 105, 'ward_accept_verify', 'Complaint Verified by Ward Officer', 'Ward Officer has verified complaint DG-20260606-59215. Please check the complaint status from the Central Complaints page.', 0, '2026-06-06 22:48:43'),
(231, 28, 30, 101, 'ward_accept_verify', 'Complaint Verified by Ward Officer', 'Ward Officer has verified complaint DG-20260606-38440. Please check the complaint status from the Central Complaints page.', 0, '2026-06-06 22:48:46'),
(232, 28, 30, 99, 'complaint_status_updated', 'Maintenance Team Assigned', 'Ward Officer assigned complaint #DG-20260606-56475 to maintenance team \"Emergency Cleaning Unit\".', 0, '2026-06-06 22:50:03'),
(233, 28, 30, 102, 'complaint_status_updated', 'Maintenance Team Assigned', 'Ward Officer assigned complaint #DG-20260606-41105 to maintenance team \"Emergency Cleaning Unit\".', 0, '2026-06-06 22:56:10'),
(234, 28, 30, 100, 'complaint_status_updated', 'Maintenance Team Assigned', 'Ward Officer assigned complaint #DG-20260606-34119 to maintenance team \"Emergency Cleaning Unit\".', 0, '2026-06-06 22:56:21'),
(235, 28, 30, 98, 'complaint_status_updated', 'Maintenance Team Assigned', 'Ward Officer assigned complaint #DG-20260606-21337 to maintenance team \"Rapid Drainage Team\".', 0, '2026-06-06 22:56:47'),
(236, 28, 30, 105, 'complaint_status_updated', 'Maintenance Team Assigned', 'Ward Officer assigned complaint #DG-20260606-59215 to maintenance team \"Rapid Drainage Team\".', 0, '2026-06-06 22:56:58'),
(237, 28, 30, 101, 'complaint_status_updated', 'Maintenance Team Assigned', 'Ward Officer assigned complaint #DG-20260606-38440 to maintenance team \"Rapid Drainage Team\".', 0, '2026-06-06 22:57:09'),
(238, 28, 31, 99, 'maintenance_start_work', 'Maintenance Work Started', 'Maintenance Team has started work on complaint DG-20260606-56475.', 0, '2026-06-06 22:57:49'),
(239, 28, 31, 102, 'maintenance_start_work', 'Maintenance Work Started', 'Maintenance Team has started work on complaint DG-20260606-41105.', 0, '2026-06-06 22:59:10'),
(240, 28, 31, 100, 'maintenance_start_work', 'Maintenance Work Started', 'Maintenance Team has started work on complaint DG-20260606-34119.', 0, '2026-06-06 22:59:16'),
(241, 28, 31, 100, 'maintenance_completion_proof_submitted', 'Completion Proof Submitted', 'Maintenance Team submitted completion proof for complaint DG-20260606-34119. The complaint is now waiting for inspector review.', 0, '2026-06-06 23:00:51'),
(242, 28, 31, 102, 'maintenance_completion_proof_submitted', 'Completion Proof Submitted', 'Maintenance Team submitted completion proof for complaint DG-20260606-41105. The complaint is now waiting for inspector review.', 0, '2026-06-06 23:03:22'),
(243, 28, 31, 99, 'maintenance_completion_proof_submitted', 'Completion Proof Submitted', 'Maintenance Team submitted completion proof for complaint DG-20260606-56475. The complaint is now waiting for inspector review.', 0, '2026-06-06 23:03:32'),
(244, 28, 29, 99, 'inspector_review_started', 'Inspector Review Started', 'Inspector has started reviewing complaint DG-20260606-56475.', 0, '2026-06-06 23:04:09'),
(245, 28, 29, 102, 'inspector_review_started', 'Inspector Review Started', 'Inspector has started reviewing complaint DG-20260606-41105.', 0, '2026-06-06 23:04:25'),
(246, 28, 29, 100, 'inspector_review_started', 'Inspector Review Started', 'Inspector has started reviewing complaint DG-20260606-34119.', 0, '2026-06-06 23:04:50'),
(247, 28, 29, 99, 'inspector_work_approved', 'Work Approved by Inspector', 'Inspector approved the completed work for complaint DG-20260606-56475. The complaint is now closed/solved.', 0, '2026-06-06 23:07:05'),
(248, 28, 29, 100, 'inspector_work_approved', 'Work Approved by Inspector', 'Inspector approved the completed work for complaint DG-20260606-34119. The complaint is now closed/solved.', 0, '2026-06-06 23:09:21'),
(249, 28, 27, 99, 'citizen_objection_submitted', 'Citizen Submitted Objection', 'Citizen submitted an objection for complaint DG-20260606-56475. Please review the objection details.', 0, '2026-06-06 23:10:54'),
(250, 28, 32, 98, 'maintenance_start_work', 'Maintenance Work Started', 'Maintenance Team has started work on complaint DG-20260606-21337.', 0, '2026-06-06 23:12:58'),
(251, 28, 32, 101, 'maintenance_start_work', 'Maintenance Work Started', 'Maintenance Team has started work on complaint DG-20260606-38440.', 0, '2026-06-06 23:13:02'),
(252, 28, 32, 101, 'maintenance_completion_proof_submitted', 'Completion Proof Submitted', 'Maintenance Team submitted completion proof for complaint DG-20260606-38440. The complaint is now waiting for inspector review.', 0, '2026-06-06 23:14:59'),
(253, 28, 32, 98, 'maintenance_completion_proof_submitted', 'Completion Proof Submitted', 'Maintenance Team submitted completion proof for complaint DG-20260606-21337. The complaint is now waiting for inspector review.', 0, '2026-06-06 23:15:10'),
(254, 28, 29, 98, 'inspector_review_started', 'Inspector Review Started', 'Inspector has started reviewing complaint DG-20260606-21337.', 0, '2026-06-06 23:15:31'),
(255, 28, 29, 101, 'inspector_review_started', 'Inspector Review Started', 'Inspector has started reviewing complaint DG-20260606-38440.', 0, '2026-06-06 23:15:36'),
(256, 28, 29, 101, 'inspector_work_approved', 'Work Approved by Inspector', 'Inspector approved the completed work for complaint DG-20260606-38440. The complaint is now closed/solved.', 0, '2026-06-06 23:15:51'),
(257, 28, 30, 98, 'ward_confirm_inspector_claim', 'Inspector Claim Confirmed by Ward Officer', 'Inspector\'s false completion claim confirmed for complaint DG-20260606-21337. Ward Officer has validated the case.', 0, '2026-06-06 23:20:09'),
(258, 28, 30, 102, 'ward_reject_inspector_claim', 'Inspector Claim Rejected by Ward Officer', 'Complaint DG-20260606-41105 has been successfully solved. Inspector\'s false claim was rejected by Ward Officer.', 0, '2026-06-06 23:20:31'),
(259, 28, 27, 102, 'citizen_objection_submitted', 'Citizen Submitted Objection', 'Citizen submitted an objection for complaint DG-20260606-41105. Please review the objection details.', 0, '2026-06-06 23:21:28'),
(260, 28, 30, 102, 'ward_citizen_claim_true', 'Citizen Claim Marked True', 'Ward Officer marked the citizen claim as true for complaint. The objection has been accepted and case reopened.', 0, '2026-06-06 23:22:49'),
(261, 28, 30, 99, 'ward_citizen_claim_false', 'Citizen Claim Marked False', 'Ward Officer marked the citizen claim as false for this complaint. The objection was rejected.', 0, '2026-06-06 23:22:55'),
(262, 28, 30, 98, 'ward_reopen_assign_team', 'Reopened Complaint Assigned', 'Ward Officer assigned a team for reopened complaint DG-20260606-21337. The complaint has moved forward again.', 0, '2026-06-06 23:24:41'),
(263, 28, 32, 105, 'maintenance_start_work', 'Maintenance Work Started', 'Maintenance Team has started work on complaint DG-20260606-59215.', 0, '2026-06-07 18:32:39'),
(264, 28, 30, 102, 'complaint_status_updated', 'Maintenance Team Assigned', 'Ward Officer assigned complaint #DG-20260606-41105 to maintenance team \"Emergency Cleaning Unit\".', 0, '2026-06-07 19:01:58'),
(265, 28, 30, 98, 'complaint_status_updated', 'Maintenance Team Assigned', 'Ward Officer assigned complaint #DG-20260606-21337 to maintenance team \"Emergency Cleaning Unit\".', 0, '2026-06-07 19:12:47'),
(266, 28, 31, 102, 'maintenance_start_work', 'Maintenance Work Started', 'Maintenance Team has started work on complaint DG-20260606-41105.', 0, '2026-06-07 19:16:33'),
(267, 3, 15, 107, 'complaint_submitted', 'New Complaint Received', 'A new complaint (DG-20260607-28326) has been submitted by a citizen.', 0, '2026-06-07 22:38:46'),
(268, 4, 15, 107, 'complaint_submitted', 'New Complaint Received', 'A new complaint (DG-20260607-28326) has been submitted by a citizen.', 1, '2026-06-07 22:38:46'),
(269, 22, 15, 107, 'complaint_submitted', 'New Complaint Received', 'A new complaint (DG-20260607-28326) has been submitted by a citizen.', 0, '2026-06-07 22:38:46'),
(270, 28, 15, 107, 'complaint_submitted', 'New Complaint Received', 'A new complaint (DG-20260607-28326) has been submitted by a citizen.', 0, '2026-06-07 22:38:46'),
(271, 3, 15, 85, 'comment_reply', 'New Comment on Complaint', 'A new comment was added to complaint DG-20260605-83131.', 0, '2026-06-07 22:55:20'),
(272, 3, 15, 85, 'comment_reply', 'New Comment on Complaint', 'A new comment was added to complaint DG-20260605-83131.', 0, '2026-06-07 23:13:43'),
(273, 4, 1, 61, 'comment_reply', 'New Comment on Complaint', 'A new comment was added to complaint DG-20260605-69031.', 1, '2026-06-07 23:27:26'),
(274, 4, 15, 57, 'comment_reply', 'New Comment on Complaint', 'A new comment was added to complaint DG-20260605-22380.', 1, '2026-06-08 00:03:13'),
(275, 3, 15, 108, 'complaint_submitted', 'New Complaint Received', 'A new complaint (DG-20260608-52779) has been submitted by a citizen.', 0, '2026-06-08 00:32:14'),
(277, 22, 15, 108, 'complaint_submitted', 'New Complaint Received', 'A new complaint (DG-20260608-52779) has been submitted by a citizen.', 0, '2026-06-08 00:32:14'),
(278, 28, 15, 108, 'complaint_submitted', 'New Complaint Received', 'A new complaint (DG-20260608-52779) has been submitted by a citizen.', 0, '2026-06-08 00:32:14'),
(284, 4, 11, 108, 'maintenance_completion_proof_submitted', 'Completion Proof Submitted', 'Maintenance Team submitted completion proof for complaint DG-20260608-52779. The complaint is now waiting for inspector review.', 0, '2026-06-08 09:39:29'),
(285, 4, 11, 69, 'maintenance_completion_proof_submitted', 'Completion Proof Submitted', 'Maintenance Team submitted completion proof for complaint DG-20260605-70215. The complaint is now waiting for inspector review.', 1, '2026-06-08 09:44:02'),
(286, 3, 33, 109, 'complaint_submitted', 'New Complaint Received', 'A new complaint (DG-20260608-66757) has been submitted by a citizen.', 0, '2026-06-08 12:17:59'),
(287, 4, 33, 109, 'complaint_submitted', 'New Complaint Received', 'A new complaint (DG-20260608-66757) has been submitted by a citizen.', 0, '2026-06-08 12:17:59'),
(288, 22, 33, 109, 'complaint_submitted', 'New Complaint Received', 'A new complaint (DG-20260608-66757) has been submitted by a citizen.', 0, '2026-06-08 12:17:59'),
(289, 28, 33, 109, 'complaint_submitted', 'New Complaint Received', 'A new complaint (DG-20260608-66757) has been submitted by a citizen.', 0, '2026-06-08 12:17:59'),
(291, 3, 33, 110, 'complaint_submitted', 'New Complaint Received', 'A new complaint (DG-20260608-34853) has been submitted by a citizen.', 0, '2026-06-08 12:21:40'),
(292, 4, 33, 110, 'complaint_submitted', 'New Complaint Received', 'A new complaint (DG-20260608-34853) has been submitted by a citizen.', 0, '2026-06-08 12:21:40'),
(293, 22, 33, 110, 'complaint_submitted', 'New Complaint Received', 'A new complaint (DG-20260608-34853) has been submitted by a citizen.', 0, '2026-06-08 12:21:40'),
(294, 28, 33, 110, 'complaint_submitted', 'New Complaint Received', 'A new complaint (DG-20260608-34853) has been submitted by a citizen.', 0, '2026-06-08 12:21:40'),
(296, 3, 33, 111, 'complaint_submitted', 'New Complaint Received', 'A new complaint (DG-20260608-53094) has been submitted by a citizen.', 0, '2026-06-08 12:22:33'),
(297, 4, 33, 111, 'complaint_submitted', 'New Complaint Received', 'A new complaint (DG-20260608-53094) has been submitted by a citizen.', 0, '2026-06-08 12:22:33'),
(298, 22, 33, 111, 'complaint_submitted', 'New Complaint Received', 'A new complaint (DG-20260608-53094) has been submitted by a citizen.', 0, '2026-06-08 12:22:33');
INSERT INTO `central_notifications` (`notification_id`, `recipient_user_id`, `sender_user_id`, `related_complaint_id`, `notification_type`, `notification_title`, `notification_message`, `is_read`, `created_at`) VALUES
(299, 28, 33, 111, 'complaint_submitted', 'New Complaint Received', 'A new complaint (DG-20260608-53094) has been submitted by a citizen.', 0, '2026-06-08 12:22:33'),
(301, 3, 33, 112, 'complaint_submitted', 'New Complaint Received', 'A new complaint (DG-20260608-30312) has been submitted by a citizen.', 0, '2026-06-08 12:23:33'),
(302, 4, 33, 112, 'complaint_submitted', 'New Complaint Received', 'A new complaint (DG-20260608-30312) has been submitted by a citizen.', 0, '2026-06-08 12:23:33'),
(303, 22, 33, 112, 'complaint_submitted', 'New Complaint Received', 'A new complaint (DG-20260608-30312) has been submitted by a citizen.', 0, '2026-06-08 12:23:33'),
(304, 28, 33, 112, 'complaint_submitted', 'New Complaint Received', 'A new complaint (DG-20260608-30312) has been submitted by a citizen.', 0, '2026-06-08 12:23:33'),
(306, 3, 33, 113, 'complaint_submitted', 'New Complaint Received', 'A new complaint (DG-20260608-93196) has been submitted by a citizen.', 0, '2026-06-08 12:24:52'),
(307, 4, 33, 113, 'complaint_submitted', 'New Complaint Received', 'A new complaint (DG-20260608-93196) has been submitted by a citizen.', 0, '2026-06-08 12:24:52'),
(308, 22, 33, 113, 'complaint_submitted', 'New Complaint Received', 'A new complaint (DG-20260608-93196) has been submitted by a citizen.', 0, '2026-06-08 12:24:52'),
(309, 28, 33, 113, 'complaint_submitted', 'New Complaint Received', 'A new complaint (DG-20260608-93196) has been submitted by a citizen.', 0, '2026-06-08 12:24:52'),
(311, 3, 33, 114, 'complaint_submitted', 'New Complaint Received', 'A new complaint (DG-20260608-17681) has been submitted by a citizen.', 0, '2026-06-08 12:26:13'),
(312, 4, 33, 114, 'complaint_submitted', 'New Complaint Received', 'A new complaint (DG-20260608-17681) has been submitted by a citizen.', 0, '2026-06-08 12:26:13'),
(313, 22, 33, 114, 'complaint_submitted', 'New Complaint Received', 'A new complaint (DG-20260608-17681) has been submitted by a citizen.', 0, '2026-06-08 12:26:13'),
(314, 28, 33, 114, 'complaint_submitted', 'New Complaint Received', 'A new complaint (DG-20260608-17681) has been submitted by a citizen.', 0, '2026-06-08 12:26:13'),
(316, 3, 33, 115, 'complaint_submitted', 'New Complaint Received', 'A new complaint (DG-20260608-63720) has been submitted by a citizen.', 0, '2026-06-08 12:27:04'),
(317, 4, 33, 115, 'complaint_submitted', 'New Complaint Received', 'A new complaint (DG-20260608-63720) has been submitted by a citizen.', 0, '2026-06-08 12:27:04'),
(318, 22, 33, 115, 'complaint_submitted', 'New Complaint Received', 'A new complaint (DG-20260608-63720) has been submitted by a citizen.', 0, '2026-06-08 12:27:04'),
(319, 28, 33, 115, 'complaint_submitted', 'New Complaint Received', 'A new complaint (DG-20260608-63720) has been submitted by a citizen.', 0, '2026-06-08 12:27:04'),
(321, 3, 33, 116, 'complaint_submitted', 'New Complaint Received', 'A new complaint (DG-20260608-95690) has been submitted by a citizen.', 0, '2026-06-08 12:28:10'),
(322, 4, 33, 116, 'complaint_submitted', 'New Complaint Received', 'A new complaint (DG-20260608-95690) has been submitted by a citizen.', 0, '2026-06-08 12:28:10'),
(323, 22, 33, 116, 'complaint_submitted', 'New Complaint Received', 'A new complaint (DG-20260608-95690) has been submitted by a citizen.', 0, '2026-06-08 12:28:10'),
(324, 28, 33, 116, 'complaint_submitted', 'New Complaint Received', 'A new complaint (DG-20260608-95690) has been submitted by a citizen.', 0, '2026-06-08 12:28:10'),
(326, 3, 33, 117, 'complaint_submitted', 'New Complaint Received', 'A new complaint (DG-20260608-54305) has been submitted by a citizen.', 0, '2026-06-08 12:29:10'),
(327, 4, 33, 117, 'complaint_submitted', 'New Complaint Received', 'A new complaint (DG-20260608-54305) has been submitted by a citizen.', 0, '2026-06-08 12:29:10'),
(328, 22, 33, 117, 'complaint_submitted', 'New Complaint Received', 'A new complaint (DG-20260608-54305) has been submitted by a citizen.', 0, '2026-06-08 12:29:10'),
(329, 28, 33, 117, 'complaint_submitted', 'New Complaint Received', 'A new complaint (DG-20260608-54305) has been submitted by a citizen.', 0, '2026-06-08 12:29:10'),
(331, 3, 33, 118, 'complaint_submitted', 'New Complaint Received', 'A new complaint (DG-20260608-89932) has been submitted by a citizen.', 0, '2026-06-08 12:30:14'),
(332, 4, 33, 118, 'complaint_submitted', 'New Complaint Received', 'A new complaint (DG-20260608-89932) has been submitted by a citizen.', 0, '2026-06-08 12:30:14'),
(333, 22, 33, 118, 'complaint_submitted', 'New Complaint Received', 'A new complaint (DG-20260608-89932) has been submitted by a citizen.', 0, '2026-06-08 12:30:14'),
(334, 28, 33, 118, 'complaint_submitted', 'New Complaint Received', 'A new complaint (DG-20260608-89932) has been submitted by a citizen.', 0, '2026-06-08 12:30:14'),
(335, 34, 33, 118, 'complaint_submitted', 'New Complaint Received', 'A new complaint (DG-20260608-89932) has been submitted by a citizen.', 1, '2026-06-08 12:30:14'),
(336, 3, 33, 119, 'complaint_submitted', 'New Complaint Received', 'A new complaint (DG-20260608-34710) has been submitted by a citizen.', 0, '2026-06-08 12:31:11'),
(337, 4, 33, 119, 'complaint_submitted', 'New Complaint Received', 'A new complaint (DG-20260608-34710) has been submitted by a citizen.', 0, '2026-06-08 12:31:11'),
(338, 22, 33, 119, 'complaint_submitted', 'New Complaint Received', 'A new complaint (DG-20260608-34710) has been submitted by a citizen.', 0, '2026-06-08 12:31:11'),
(339, 28, 33, 119, 'complaint_submitted', 'New Complaint Received', 'A new complaint (DG-20260608-34710) has been submitted by a citizen.', 0, '2026-06-08 12:31:11'),
(340, 34, 33, 119, 'complaint_submitted', 'New Complaint Received', 'A new complaint (DG-20260608-34710) has been submitted by a citizen.', 1, '2026-06-08 12:31:11'),
(341, 34, 33, 118, 'comment_reply', 'New Comment on Complaint', 'A new comment was added to complaint DG-20260608-89932.', 1, '2026-06-08 12:34:12'),
(343, 34, 36, 114, 'ward_reject', 'Complaint Rejected by Ward Officer', 'Ward Officer has rejected complaint DG-20260608-17681. Please check the complaint from the Central Complaints page. Reason: kra hbe na', 1, '2026-06-08 12:42:22'),
(344, 34, 36, 113, 'ward_duplicate', 'Complaint Marked as Duplicate', 'Ward Officer marked complaint DG-20260608-93196 as duplicate. Please check the complaint from the Central Complaints page. Information: eita already verified problem', 1, '2026-06-08 12:42:40'),
(345, 34, 33, 114, 'comment_reply', 'New Comment on Complaint', 'A new comment was added to complaint DG-20260608-17681.', 1, '2026-06-08 12:43:26'),
(356, 34, 36, 109, 'ward_accept_verify', 'Complaint Verified by Ward Officer', 'Ward Officer has verified complaint DG-20260608-66757. Please check the complaint status from the Central Complaints page.', 0, '2026-06-08 12:56:18'),
(357, 34, 36, 111, 'ward_accept_verify', 'Complaint Verified by Ward Officer', 'Ward Officer has verified complaint DG-20260608-53094. Please check the complaint status from the Central Complaints page.', 0, '2026-06-08 12:56:22'),
(372, 34, 35, 117, 'inspector_review_started', 'Inspector Review Started', 'Inspector has started reviewing complaint DG-20260608-54305.', 0, '2026-06-08 13:04:59'),
(375, 34, 35, 110, 'inspector_work_approved', 'Work Approved by Inspector', 'Inspector approved the completed work for complaint DG-20260608-34853. The complaint is now closed/solved.', 0, '2026-06-08 13:05:20'),
(377, 34, 33, 116, 'citizen_objection_submitted', 'Citizen Submitted Objection', 'Citizen submitted an objection for complaint DG-20260608-95690. Please review the objection details.', 0, '2026-06-08 13:07:27'),
(379, 34, 33, 115, 'citizen_objection_submitted', 'Citizen Submitted Objection', 'Citizen submitted an objection for complaint DG-20260608-63720. Please review the objection details.', 1, '2026-06-08 13:09:23'),
(381, 34, 36, 116, 'ward_citizen_claim_false', 'Citizen Claim Marked False', 'Ward Officer marked the citizen claim as false for this complaint. The objection was rejected.', 1, '2026-06-08 13:11:16'),
(382, 34, 36, 112, 'ward_confirm_inspector_claim', 'Inspector Claim Confirmed by Ward Officer', 'Inspector\'s false completion claim confirmed for complaint DG-20260608-30312. Ward Officer has validated the case.', 0, '2026-06-08 13:14:09'),
(383, 34, 36, 117, 'ward_reject_inspector_claim', 'Inspector Claim Rejected by Ward Officer', 'Complaint DG-20260608-54305 has been successfully solved. Inspector\'s false claim was rejected by Ward Officer.', 1, '2026-06-08 13:14:15'),
(384, 34, 36, 115, 'ward_reopen_assign_team', 'Reopened Complaint Assigned', 'Ward Officer assigned a team for reopened complaint DG-20260608-63720. The complaint has moved forward again.', 0, '2026-06-08 13:15:43'),
(386, 34, 36, 112, 'complaint_status_updated', 'Maintenance Team Assigned', 'Ward Officer assigned complaint #DG-20260608-30312 to maintenance team \"Drain Response Team Bravo\".', 0, '2026-06-08 13:40:07');

-- --------------------------------------------------------

--
-- Table structure for table `central_officers`
--

CREATE TABLE `central_officers` (
  `central_officer_id` int(11) NOT NULL,
  `user_id` int(11) NOT NULL,
  `user_mail` varchar(150) DEFAULT NULL,
  `full_name` varchar(100) NOT NULL,
  `phone` varchar(20) NOT NULL,
  `employee_code` varchar(50) NOT NULL,
  `address` text NOT NULL,
  `gender` enum('male','female','other') NOT NULL,
  `designation` enum('Central Control Officer','Complaint Routing Officer','Monitoring Officer','Data & Report Officer','System Administrator','Emergency Response Coordinator') NOT NULL,
  `office_address` text NOT NULL,
  `profile_picture` varchar(255) DEFAULT NULL
) ENGINE=InnoDB DEFAULT CHARSET=utf8mb4 COLLATE=utf8mb4_general_ci;

--
-- Dumping data for table `central_officers`
--

INSERT INTO `central_officers` (`central_officer_id`, `user_id`, `user_mail`, `full_name`, `phone`, `employee_code`, `address`, `gender`, `designation`, `office_address`, `profile_picture`) VALUES
(1, 3, 'rayhan@drainguard.com', 'Rayhan Islam', '01758872636', 'CCO-003', 'Kalyanpur bus stand, Mirpur road, Dhaka', 'male', 'Central Control Officer', 'Darus salam road, Technical , Dhaka', NULL),
(2, 4, 'afsana@gmail.com', 'Afsana Afrin Mihi', '01780870663', 'CRO-004', 'Shahbag ,Dhaka', 'female', 'Complaint Routing Officer', 'Shahbagh, Dhaka', 'assets/uploads/central_officers/central_4_1780646344.jpg'),
(3, 22, 'tanvir.ahmed29@gmail.com', 'Md. Tanvir Ahmed', '01763829451', 'MO-022', 'House 22, Road 6, South Dhanmondi, near Shankar Bus Stand, Dhaka', 'male', 'Monitoring Officer', 'Dhanmondi Ward Office, Road 8/A, South Dhanmondi, Dhaka', NULL),
(4, 28, 'rakib.hasan.office@gmail.com', 'Rakib Hasan', '01765348291', 'CCO-028', 'House 32, Road 5, Mohammadpur, Dhaka', 'male', 'Central Control Officer', 'DNCC Ward Office, Ward 29, Mohammadpur, Dhaka', 'assets/uploads/central_officers/central_28_1780766859.jpg'),
(5, 34, 'shakibrahman@gmail.com', 'Shakib Rahman', '01711223344', 'CRO-034', 'House 12, Road 4, Block C, Mohammadpur, Dhaka', 'female', 'Complaint Routing Officer', 'DNCC Central Control Room, Nagar Bhaban Annex, Gulshan Avenue, Dhaka', NULL);

-- --------------------------------------------------------

--
-- Table structure for table `cities`
--

CREATE TABLE `cities` (
  `city_id` int(11) NOT NULL,
  `city_name` varchar(100) NOT NULL
) ENGINE=InnoDB DEFAULT CHARSET=utf8mb4 COLLATE=utf8mb4_general_ci;

--
-- Dumping data for table `cities`
--

INSERT INTO `cities` (`city_id`, `city_name`) VALUES
(4, 'Barishal'),
(2, 'Chattogram'),
(10, 'Cumilla'),
(1, 'Dhaka'),
(7, 'Gazipur'),
(5, 'Khulna'),
(11, 'Mymensingh'),
(8, 'Narayanganj'),
(6, 'Rajshahi'),
(9, 'Rangpur'),
(3, 'Sylhet');

-- --------------------------------------------------------

--
-- Table structure for table `citizens`
--

CREATE TABLE `citizens` (
  `citizen_id` int(11) NOT NULL,
  `user_id` int(11) NOT NULL,
  `full_name` varchar(100) NOT NULL,
  `phone_number` varchar(20) NOT NULL,
  `user_mail` varchar(150) NOT NULL,
  `gender` enum('male','female','other') NOT NULL,
  `division` varchar(100) NOT NULL,
  `district` varchar(100) NOT NULL,
  `upazila_thana` varchar(100) NOT NULL,
  `union_area` varchar(100) NOT NULL,
  `street_village` varchar(150) NOT NULL,
  `national_id_birth_certificate` varchar(100) NOT NULL,
  `profile_photo` varchar(255) DEFAULT NULL,
  `demerit_points` int(11) NOT NULL DEFAULT 0,
  `suspension_count` int(11) NOT NULL DEFAULT 0,
  `suspended_until` datetime DEFAULT NULL,
  `banned_at` datetime DEFAULT NULL
) ENGINE=InnoDB DEFAULT CHARSET=utf8mb4 COLLATE=utf8mb4_general_ci;

--
-- Dumping data for table `citizens`
--

INSERT INTO `citizens` (`citizen_id`, `user_id`, `full_name`, `phone_number`, `user_mail`, `gender`, `division`, `district`, `upazila_thana`, `union_area`, `street_village`, `national_id_birth_certificate`, `profile_photo`, `demerit_points`, `suspension_count`, `suspended_until`, `banned_at`) VALUES
(1, 1, 'Munjil Islam', '01300454043', '', 'male', 'Rajshahi', 'Sirajganj', 'Ullapara', 'Mohonpur', 'Satbila', '', 'assets/uploads/citizens/citizen_1_1780639186.jpg', 0, 0, NULL, NULL),
(2, 2, 'Munsur Islam', '01784302465', '', 'male', 'Rajshahi', 'Sirajganj', 'Ullapara', 'Mohonpur', 'Satbila', '', NULL, 0, 0, NULL, NULL),
(3, 15, 'Munna', '01765477225', '', 'male', 'Barisal', 'Bhola', 'Bhola sadar', 'Bhola sadar', 'Bhola sadar', '', NULL, 0, 0, NULL, NULL),
(4, 20, 'Md. Rahim Uddin', '01745289361', '', 'male', 'Dhaka', 'Dhaka', 'Bhatara', 'Dhaka', 'Road 7, Block C, Bashundhara R/A, near North South University, Dhaka', '', NULL, 0, 0, NULL, NULL),
(5, 21, 'Md. Hasan Mahmud', '01873456291', '', 'male', 'Dhaka', 'Dhaka', 'Dhanmondi', 'outh Dhanmondi', 'House 18, Road 8/A, South Dhanmondi, near Shankar Bus Stand, Dhaka', '', NULL, 0, 0, NULL, NULL),
(6, 27, 'Nusrat Jahan', '01873945216', '', 'female', 'Dhaka', 'Dhaka', 'Badda', 'Merul Badda', 'House 18, Road 3, Merul Badda, Dhaka', '', NULL, 0, 0, NULL, NULL),
(7, 33, 'Farzana Akter', '01834567892', '', 'female', 'Dhaka', 'Dhaka', 'Badda', 'Badda', 'House 14, Lane 3, Merul Badda', '', NULL, 0, 0, NULL, NULL);

-- --------------------------------------------------------

--
-- Table structure for table `citizen_notifications`
--

CREATE TABLE `citizen_notifications` (
  `notification_id` int(11) NOT NULL,
  `recipient_user_id` int(11) NOT NULL,
  `sender_user_id` int(11) DEFAULT NULL,
  `related_complaint_id` int(11) DEFAULT NULL,
  `notification_type` varchar(80) NOT NULL DEFAULT 'system',
  `notification_title` varchar(150) NOT NULL,
  `notification_message` text NOT NULL,
  `is_read` tinyint(1) NOT NULL DEFAULT 0,
  `created_at` datetime NOT NULL DEFAULT current_timestamp()
) ENGINE=InnoDB DEFAULT CHARSET=utf8mb4 COLLATE=utf8mb4_general_ci;

--
-- Dumping data for table `citizen_notifications`
--

INSERT INTO `citizen_notifications` (`notification_id`, `recipient_user_id`, `sender_user_id`, `related_complaint_id`, `notification_type`, `notification_title`, `notification_message`, `is_read`, `created_at`) VALUES
(1, 2, 4, 33, 'complaint_accepted', 'Complaint Accepted', 'Your complaint DG-20260601-12951 has been accepted by Central Officer and marked as Received.', 0, '2026-06-04 09:22:55'),
(2, 1, 4, 25, 'complaint_accepted', 'Complaint Accepted', 'Your complaint DG-20260601-66917 has been accepted by Central Officer and marked as Received.', 1, '2026-06-04 09:23:04'),
(3, 1, 4, 28, 'complaint_rejected', 'Complaint Rejected', 'Your complaint DG-20260601-66730 has been rejected by Central Officer. Please check the rejection reason.', 1, '2026-06-04 09:23:28'),
(4, 2, 1, 28, 'comment_reply', 'New Reply to Your Comment', 'Someone replied to your comment on complaint DG-20260601-66730.', 1, '2026-06-04 10:30:42'),
(5, 2, 4, 28, 'comment_reply', 'New Reply to Your Comment', 'Someone replied to your comment on complaint DG-20260601-66730.', 0, '2026-06-04 10:42:19'),
(6, 1, 4, 28, 'comment_reply', 'New Reply to Your Comment', 'Someone replied to your comment on complaint DG-20260601-66730.', 1, '2026-06-04 11:03:47'),
(7, 2, 4, 32, 'complaint_accepted', 'Complaint Accepted', 'Your complaint DG-20260601-42274 has been accepted by Central Officer and marked as Received.', 0, '2026-06-04 11:36:16'),
(9, 1, 4, 27, 'complaint_accepted', 'Complaint Accepted', 'Your complaint DG-20260601-35614 has been accepted by Central Officer and marked as Received.', 0, '2026-06-04 11:36:31'),
(10, 2, 4, 33, 'status_update', 'Complaint Routed to Ward', 'Your complaint has been processed by the Central Control and routed to your respective Ward Officer for field verification.', 0, '2026-06-04 12:35:15'),
(11, 2, 4, 32, 'status_update', 'Complaint Routed to Ward', 'Your complaint has been processed by the Central Control and routed to your respective Ward Officer for field verification.', 0, '2026-06-04 12:35:17'),
(12, 1, 4, 25, 'status_update', 'Complaint Routed to Ward', 'Your complaint has been processed by the Central Control and routed to your respective Ward Officer for field verification.', 0, '2026-06-04 12:35:21'),
(13, 1, 4, 27, 'status_update', 'Complaint Routed to Ward', 'Your complaint has been processed by the Central Control and routed to your respective Ward Officer for field verification.', 0, '2026-06-04 12:35:25'),
(15, 1, 4, 29, 'complaint_accepted', 'Complaint Accepted', 'Your complaint DG-20260601-72428 has been accepted by Central Officer and marked as Received.', 1, '2026-06-04 12:54:48'),
(16, 1, 4, 34, 'complaint_accepted', 'Complaint Accepted', 'Your complaint DG-20260604-63993 has been accepted by Central Officer and marked as Received.', 1, '2026-06-04 12:56:32'),
(17, 1, 4, 34, 'status_update', 'Complaint Routed to Ward', 'Your complaint has been processed by the Central Control and routed to your respective Ward Officer for field verification.', 1, '2026-06-04 12:56:37'),
(18, 2, 5, 33, 'status_update', 'Complaint Verified', 'Your complaint #DG-20260601-12951 has been verified by the Ward Officer.', 0, '2026-06-04 12:58:01'),
(19, 1, 5, 34, 'status_update', 'Complaint Rejected', 'Your complaint #DG-20260604-63993 was rejected by the Ward Officer.', 1, '2026-06-04 13:00:22'),
(20, 1, 4, 34, 'comment_reply', 'New Comment on Complaint', 'A new comment was added to complaint DG-20260604-63993.', 1, '2026-06-04 13:59:37'),
(22, 1, 6, 27, 'status_update', 'Complaint Marked Duplicate', 'Your complaint #DG-20260601-35614 was marked as a duplicate.', 1, '2026-06-04 15:38:10'),
(23, 1, 4, 27, 'comment_reply', 'New Reply to Your Comment', 'Someone replied to your comment on complaint DG-20260601-35614.', 0, '2026-06-04 15:39:46'),
(24, 1, 6, 27, 'comment_reply', 'New Reply to Your Comment', 'Someone replied to your comment on complaint DG-20260601-35614.', 1, '2026-06-04 15:40:20'),
(25, 1, 6, 27, 'comment_reply', 'New Reply to Your Comment', 'Someone replied to your comment on complaint DG-20260601-35614.', 1, '2026-06-04 15:47:50'),
(26, 1, 4, 35, 'complaint_accepted', 'Complaint Accepted', 'Your complaint DG-20260604-11892 has been accepted by Central Officer and marked as Received.', 0, '2026-06-04 15:52:53'),
(27, 1, 4, 35, 'status_update', 'Complaint Routed to Ward', 'Your complaint has been processed by the Central Control and routed to your respective Ward Officer for field verification.', 0, '2026-06-04 15:53:56'),
(28, 1, 4, 36, 'complaint_accepted', 'Complaint Accepted', 'Your complaint DG-20260604-46464 has been accepted by Central Officer and marked as Received.', 0, '2026-06-04 15:58:29'),
(29, 1, 4, 36, 'status_update', 'Complaint Routed to Ward', 'Your complaint has been processed by the Central Control and routed to your respective Ward Officer for field verification.', 0, '2026-06-04 15:58:39'),
(30, 1, 7, 36, 'status_update', 'Complaint Rejected', 'Your complaint #DG-20260604-46464 was rejected by the Ward Officer.', 0, '2026-06-04 15:59:17'),
(31, 1, 5, 25, 'status_update', 'Complaint Verified', 'Your complaint #DG-20260601-66917 has been verified by the Ward Officer.', 0, '2026-06-04 16:12:37'),
(32, 2, 7, 32, 'status_update', 'Complaint Verified', 'Your complaint #DG-20260601-42274 has been verified by the Ward Officer.', 0, '2026-06-04 16:30:29'),
(33, 1, 5, 25, 'complaint_status_updated', 'Team Assigned to Your Complaint', 'Your complaint #DG-20260601-66917 has been assigned to maintenance team \"team mars rover\". Work will begin soon.', 1, '2026-06-04 18:05:17'),
(34, 2, 7, 32, 'complaint_status_updated', 'Team Assigned to Your Complaint', 'Your complaint #DG-20260601-42274 has been assigned to maintenance team \"team mongol tori\". Work will begin soon.', 0, '2026-06-04 18:16:58'),
(36, 1, 11, 25, 'system', 'Proof Submitted', 'Your complaint completion proof has been submitted for inspection.', 1, '2026-06-04 21:27:49'),
(37, 1, 8, 25, 'system', 'Review Started', 'Inspector has started reviewing the completion proof for your complaint.', 1, '2026-06-04 22:14:52'),
(38, 1, 8, 25, 'system', 'Complaint Solved', 'Your complaint has been approved by Inspector and marked as solved.', 1, '2026-06-04 22:47:51'),
(43, 2, 13, 32, 'system', 'Proof Submitted', 'Your complaint completion proof has been submitted for inspection.', 0, '2026-06-05 00:23:54'),
(44, 2, 9, 32, 'system', 'Review Started', 'Inspector has started reviewing the completion proof for your complaint.', 0, '2026-06-05 00:24:15'),
(53, 1, 4, 37, 'complaint_accepted', 'Complaint Accepted', 'Your complaint DG-20260605-64450 has been accepted by Central Officer and marked as Received.', 0, '2026-06-05 02:22:15'),
(54, 1, 4, 37, 'status_update', 'Complaint Routed to Ward', 'Your complaint has been processed by the Central Control and routed to your respective Ward Officer for field verification.', 0, '2026-06-05 02:22:25'),
(55, 1, 5, 37, 'status_update', 'Complaint Verified', 'Your complaint #DG-20260605-64450 has been verified by the Ward Officer.', 0, '2026-06-05 02:23:07'),
(56, 1, 5, 37, 'complaint_status_updated', 'Team Assigned to Your Complaint', 'Your complaint #DG-20260605-64450 has been assigned to maintenance team \"team mars rover\". Work will begin soon.', 0, '2026-06-05 02:23:25'),
(57, 1, 11, 37, 'system', 'Proof Submitted', 'Your complaint completion proof has been submitted for inspection.', 0, '2026-06-05 02:24:08'),
(58, 1, 8, 37, 'system', 'Review Started', 'Inspector has started reviewing the completion proof for your complaint.', 0, '2026-06-05 02:24:49'),
(59, 1, 5, 37, 'system', 'Complaint Disputed', 'Your complaint DG-20260605-64450 has been disputed due to false completion. We are investigating.', 0, '2026-06-05 02:25:44'),
(60, 1, 5, 37, 'complaint_status_updated', 'Team Assigned to Your Complaint', 'Your complaint #DG-20260605-64450 has been assigned to maintenance team \"team mars rover\". Work will begin soon.', 0, '2026-06-05 02:27:55'),
(61, 1, 11, 37, 'system', 'Proof Submitted', 'Your complaint completion proof has been submitted for inspection.', 0, '2026-06-05 02:29:05'),
(62, 1, 8, 37, 'system', 'Review Started', 'Inspector has started reviewing the completion proof for your complaint.', 0, '2026-06-05 02:29:22'),
(63, 1, 8, 37, 'system', 'Complaint Solved', 'Your complaint has been approved by Inspector and marked as solved.', 0, '2026-06-05 02:29:32'),
(64, 1, 5, 37, 'complaint_status_updated', 'Team Assigned to Your Complaint', 'Your complaint #DG-20260605-64450 has been assigned to maintenance team \"team mars rover\". Work will begin soon.', 0, '2026-06-05 02:56:08'),
(65, 1, 4, 73, 'complaint_accepted', 'Complaint Accepted', 'Your complaint DG-20260605-55393 has been accepted by Central Officer and marked as Received.', 0, '2026-06-05 09:19:45'),
(66, 1, 4, 72, 'complaint_accepted', 'Complaint Accepted', 'Your complaint DG-20260605-60416 has been accepted by Central Officer and marked as Received.', 0, '2026-06-05 09:19:56'),
(67, 1, 4, 26, 'complaint_accepted', 'Complaint Accepted', 'Your complaint DG-20260601-30688 has been accepted by Central Officer and marked as Received.', 0, '2026-06-05 09:20:03'),
(68, 2, 4, 30, 'complaint_accepted', 'Complaint Accepted', 'Your complaint DG-20260601-59321 has been accepted by Central Officer and marked as Received.', 0, '2026-06-05 09:20:11'),
(69, 1, 4, 56, 'complaint_accepted', 'Complaint Accepted', 'Your complaint DG-20260605-40954 has been accepted by Central Officer and marked as Received.', 0, '2026-06-05 09:20:20'),
(70, 1, 4, 57, 'complaint_accepted', 'Complaint Accepted', 'Your complaint DG-20260605-22380 has been accepted by Central Officer and marked as Received.', 0, '2026-06-05 09:20:30'),
(71, 1, 4, 71, 'complaint_accepted', 'Complaint Accepted', 'Your complaint DG-20260605-63522 has been accepted by Central Officer and marked as Received.', 0, '2026-06-05 09:20:38'),
(72, 1, 4, 58, 'complaint_accepted', 'Complaint Accepted', 'Your complaint DG-20260605-81889 has been accepted by Central Officer and marked as Received.', 0, '2026-06-05 09:20:50'),
(73, 1, 4, 59, 'complaint_accepted', 'Complaint Accepted', 'Your complaint DG-20260605-67901 has been accepted by Central Officer and marked as Received.', 0, '2026-06-05 09:20:59'),
(74, 1, 4, 61, 'complaint_rejected', 'Complaint Rejected', 'Your complaint DG-20260605-69031 has been rejected by Central Officer. Please check the rejection reason.', 0, '2026-06-05 09:21:26'),
(75, 1, 4, 62, 'complaint_rejected', 'Complaint Rejected', 'Your complaint DG-20260605-60408 has been rejected by Central Officer. Please check the rejection reason.', 0, '2026-06-05 09:21:46'),
(76, 1, 4, 62, 'comment_reply', 'New Comment on Complaint', 'A new comment was added to complaint DG-20260605-60408.', 1, '2026-06-05 09:25:12'),
(77, 1, 4, 58, 'status_update', 'Complaint Routed to Ward', 'Your complaint has been processed by the Central Control and routed to your respective Ward Officer for field verification.', 0, '2026-06-05 09:25:37'),
(78, 1, 4, 56, 'status_update', 'Complaint Routed to Ward', 'Your complaint has been processed by the Central Control and routed to your respective Ward Officer for field verification.', 0, '2026-06-05 09:25:39'),
(79, 1, 4, 72, 'status_update', 'Complaint Routed to Ward', 'Your complaint has been processed by the Central Control and routed to your respective Ward Officer for field verification.', 0, '2026-06-05 09:25:47'),
(80, 1, 4, 71, 'status_update', 'Complaint Routed to Ward', 'Your complaint has been processed by the Central Control and routed to your respective Ward Officer for field verification.', 0, '2026-06-05 09:25:50'),
(81, 1, 4, 57, 'status_update', 'Complaint Routed to Ward', 'Your complaint has been processed by the Central Control and routed to your respective Ward Officer for field verification.', 0, '2026-06-05 09:25:54'),
(82, 2, 4, 30, 'status_update', 'Complaint Routed to Ward', 'Your complaint has been processed by the Central Control and routed to your respective Ward Officer for field verification.', 0, '2026-06-05 09:25:55'),
(83, 1, 4, 29, 'status_update', 'Complaint Routed to Ward', 'Your complaint has been processed by the Central Control and routed to your respective Ward Officer for field verification.', 0, '2026-06-05 09:25:58'),
(84, 1, 4, 26, 'status_update', 'Complaint Routed to Ward', 'Your complaint has been processed by the Central Control and routed to your respective Ward Officer for field verification.', 0, '2026-06-05 09:26:00'),
(85, 1, 4, 73, 'status_update', 'Complaint Routed to Ward', 'Your complaint has been processed by the Central Control and routed to your respective Ward Officer for field verification.', 0, '2026-06-05 09:26:02'),
(86, 1, 4, 59, 'status_update', 'Complaint Routed to Ward', 'Your complaint has been processed by the Central Control and routed to your respective Ward Officer for field verification.', 0, '2026-06-05 09:26:05'),
(87, 1, 5, 56, 'status_update', 'Complaint Verified', 'Your complaint #DG-20260605-40954 has been verified by the Ward Officer.', 0, '2026-06-05 09:42:14'),
(88, 1, 5, 57, 'status_update', 'Complaint Rejected', 'Your complaint #DG-20260605-22380 was rejected by the Ward Officer.', 0, '2026-06-05 09:42:26'),
(89, 2, 5, 30, 'status_update', 'Complaint Marked Duplicate', 'Your complaint #DG-20260601-59321 was marked as a duplicate.', 0, '2026-06-05 09:42:32'),
(90, 1, 6, 72, 'status_update', 'Complaint Verified', 'Your complaint #DG-20260605-60416 has been verified by the Ward Officer.', 0, '2026-06-05 09:56:58'),
(91, 1, 7, 58, 'status_update', 'Complaint Verified', 'Your complaint #DG-20260605-81889 has been verified by the Ward Officer.', 0, '2026-06-05 09:57:18'),
(92, 1, 7, 71, 'status_update', 'Complaint Verified', 'Your complaint #DG-20260605-63522 has been verified by the Ward Officer.', 0, '2026-06-05 09:57:21'),
(93, 1, 7, 26, 'status_update', 'Complaint Verified', 'Your complaint #DG-20260601-30688 has been verified by the Ward Officer.', 0, '2026-06-05 09:57:24'),
(94, 1, 7, 58, 'complaint_status_updated', 'Team Assigned to Your Complaint', 'Your complaint #DG-20260605-81889 has been assigned to maintenance team \"team mongol tori\". Work will begin soon.', 0, '2026-06-05 09:57:41'),
(95, 1, 7, 71, 'complaint_status_updated', 'Team Assigned to Your Complaint', 'Your complaint #DG-20260605-63522 has been assigned to maintenance team \"team mongol tori\". Work will begin soon.', 0, '2026-06-05 09:57:51'),
(96, 1, 7, 26, 'complaint_status_updated', 'Team Assigned to Your Complaint', 'Your complaint #DG-20260601-30688 has been assigned to maintenance team \"team mongol tori\". Work will begin soon.', 0, '2026-06-05 09:58:04'),
(97, 1, 5, 56, 'complaint_status_updated', 'Team Assigned to Your Complaint', 'Your complaint #DG-20260605-40954 has been assigned to maintenance team \"team mars rover\". Work will begin soon.', 0, '2026-06-05 09:59:18'),
(98, 1, 6, 72, 'complaint_status_updated', 'Team Assigned to Your Complaint', 'Your complaint #DG-20260605-60416 has been assigned to maintenance team \"Team night fighters\". Work will begin soon.', 0, '2026-06-05 09:59:52'),
(99, 1, 13, 26, 'system', 'Proof Submitted', 'Your complaint completion proof has been submitted for inspection.', 0, '2026-06-05 10:06:16'),
(100, 1, 13, 71, 'system', 'Proof Submitted', 'Your complaint completion proof has been submitted for inspection.', 1, '2026-06-05 10:06:29'),
(101, 1, 9, 71, 'system', 'Review Started', 'Inspector has started reviewing the completion proof for your complaint.', 0, '2026-06-05 10:07:16'),
(102, 1, 9, 26, 'system', 'Review Started', 'Inspector has started reviewing the completion proof for your complaint.', 0, '2026-06-05 10:07:22'),
(103, 1, 9, 71, 'system', 'Complaint Solved', 'Your complaint has been approved by Inspector and marked as solved.', 1, '2026-06-05 10:08:13'),
(104, 1, 7, 26, 'system', 'Complaint Disputed', 'Your complaint DG-20260601-30688 has been disputed due to false completion. We are investigating.', 0, '2026-06-05 10:10:58'),
(105, 1, 13, 58, 'system', 'Proof Submitted', 'Your complaint completion proof has been submitted for inspection.', 0, '2026-06-05 10:12:35'),
(106, 1, 14, 72, 'system', 'Proof Submitted', 'Your complaint completion proof has been submitted for inspection.', 0, '2026-06-05 10:13:45'),
(107, 1, 10, 72, 'system', 'Review Started', 'Inspector has started reviewing the completion proof for your complaint.', 0, '2026-06-05 10:14:06'),
(108, 1, 6, 72, 'system', 'Complaint Solved', 'Your complaint DG-20260605-60416 is solved! Please provide feedback.', 0, '2026-06-05 10:15:33'),
(109, 1, 11, 56, 'system', 'Proof Submitted', 'Your complaint completion proof has been submitted for inspection.', 0, '2026-06-05 11:49:27'),
(110, 1, 11, 37, 'system', 'Proof Submitted', 'Your complaint completion proof has been submitted for inspection.', 0, '2026-06-05 11:49:44'),
(111, 1, 8, 37, 'system', 'Review Started', 'Inspector has started reviewing the completion proof for your complaint.', 0, '2026-06-05 11:50:10'),
(112, 1, 8, 56, 'system', 'Review Started', 'Inspector has started reviewing the completion proof for your complaint.', 0, '2026-06-05 11:50:16'),
(113, 1, 8, 37, 'system', 'Complaint Solved', 'Your complaint has been approved by Inspector and marked as solved.', 0, '2026-06-05 11:50:21'),
(114, 1, 8, 56, 'system', 'Complaint Solved', 'Your complaint has been approved by Inspector and marked as solved.', 0, '2026-06-05 11:50:26'),
(115, 1, 5, 37, 'system', 'Objection Accepted', 'Your objection has been accepted. The complaint is reopened.', 0, '2026-06-05 11:52:44'),
(116, 1, 4, 64, 'complaint_accepted', 'Complaint Accepted', 'Your complaint DG-20260605-50954 has been accepted by Central Officer and marked as Received.', 0, '2026-06-05 14:12:51'),
(117, 1, 4, 70, 'complaint_accepted', 'Complaint Accepted', 'Your complaint DG-20260605-10983 has been accepted by Central Officer and marked as Received.', 0, '2026-06-05 14:13:58'),
(120, 1, 4, 64, 'status_update', 'Complaint Routed to Ward', 'Your complaint has been processed by the Central Control and routed to your respective Ward Officer for field verification.', 0, '2026-06-05 14:14:26'),
(121, 1, 4, 70, 'status_update', 'Complaint Routed to Ward', 'Your complaint has been processed by the Central Control and routed to your respective Ward Officer for field verification.', 0, '2026-06-05 14:14:29'),
(123, 1, 5, 64, 'status_update', 'Complaint Verified', 'Your complaint #DG-20260605-50954 has been verified by the Ward Officer.', 0, '2026-06-05 14:15:29'),
(124, 1, 5, 70, 'status_update', 'Complaint Verified', 'Your complaint #DG-20260605-10983 has been verified by the Ward Officer.', 0, '2026-06-05 14:15:33'),
(126, 1, 5, 64, 'complaint_status_updated', 'Team Assigned to Your Complaint', 'Your complaint #DG-20260605-50954 has been assigned to maintenance team \"team mars rover\". Work will begin soon.', 0, '2026-06-05 14:22:16'),
(127, 1, 5, 37, 'complaint_status_updated', 'Team Assigned to Your Complaint', 'Your complaint #DG-20260605-64450 has been assigned to maintenance team \"team mars rover\". Work will begin soon.', 0, '2026-06-05 14:22:28'),
(128, 1, 11, 64, 'system', 'Proof Submitted', 'Your complaint completion proof has been submitted for inspection.', 0, '2026-06-05 17:44:09'),
(129, 1, 11, 69, 'system', 'Proof Submitted', 'Your complaint completion proof has been submitted for inspection.', 0, '2026-06-05 17:44:31'),
(130, 1, 8, 69, 'system', 'Review Started', 'Inspector has started reviewing the completion proof for your complaint.', 0, '2026-06-05 17:45:08'),
(131, 1, 8, 64, 'system', 'Review Started', 'Inspector has started reviewing the completion proof for your complaint.', 0, '2026-06-05 17:45:15'),
(132, 1, 8, 64, 'system', 'Complaint Solved', 'Your complaint has been approved by Inspector and marked as solved.', 0, '2026-06-05 17:45:48'),
(133, 1, 5, 69, 'system', 'Complaint Disputed', 'Your complaint DG-20260605-70215 has been disputed due to false completion. We are investigating.', 0, '2026-06-05 17:54:05'),
(134, 1, 4, 68, 'complaint_accepted', 'Complaint Accepted', 'Your complaint DG-20260605-21701 has been accepted by Central Officer and marked as Received.', 0, '2026-06-05 19:26:56'),
(135, 1, 4, 60, 'complaint_accepted', 'Complaint Accepted', 'Your complaint DG-20260605-77372 has been accepted by Central Officer and marked as Received.', 0, '2026-06-05 19:27:21'),
(136, 1, 4, 60, 'status_update', 'Complaint Routed to Ward', 'Your complaint has been processed by the Central Control and routed to your respective Ward Officer for field verification.', 0, '2026-06-05 19:27:31'),
(137, 15, 3, 86, 'complaint_accepted', 'Complaint Accepted', 'Your complaint DG-20260605-65882 has been accepted by Central Officer and marked as Received.', 1, '2026-06-05 21:42:18'),
(138, 15, 3, 85, 'complaint_rejected', 'Complaint Rejected', 'Your complaint DG-20260605-83131 has been rejected by Central Officer. Please check the rejection reason.', 1, '2026-06-05 21:44:20'),
(139, 15, 3, 85, 'comment_reply', 'New Reply to Your Comment', 'Someone replied to your comment on complaint DG-20260605-83131.', 1, '2026-06-05 21:51:40'),
(140, 15, 3, 85, 'comment_reply', 'New Comment on Complaint', 'A new comment was added to complaint DG-20260605-83131.', 1, '2026-06-05 21:53:35'),
(141, 15, 3, 85, 'comment_reply', 'New Reply to Your Comment', 'Someone replied to your comment on complaint DG-20260605-83131.', 1, '2026-06-05 22:04:38'),
(142, 15, 3, 84, 'complaint_accepted', 'Complaint Accepted', 'Your complaint DG-20260605-37588 has been accepted by Central Officer and marked as Received.', 0, '2026-06-05 22:06:04'),
(143, 15, 3, 83, 'complaint_accepted', 'Complaint Accepted', 'Your complaint DG-20260605-61171 has been accepted by Central Officer and marked as Received.', 0, '2026-06-05 22:06:10'),
(144, 15, 3, 82, 'complaint_accepted', 'Complaint Accepted', 'Your complaint DG-20260605-76234 has been accepted by Central Officer and marked as Received.', 0, '2026-06-05 22:06:15'),
(145, 15, 3, 81, 'complaint_accepted', 'Complaint Accepted', 'Your complaint DG-20260605-44561 has been accepted by Central Officer and marked as Received.', 0, '2026-06-05 22:06:19'),
(146, 15, 3, 80, 'complaint_accepted', 'Complaint Accepted', 'Your complaint DG-20260605-68188 has been accepted by Central Officer and marked as Received.', 0, '2026-06-05 22:06:23'),
(147, 15, 3, 79, 'complaint_accepted', 'Complaint Accepted', 'Your complaint DG-20260605-55724 has been accepted by Central Officer and marked as Received.', 0, '2026-06-05 22:06:28'),
(148, 15, 3, 78, 'complaint_accepted', 'Complaint Accepted', 'Your complaint DG-20260605-51537 has been accepted by Central Officer and marked as Received.', 0, '2026-06-05 22:06:32'),
(149, 1, 3, 67, 'complaint_accepted', 'Complaint Accepted', 'Your complaint DG-20260605-39334 has been accepted by Central Officer and marked as Received.', 0, '2026-06-05 22:06:41'),
(150, 1, 3, 66, 'complaint_accepted', 'Complaint Accepted', 'Your complaint DG-20260605-76175 has been accepted by Central Officer and marked as Received.', 0, '2026-06-05 22:06:46'),
(151, 1, 3, 65, 'complaint_accepted', 'Complaint Accepted', 'Your complaint DG-20260605-68273 has been accepted by Central Officer and marked as Received.', 0, '2026-06-05 22:06:50'),
(152, 1, 3, 63, 'complaint_accepted', 'Complaint Accepted', 'Your complaint DG-20260605-39582 has been accepted by Central Officer and marked as Received.', 1, '2026-06-05 22:06:55'),
(153, 15, 3, 86, 'status_update', 'Complaint Routed to Ward', 'Your complaint has been processed by the Central Control and routed to your respective Ward Officer for field verification.', 1, '2026-06-05 22:07:19'),
(154, 15, 3, 83, 'status_update', 'Complaint Routed to Ward', 'Your complaint has been processed by the Central Control and routed to your respective Ward Officer for field verification.', 0, '2026-06-05 22:19:12'),
(155, 15, 3, 82, 'status_update', 'Complaint Routed to Ward', 'Your complaint has been processed by the Central Control and routed to your respective Ward Officer for field verification.', 1, '2026-06-05 22:30:39'),
(156, 15, 3, 84, 'status_update', 'Complaint Routed to Ward', 'Your complaint has been processed by the Central Control and routed to your respective Ward Officer for field verification.', 0, '2026-06-05 22:39:02'),
(157, 15, 3, 81, 'status_update', 'Complaint Routed to Ward', 'Your complaint has been processed by the Central Control and routed to your respective Ward Officer for field verification.', 0, '2026-06-05 22:39:07'),
(158, 15, 3, 80, 'status_update', 'Complaint Routed to Ward', 'Your complaint has been processed by the Central Control and routed to your respective Ward Officer for field verification.', 0, '2026-06-05 22:39:11'),
(159, 15, 3, 78, 'status_update', 'Complaint Routed to Ward', 'Your complaint has been processed by the Central Control and routed to your respective Ward Officer for field verification.', 0, '2026-06-05 22:39:15'),
(160, 15, 3, 79, 'status_update', 'Complaint Routed to Ward', 'Your complaint has been processed by the Central Control and routed to your respective Ward Officer for field verification.', 0, '2026-06-05 22:39:20'),
(161, 15, 17, 86, 'status_update', 'Complaint Verified', 'Your complaint #DG-20260605-65882 has been verified by the Ward Officer.', 1, '2026-06-05 22:40:31'),
(162, 15, 17, 83, 'ward_accept_verify', 'Complaint Verified by Ward Officer', 'Your complaint has been verified by the Ward Officer and moved forward in the workflow.', 1, '2026-06-05 23:24:04'),
(163, 15, 17, 82, 'ward_reject', 'Complaint Rejected by Ward Officer', 'Your complaint has been rejected by the Ward Officer. Reason: drkr nai', 1, '2026-06-05 23:24:13'),
(164, 15, 17, 84, 'ward_duplicate', 'Complaint Marked as Duplicate', 'Your complaint has been marked as a duplicate by the Ward Officer. Information: copy krco', 1, '2026-06-05 23:24:25'),
(165, 15, 17, 82, 'comment_reply', 'New Reply to Your Comment', 'Someone replied to your comment on complaint DG-20260605-76234.', 1, '2026-06-05 23:28:59'),
(166, 15, 17, 81, 'ward_accept_verify', 'Complaint Verified by Ward Officer', 'Your complaint has been verified by the Ward Officer and moved forward in the workflow.', 0, '2026-06-05 23:30:26'),
(167, 15, 17, 80, 'ward_accept_verify', 'Complaint Verified by Ward Officer', 'Your complaint has been verified by the Ward Officer and moved forward in the workflow.', 0, '2026-06-05 23:31:01'),
(168, 15, 17, 79, 'ward_accept_verify', 'Complaint Verified by Ward Officer', 'Your complaint has been verified by the Ward Officer and moved forward in the workflow.', 0, '2026-06-05 23:31:04'),
(169, 15, 17, 86, 'complaint_status_updated', 'Team Assigned to Your Complaint', 'Your complaint #DG-20260605-65882 has been assigned to maintenance team \"team mars rover\". Work will begin soon.', 1, '2026-06-05 23:31:57'),
(170, 15, 17, 83, 'complaint_status_updated', 'Team Assigned to Your Complaint', 'Your complaint #DG-20260605-61171 has been assigned to maintenance team \"Uttara Falcon\". Work will begin soon.', 1, '2026-06-05 23:35:38'),
(171, 15, 17, 81, 'complaint_status_updated', 'Team Assigned to Your Complaint', 'Your complaint #DG-20260605-44561 has been assigned to maintenance team \"Uttara kings\". Work will begin soon.', 0, '2026-06-05 23:35:53'),
(172, 15, 17, 80, 'complaint_status_updated', 'Team Assigned to Your Complaint', 'Your complaint #DG-20260605-68188 has been assigned to maintenance team \"Uttara Falcon\". Work will begin soon.', 0, '2026-06-05 23:36:05'),
(173, 15, 17, 79, 'complaint_status_updated', 'Team Assigned to Your Complaint', 'Your complaint #DG-20260605-55724 has been assigned to maintenance team \"Uttara Falcon\". Work will begin soon.', 1, '2026-06-05 23:59:38'),
(174, 15, 19, 83, 'maintenance_start_work', 'Maintenance Work Started', 'Maintenance Team has started work on complaint DG-20260605-61171.', 0, '2026-06-06 00:23:01'),
(175, 15, 19, 80, 'maintenance_start_work', 'Maintenance Work Started', 'Maintenance Team has started work on complaint DG-20260605-68188.', 0, '2026-06-06 00:23:14'),
(176, 15, 19, 79, 'maintenance_start_work', 'Maintenance Work Started', 'Maintenance Team has started work on complaint DG-20260605-55724.', 1, '2026-06-06 00:23:21'),
(177, 15, 11, 86, 'maintenance_start_work', 'Maintenance Work Started', 'Maintenance Team has started work on complaint DG-20260605-65882.', 0, '2026-06-06 00:30:38'),
(178, 1, 11, 37, 'maintenance_start_work', 'Maintenance Work Started', 'Maintenance Team has started work on complaint DG-20260605-64450.', 0, '2026-06-06 00:30:44'),
(179, 15, 11, 86, 'system', 'Proof Submitted', 'Your complaint completion proof has been submitted for inspection.', 1, '2026-06-06 00:32:15'),
(180, 15, 16, 86, 'system', 'Review Started', 'Inspector has started reviewing the completion proof for your complaint.', 1, '2026-06-06 00:39:27'),
(181, 15, 16, 86, 'inspector_work_approved', 'Work Approved by Inspector', 'Inspector approved the completed work for complaint DG-20260605-65882. The complaint is now closed/solved.', 1, '2026-06-06 00:59:14'),
(182, 15, 19, 79, 'maintenance_completion_proof_submitted', 'Completion Proof Submitted', 'Maintenance Team submitted completion proof for complaint DG-20260605-55724. The complaint is now waiting for inspector review.', 0, '2026-06-06 01:08:59'),
(183, 15, 19, 80, 'maintenance_completion_proof_submitted', 'Completion Proof Submitted', 'Maintenance Team submitted completion proof for complaint DG-20260605-68188. The complaint is now waiting for inspector review.', 0, '2026-06-06 01:09:25'),
(184, 15, 19, 83, 'maintenance_completion_proof_submitted', 'Completion Proof Submitted', 'Maintenance Team submitted completion proof for complaint DG-20260605-61171. The complaint is now waiting for inspector review.', 1, '2026-06-06 01:09:35'),
(185, 15, 16, 83, 'inspector_review_started', 'Inspector Review Started', 'Inspector has started reviewing complaint DG-20260605-61171.', 0, '2026-06-06 01:15:59'),
(186, 15, 16, 80, 'inspector_review_started', 'Inspector Review Started', 'Inspector has started reviewing complaint DG-20260605-68188.', 1, '2026-06-06 01:16:06'),
(187, 15, 16, 79, 'inspector_review_started', 'Inspector Review Started', 'Inspector has started reviewing complaint DG-20260605-55724.', 0, '2026-06-06 01:19:50'),
(188, 15, 16, 83, 'inspector_work_approved', 'Work Approved by Inspector', 'Inspector approved the completed work for complaint DG-20260605-61171. The complaint is now closed/solved.', 1, '2026-06-06 01:20:05'),
(189, 15, 16, 79, 'inspector_work_approved', 'Work Approved by Inspector', 'Inspector approved the completed work for complaint DG-20260605-55724. The complaint is now closed/solved.', 1, '2026-06-06 01:24:32'),
(190, 15, 18, 81, 'maintenance_completion_proof_submitted', 'Completion Proof Submitted', 'Maintenance Team submitted completion proof for complaint DG-20260605-44561. The complaint is now waiting for inspector review.', 0, '2026-06-06 01:34:24'),
(191, 15, 16, 81, 'inspector_review_started', 'Inspector Review Started', 'Inspector has started reviewing complaint DG-20260605-44561.', 0, '2026-06-06 01:34:38'),
(192, 15, 17, 81, 'ward_confirm_inspector_claim', 'Inspector Claim Confirmed by Ward Officer', 'Ward Officer confirmed the inspector claim for complaint DG-20260605-44561. The false completion case has been validated.', 0, '2026-06-06 02:52:22'),
(193, 15, 17, 80, 'ward_reject_inspector_claim', 'Inspector Claim Rejected by Ward Officer', 'Your complaint DG-20260605-68188 is solved! The inspector\'s false claim was rejected. Please provide feedback.', 1, '2026-06-06 02:52:29'),
(194, 15, 17, 83, 'ward_citizen_claim_true', 'Citizen Claim Marked True', 'Ward Officer accepted your objection for complaint. Your claim has been marked as true. The complaint is reopened.', 1, '2026-06-06 02:52:43'),
(195, 15, 17, 81, 'ward_reopen_assign_team', 'Reopened Complaint Assigned', 'Ward Officer assigned a team for reopened complaint DG-20260605-44561. The complaint has moved forward again.', 1, '2026-06-06 02:53:13'),
(196, 21, 22, 96, 'complaint_accepted', 'Complaint Accepted', 'Your complaint DG-20260606-41196 has been accepted by Central Officer and marked as Received.', 1, '2026-06-06 08:55:45'),
(197, 21, 22, 95, 'complaint_rejected', 'Complaint Rejected', 'Your complaint DG-20260606-12561 has been rejected by Central Officer. Please check the rejection reason.', 1, '2026-06-06 08:56:26'),
(198, 21, 22, 95, 'comment_reply', 'New Reply to Your Comment', 'Someone replied to your comment on complaint DG-20260606-12561.', 1, '2026-06-06 08:59:21'),
(199, 21, 22, 93, 'complaint_accepted', 'Complaint Accepted', 'Your complaint DG-20260606-15711 has been accepted by Central Officer and marked as Received.', 0, '2026-06-06 09:00:51'),
(200, 21, 22, 94, 'complaint_accepted', 'Complaint Accepted', 'Your complaint DG-20260606-88399 has been accepted by Central Officer and marked as Received.', 0, '2026-06-06 09:00:54'),
(201, 21, 22, 92, 'complaint_accepted', 'Complaint Accepted', 'Your complaint DG-20260606-66666 has been accepted by Central Officer and marked as Received.', 0, '2026-06-06 09:00:58'),
(202, 21, 22, 91, 'complaint_accepted', 'Complaint Accepted', 'Your complaint DG-20260606-81123 has been accepted by Central Officer and marked as Received.', 0, '2026-06-06 09:01:09'),
(203, 21, 22, 90, 'complaint_accepted', 'Complaint Accepted', 'Your complaint DG-20260606-19649 has been accepted by Central Officer and marked as Received.', 0, '2026-06-06 09:01:13'),
(204, 21, 22, 89, 'complaint_accepted', 'Complaint Accepted', 'Your complaint DG-20260606-18858 has been accepted by Central Officer and marked as Received.', 0, '2026-06-06 09:02:26'),
(205, 21, 22, 88, 'complaint_accepted', 'Complaint Accepted', 'Your complaint DG-20260606-76261 has been accepted by Central Officer and marked as Received.', 1, '2026-06-06 09:02:29'),
(206, 21, 22, 87, 'complaint_accepted', 'Complaint Accepted', 'Your complaint DG-20260606-63863 has been accepted by Central Officer and marked as Received.', 1, '2026-06-06 09:02:34'),
(207, 21, 22, 96, 'status_update', 'Complaint Routed to Ward', 'Your complaint has been processed by the Central Control and routed to your respective Ward Officer for field verification.', 0, '2026-06-06 09:06:52'),
(208, 21, 22, 91, 'status_update', 'Complaint Routed to Ward', 'Your complaint has been processed by the Central Control and routed to your respective Ward Officer for field verification.', 0, '2026-06-06 09:06:57'),
(209, 21, 22, 92, 'status_update', 'Complaint Routed to Ward', 'Your complaint has been processed by the Central Control and routed to your respective Ward Officer for field verification.', 0, '2026-06-06 09:07:09'),
(210, 1, 22, 63, 'status_update', 'Complaint Routed to Ward', 'Your complaint has been processed by the Central Control and routed to your respective Ward Officer for field verification.', 0, '2026-06-06 09:07:12'),
(211, 21, 22, 90, 'status_update', 'Complaint Routed to Ward', 'Your complaint has been processed by the Central Control and routed to your respective Ward Officer for field verification.', 1, '2026-06-06 09:07:16'),
(212, 1, 22, 66, 'status_update', 'Complaint Routed to Ward', 'Your complaint has been processed by the Central Control and routed to your respective Ward Officer for field verification.', 0, '2026-06-06 09:08:10'),
(213, 21, 22, 88, 'status_update', 'Complaint Routed to Ward', 'Your complaint has been processed by the Central Control and routed to your respective Ward Officer for field verification.', 0, '2026-06-06 09:08:13'),
(214, 21, 22, 87, 'status_update', 'Complaint Routed to Ward', 'Your complaint has been processed by the Central Control and routed to your respective Ward Officer for field verification.', 0, '2026-06-06 09:08:17'),
(215, 1, 22, 68, 'status_update', 'Complaint Routed to Ward', 'Your complaint has been processed by the Central Control and routed to your respective Ward Officer for field verification.', 1, '2026-06-06 09:08:24'),
(216, 21, 22, 93, 'status_update', 'Complaint Routed to Ward', 'Your complaint has been processed by the Central Control and routed to your respective Ward Officer for field verification.', 0, '2026-06-06 09:08:29'),
(217, 21, 22, 89, 'status_update', 'Complaint Routed to Ward', 'Your complaint has been processed by the Central Control and routed to your respective Ward Officer for field verification.', 1, '2026-06-06 09:08:37'),
(218, 21, 24, 96, 'ward_accept_verify', 'Complaint Verified by Ward Officer', 'Your complaint has been verified by the Ward Officer and moved forward in the workflow.', 0, '2026-06-06 09:09:41'),
(219, 21, 24, 91, 'ward_reject', 'Complaint Rejected by Ward Officer', 'Your complaint has been rejected by the Ward Officer. Reason: somoy nai', 1, '2026-06-06 09:09:50'),
(220, 21, 24, 92, 'ward_duplicate', 'Complaint Marked as Duplicate', 'Your complaint has been marked as a duplicate by the Ward Officer. Information: eita already verified problem', 1, '2026-06-06 09:10:04'),
(221, 21, 22, 91, 'comment_reply', 'New Reply to Your Comment', 'Someone replied to your comment on complaint DG-20260606-81123.', 0, '2026-06-06 09:12:04'),
(222, 21, 24, 90, 'ward_accept_verify', 'Complaint Verified by Ward Officer', 'Your complaint has been verified by the Ward Officer and moved forward in the workflow.', 0, '2026-06-06 09:12:39'),
(223, 21, 24, 88, 'ward_accept_verify', 'Complaint Verified by Ward Officer', 'Your complaint has been verified by the Ward Officer and moved forward in the workflow.', 0, '2026-06-06 09:12:42'),
(224, 21, 24, 87, 'ward_accept_verify', 'Complaint Verified by Ward Officer', 'Your complaint has been verified by the Ward Officer and moved forward in the workflow.', 0, '2026-06-06 09:12:44'),
(225, 21, 24, 93, 'ward_accept_verify', 'Complaint Verified by Ward Officer', 'Your complaint has been verified by the Ward Officer and moved forward in the workflow.', 0, '2026-06-06 09:12:46'),
(226, 21, 24, 96, 'complaint_status_updated', 'Team Assigned to Your Complaint', 'Your complaint #DG-20260606-41196 has been assigned to maintenance team \"Mohammadpur Drain Maintenance Unit\". Work will begin soon.', 0, '2026-06-06 09:25:17'),
(227, 21, 24, 90, 'complaint_status_updated', 'Team Assigned to Your Complaint', 'Your complaint #DG-20260606-19649 has been assigned to maintenance team \"Mohammadpur Drain Maintenance Unit\". Work will begin soon.', 0, '2026-06-06 09:25:39'),
(228, 21, 24, 88, 'complaint_status_updated', 'Team Assigned to Your Complaint', 'Your complaint #DG-20260606-76261 has been assigned to maintenance team \"Mohammadpur Drain Maintenance Unit\". Work will begin soon.', 0, '2026-06-06 09:25:50'),
(229, 21, 24, 87, 'complaint_status_updated', 'Team Assigned to Your Complaint', 'Your complaint #DG-20260606-63863 has been assigned to maintenance team \"Mohammadpur Drainage Response Team\". Work will begin soon.', 0, '2026-06-06 09:26:05'),
(230, 21, 24, 93, 'complaint_status_updated', 'Team Assigned to Your Complaint', 'Your complaint #DG-20260606-15711 has been assigned to maintenance team \"Mohammadpur Drainage Response Team\". Work will begin soon.', 1, '2026-06-06 09:26:15'),
(231, 21, 25, 96, 'maintenance_start_work', 'Maintenance Work Started', 'Maintenance Team has started work on complaint DG-20260606-41196.', 1, '2026-06-06 09:30:25'),
(232, 21, 25, 88, 'maintenance_start_work', 'Maintenance Work Started', 'Maintenance Team has started work on complaint DG-20260606-76261.', 0, '2026-06-06 09:33:05'),
(233, 21, 25, 90, 'maintenance_start_work', 'Maintenance Work Started', 'Maintenance Team has started work on complaint DG-20260606-19649.', 0, '2026-06-06 09:33:11'),
(234, 21, 25, 90, 'maintenance_completion_proof_submitted', 'Completion Proof Submitted', 'Maintenance Team submitted completion proof for complaint DG-20260606-19649. The complaint is now waiting for inspector review.', 0, '2026-06-06 09:38:27'),
(235, 21, 25, 88, 'maintenance_completion_proof_submitted', 'Completion Proof Submitted', 'Maintenance Team submitted completion proof for complaint DG-20260606-76261. The complaint is now waiting for inspector review.', 0, '2026-06-06 09:38:45'),
(236, 21, 25, 96, 'maintenance_completion_proof_submitted', 'Completion Proof Submitted', 'Maintenance Team submitted completion proof for complaint DG-20260606-41196. The complaint is now waiting for inspector review.', 1, '2026-06-06 09:38:56'),
(237, 21, 26, 87, 'maintenance_start_work', 'Maintenance Work Started', 'Maintenance Team has started work on complaint DG-20260606-63863.', 0, '2026-06-06 09:40:29'),
(238, 21, 26, 87, 'maintenance_completion_proof_submitted', 'Completion Proof Submitted', 'Maintenance Team submitted completion proof for complaint DG-20260606-63863. The complaint is now waiting for inspector review.', 0, '2026-06-06 09:40:53'),
(239, 21, 23, 87, 'inspector_review_started', 'Inspector Review Started', 'Inspector has started reviewing complaint DG-20260606-63863.', 0, '2026-06-06 09:41:20'),
(240, 21, 23, 96, 'inspector_review_started', 'Inspector Review Started', 'Inspector has started reviewing complaint DG-20260606-41196.', 0, '2026-06-06 09:41:33'),
(241, 21, 23, 88, 'inspector_review_started', 'Inspector Review Started', 'Inspector has started reviewing complaint DG-20260606-76261.', 1, '2026-06-06 09:41:46'),
(242, 21, 23, 87, 'inspector_work_approved', 'Work Approved by Inspector', 'Inspector approved the completed work for complaint DG-20260606-63863. The complaint is now closed/solved.', 1, '2026-06-06 09:43:32'),
(243, 21, 23, 96, 'inspector_work_approved', 'Work Approved by Inspector', 'Inspector approved the completed work for complaint DG-20260606-41196. The complaint is now closed/solved.', 1, '2026-06-06 09:43:39'),
(244, 21, 23, 90, 'inspector_review_started', 'Inspector Review Started', 'Inspector has started reviewing complaint DG-20260606-19649.', 1, '2026-06-06 09:47:03'),
(245, 21, 24, 90, 'ward_confirm_inspector_claim', 'Inspector Claim Confirmed by Ward Officer', 'Ward Officer confirmed the inspector claim for complaint DG-20260606-19649. The false completion case has been validated.', 0, '2026-06-06 09:49:18'),
(246, 21, 24, 88, 'ward_reject_inspector_claim', 'Inspector Claim Rejected by Ward Officer', 'Your complaint DG-20260606-76261 is solved! The inspector\'s false claim was rejected. Please provide feedback.', 1, '2026-06-06 09:49:29'),
(247, 21, 24, 90, 'ward_reopen_assign_team', 'Reopened Complaint Assigned', 'Ward Officer assigned a team for reopened complaint DG-20260606-19649. The complaint has moved forward again.', 1, '2026-06-06 09:49:51'),
(248, 21, 24, 88, 'ward_citizen_claim_true', 'Citizen Claim Marked True', 'Ward Officer accepted your objection for complaint. Your claim has been marked as true. The complaint is reopened.', 1, '2026-06-06 09:51:04'),
(249, 21, 24, 87, 'ward_citizen_claim_false', 'Citizen Claim Marked False', 'Ward Officer reviewed your objection for this complaint. Your claim has been marked as false. The complaint remains closed.', 1, '2026-06-06 09:51:09'),
(250, 1, 4, 97, 'complaint_accepted', 'Complaint Accepted', 'Your complaint DG-20260606-57047 has been accepted by Central Officer and marked as Received.', 1, '2026-06-06 18:31:43'),
(251, 1, 4, 97, 'status_update', 'Complaint Routed to Ward', 'Your complaint has been processed by the Central Control and routed to your respective Ward Officer for field verification.', 1, '2026-06-06 18:47:40'),
(252, 1, 4, 67, 'status_update', 'Complaint Routed to Ward', 'Your complaint has been processed by the Central Control and routed to your respective Ward Officer for field verification.', 1, '2026-06-06 19:06:33'),
(253, 27, 28, 106, 'complaint_accepted', 'Complaint Accepted', 'Your complaint DG-20260606-21770 has been accepted by Central Officer and marked as Received.', 1, '2026-06-06 22:25:12'),
(254, 27, 28, 105, 'complaint_accepted', 'Complaint Accepted', 'Your complaint DG-20260606-59215 has been accepted by Central Officer and marked as Received.', 1, '2026-06-06 22:25:34'),
(255, 27, 28, 104, 'complaint_rejected', 'Complaint Rejected', 'Your complaint DG-20260606-40572 has been rejected by Central Officer. Please check the rejection reason.', 1, '2026-06-06 22:25:51'),
(256, 27, 28, 104, 'comment_reply', 'New Reply to Your Comment', 'Someone replied to your comment on complaint DG-20260606-40572.', 0, '2026-06-06 22:26:56'),
(257, 27, 28, 103, 'complaint_accepted', 'Complaint Accepted', 'Your complaint DG-20260606-40540 has been accepted by Central Officer and marked as Received.', 0, '2026-06-06 22:28:36'),
(258, 27, 28, 102, 'complaint_accepted', 'Complaint Accepted', 'Your complaint DG-20260606-41105 has been accepted by Central Officer and marked as Received.', 0, '2026-06-06 22:28:41'),
(259, 27, 28, 101, 'complaint_accepted', 'Complaint Accepted', 'Your complaint DG-20260606-38440 has been accepted by Central Officer and marked as Received.', 0, '2026-06-06 22:28:44'),
(260, 27, 28, 100, 'complaint_accepted', 'Complaint Accepted', 'Your complaint DG-20260606-34119 has been accepted by Central Officer and marked as Received.', 0, '2026-06-06 22:28:48'),
(261, 27, 28, 99, 'complaint_accepted', 'Complaint Accepted', 'Your complaint DG-20260606-56475 has been accepted by Central Officer and marked as Received.', 0, '2026-06-06 22:28:57'),
(262, 27, 28, 98, 'complaint_accepted', 'Complaint Accepted', 'Your complaint DG-20260606-21337 has been accepted by Central Officer and marked as Received.', 0, '2026-06-06 22:29:01'),
(263, 27, 28, 99, 'status_update', 'Complaint Routed to Ward', 'Your complaint has been processed by the Central Control and routed to your respective Ward Officer for field verification.', 0, '2026-06-06 22:43:08'),
(264, 21, 28, 94, 'status_update', 'Complaint Routed to Ward', 'Your complaint has been processed by the Central Control and routed to your respective Ward Officer for field verification.', 0, '2026-06-06 22:43:17'),
(265, 27, 28, 106, 'status_update', 'Complaint Routed to Ward', 'Your complaint has been processed by the Central Control and routed to your respective Ward Officer for field verification.', 0, '2026-06-06 22:44:41'),
(266, 27, 28, 103, 'status_update', 'Complaint Routed to Ward', 'Your complaint has been processed by the Central Control and routed to your respective Ward Officer for field verification.', 0, '2026-06-06 22:44:44'),
(267, 27, 28, 102, 'status_update', 'Complaint Routed to Ward', 'Your complaint has been processed by the Central Control and routed to your respective Ward Officer for field verification.', 0, '2026-06-06 22:44:47'),
(268, 27, 28, 100, 'status_update', 'Complaint Routed to Ward', 'Your complaint has been processed by the Central Control and routed to your respective Ward Officer for field verification.', 0, '2026-06-06 22:44:50'),
(269, 27, 28, 98, 'status_update', 'Complaint Routed to Ward', 'Your complaint has been processed by the Central Control and routed to your respective Ward Officer for field verification.', 0, '2026-06-06 22:44:53'),
(270, 27, 28, 105, 'status_update', 'Complaint Routed to Ward', 'Your complaint has been processed by the Central Control and routed to your respective Ward Officer for field verification.', 0, '2026-06-06 22:44:55'),
(271, 27, 28, 101, 'status_update', 'Complaint Routed to Ward', 'Your complaint has been processed by the Central Control and routed to your respective Ward Officer for field verification.', 0, '2026-06-06 22:44:58'),
(272, 27, 30, 99, 'ward_accept_verify', 'Complaint Verified by Ward Officer', 'Your complaint has been verified by the Ward Officer and moved forward.', 0, '2026-06-06 22:46:06'),
(273, 27, 30, 106, 'ward_reject', 'Complaint Rejected by Ward Officer', 'Your complaint has been rejected by the Ward Officer. Reason: rtrtfgdbfg', 0, '2026-06-06 22:46:11'),
(274, 27, 30, 103, 'ward_duplicate', 'Complaint Marked as Duplicate', 'Your complaint has been marked as a duplicate by the Ward Officer. Information: gfdfgfdgfdg', 0, '2026-06-06 22:46:18'),
(275, 27, 30, 102, 'ward_accept_verify', 'Complaint Verified by Ward Officer', 'Your complaint has been verified by the Ward Officer and moved forward.', 0, '2026-06-06 22:47:59'),
(276, 27, 30, 100, 'ward_accept_verify', 'Complaint Verified by Ward Officer', 'Your complaint has been verified by the Ward Officer and moved forward.', 0, '2026-06-06 22:48:26'),
(277, 27, 30, 98, 'ward_accept_verify', 'Complaint Verified by Ward Officer', 'Your complaint has been verified by the Ward Officer and moved forward.', 0, '2026-06-06 22:48:39'),
(278, 27, 30, 105, 'ward_accept_verify', 'Complaint Verified by Ward Officer', 'Your complaint has been verified by the Ward Officer and moved forward.', 0, '2026-06-06 22:48:43'),
(279, 27, 30, 101, 'ward_accept_verify', 'Complaint Verified by Ward Officer', 'Your complaint has been verified by the Ward Officer and moved forward.', 0, '2026-06-06 22:48:46'),
(280, 27, 30, 99, 'complaint_status_updated', 'Team Assigned to Your Complaint', 'Your complaint #DG-20260606-56475 has been assigned to maintenance team \"Emergency Cleaning Unit\". Work will begin soon.', 1, '2026-06-06 22:50:03'),
(281, 27, 30, 102, 'complaint_status_updated', 'Team Assigned to Your Complaint', 'Your complaint #DG-20260606-41105 has been assigned to maintenance team \"Emergency Cleaning Unit\". Work will begin soon.', 0, '2026-06-06 22:56:10'),
(282, 27, 30, 100, 'complaint_status_updated', 'Team Assigned to Your Complaint', 'Your complaint #DG-20260606-34119 has been assigned to maintenance team \"Emergency Cleaning Unit\". Work will begin soon.', 0, '2026-06-06 22:56:21'),
(283, 27, 30, 98, 'complaint_status_updated', 'Team Assigned to Your Complaint', 'Your complaint #DG-20260606-21337 has been assigned to maintenance team \"Rapid Drainage Team\". Work will begin soon.', 0, '2026-06-06 22:56:47'),
(284, 27, 30, 105, 'complaint_status_updated', 'Team Assigned to Your Complaint', 'Your complaint #DG-20260606-59215 has been assigned to maintenance team \"Rapid Drainage Team\". Work will begin soon.', 0, '2026-06-06 22:56:58');
INSERT INTO `citizen_notifications` (`notification_id`, `recipient_user_id`, `sender_user_id`, `related_complaint_id`, `notification_type`, `notification_title`, `notification_message`, `is_read`, `created_at`) VALUES
(285, 27, 30, 101, 'complaint_status_updated', 'Team Assigned to Your Complaint', 'Your complaint #DG-20260606-38440 has been assigned to maintenance team \"Rapid Drainage Team\". Work will begin soon.', 0, '2026-06-06 22:57:09'),
(286, 27, 31, 99, 'maintenance_start_work', 'Maintenance Work Started', 'Maintenance Team has started work on complaint DG-20260606-56475.', 0, '2026-06-06 22:57:49'),
(287, 27, 31, 102, 'maintenance_start_work', 'Maintenance Work Started', 'Maintenance Team has started work on complaint DG-20260606-41105.', 0, '2026-06-06 22:59:10'),
(288, 27, 31, 100, 'maintenance_start_work', 'Maintenance Work Started', 'Maintenance Team has started work on complaint DG-20260606-34119.', 0, '2026-06-06 22:59:16'),
(289, 27, 31, 100, 'maintenance_completion_proof_submitted', 'Completion Proof Submitted', 'Maintenance Team submitted completion proof for complaint DG-20260606-34119. The complaint is now waiting for inspector review.', 1, '2026-06-06 23:00:51'),
(290, 27, 31, 102, 'maintenance_completion_proof_submitted', 'Completion Proof Submitted', 'Maintenance Team submitted completion proof for complaint DG-20260606-41105. The complaint is now waiting for inspector review.', 0, '2026-06-06 23:03:22'),
(291, 27, 31, 99, 'maintenance_completion_proof_submitted', 'Completion Proof Submitted', 'Maintenance Team submitted completion proof for complaint DG-20260606-56475. The complaint is now waiting for inspector review.', 0, '2026-06-06 23:03:32'),
(292, 27, 29, 99, 'inspector_review_started', 'Inspector Review Started', 'Inspector has started reviewing complaint DG-20260606-56475.', 0, '2026-06-06 23:04:09'),
(293, 27, 29, 102, 'inspector_review_started', 'Inspector Review Started', 'Inspector has started reviewing complaint DG-20260606-41105.', 0, '2026-06-06 23:04:25'),
(294, 27, 29, 100, 'inspector_review_started', 'Inspector Review Started', 'Inspector has started reviewing complaint DG-20260606-34119.', 0, '2026-06-06 23:04:50'),
(295, 27, 29, 99, 'inspector_work_approved', 'Work Approved by Inspector', 'Inspector approved the completed work for complaint DG-20260606-56475. The complaint is now closed/solved.', 1, '2026-06-06 23:07:05'),
(296, 27, 29, 100, 'inspector_work_approved', 'Work Approved by Inspector', 'Inspector approved the completed work for complaint DG-20260606-34119. The complaint is now closed/solved.', 0, '2026-06-06 23:09:21'),
(297, 27, 32, 98, 'maintenance_start_work', 'Maintenance Work Started', 'Maintenance Team has started work on complaint DG-20260606-21337.', 0, '2026-06-06 23:12:58'),
(298, 27, 32, 101, 'maintenance_start_work', 'Maintenance Work Started', 'Maintenance Team has started work on complaint DG-20260606-38440.', 0, '2026-06-06 23:13:02'),
(299, 27, 32, 101, 'maintenance_completion_proof_submitted', 'Completion Proof Submitted', 'Maintenance Team submitted completion proof for complaint DG-20260606-38440. The complaint is now waiting for inspector review.', 0, '2026-06-06 23:14:59'),
(300, 27, 32, 98, 'maintenance_completion_proof_submitted', 'Completion Proof Submitted', 'Maintenance Team submitted completion proof for complaint DG-20260606-21337. The complaint is now waiting for inspector review.', 0, '2026-06-06 23:15:10'),
(301, 27, 29, 98, 'inspector_review_started', 'Inspector Review Started', 'Inspector has started reviewing complaint DG-20260606-21337.', 0, '2026-06-06 23:15:31'),
(302, 27, 29, 101, 'inspector_review_started', 'Inspector Review Started', 'Inspector has started reviewing complaint DG-20260606-38440.', 0, '2026-06-06 23:15:36'),
(303, 27, 29, 101, 'inspector_work_approved', 'Work Approved by Inspector', 'Inspector approved the completed work for complaint DG-20260606-38440. The complaint is now closed/solved.', 0, '2026-06-06 23:15:51'),
(304, 27, 30, 98, 'ward_confirm_inspector_claim', 'Inspector Claim Confirmed by Ward Officer', 'Ward Officer confirmed the inspector claim for complaint DG-20260606-21337. The false completion case has been validated.', 1, '2026-06-06 23:20:09'),
(305, 27, 30, 102, 'ward_reject_inspector_claim', 'Inspector Claim Rejected by Ward Officer', 'Your complaint DG-20260606-41105 is solved! The inspector\'s false claim was rejected. Please provide feedback.', 1, '2026-06-06 23:20:31'),
(306, 27, 30, 102, 'ward_citizen_claim_true', 'Citizen Claim Marked True', 'Ward Officer accepted your objection for complaint. Your claim has been marked as true. The complaint is reopened.', 0, '2026-06-06 23:22:49'),
(307, 27, 30, 99, 'ward_citizen_claim_false', 'Citizen Claim Marked False', 'Ward Officer reviewed your objection for this complaint. Your claim has been marked as false. The complaint remains closed.', 0, '2026-06-06 23:22:55'),
(308, 27, 30, 98, 'ward_reopen_assign_team', 'Reopened Complaint Assigned', 'Ward Officer assigned a team for reopened complaint DG-20260606-21337. The complaint has moved forward again.', 0, '2026-06-06 23:24:41'),
(309, 27, 32, 105, 'maintenance_start_work', 'Maintenance Work Started', 'Maintenance Team has started work on complaint DG-20260606-59215.', 0, '2026-06-07 18:32:39'),
(310, 27, 30, 102, 'complaint_status_updated', 'Team Assigned to Your Complaint', 'Your complaint #DG-20260606-41105 has been assigned to maintenance team \"Emergency Cleaning Unit\". Work will begin soon.', 0, '2026-06-07 19:01:58'),
(311, 27, 30, 98, 'complaint_status_updated', 'Team Assigned to Your Complaint', 'Your complaint #DG-20260606-21337 has been assigned to maintenance team \"Emergency Cleaning Unit\". Work will begin soon.', 0, '2026-06-07 19:12:47'),
(312, 27, 31, 102, 'maintenance_start_work', 'Maintenance Work Started', 'Maintenance Team has started work on complaint DG-20260606-41105.', 0, '2026-06-07 19:16:33'),
(313, 15, 4, 107, 'complaint_accepted', 'Complaint Accepted', 'Your complaint DG-20260607-28326 has been accepted by Central Officer and marked as Received.', 1, '2026-06-07 22:39:20'),
(314, 1, 4, 61, 'comment_reply', 'New Comment on Complaint', 'A new comment was added to complaint DG-20260605-69031.', 1, '2026-06-07 23:26:58'),
(315, 15, 4, 57, 'comment_reply', 'New Reply to Your Comment', 'Someone replied to your comment on complaint DG-20260605-22380.', 1, '2026-06-08 00:03:52'),
(316, 15, 5, 57, 'comment_reply', 'New Reply to Your Comment', 'Someone replied to your comment on complaint DG-20260605-22380.', 1, '2026-06-08 00:04:22'),
(324, 15, 11, 108, 'maintenance_completion_proof_submitted', 'Completion Proof Submitted', 'Maintenance Team submitted completion proof for complaint DG-20260608-52779. The complaint is now waiting for inspector review.', 0, '2026-06-08 09:39:29'),
(325, 1, 11, 69, 'maintenance_completion_proof_submitted', 'Completion Proof Submitted', 'Maintenance Team submitted completion proof for complaint DG-20260605-70215. The complaint is now waiting for inspector review.', 0, '2026-06-08 09:44:02'),
(327, 33, 34, 118, 'complaint_rejected', 'Complaint Rejected', 'Your complaint DG-20260608-89932 has been rejected by Central Officer. Please check the rejection reason.', 1, '2026-06-08 12:33:28'),
(328, 33, 34, 118, 'comment_reply', 'New Reply to Your Comment', 'Someone replied to your comment on complaint DG-20260608-89932.', 1, '2026-06-08 12:34:38'),
(338, 33, 34, 118, 'comment_reply', 'New Reply to Your Comment', 'Someone replied to your comment on complaint DG-20260608-89932.', 1, '2026-06-08 12:37:06'),
(339, 33, 1, 118, 'comment_reply', 'New Reply to Your Comment', 'Someone replied to your comment on complaint DG-20260608-89932.', 1, '2026-06-08 12:37:54'),
(340, 33, 1, 118, 'comment_reply', 'New Reply to Your Comment', 'Someone replied to your comment on complaint DG-20260608-89932.', 1, '2026-06-08 12:38:07'),
(341, 33, 34, 119, 'status_update', 'Complaint Routed to Ward', 'Your complaint has been processed by the Central Control and routed to your respective Ward Officer for field verification.', 0, '2026-06-08 12:39:04'),
(352, 33, 36, 114, 'ward_reject', 'Complaint Rejected by Ward Officer', 'Your complaint has been rejected by the Ward Officer. Reason: kra hbe na', 1, '2026-06-08 12:42:22'),
(353, 33, 36, 113, 'ward_duplicate', 'Complaint Marked as Duplicate', 'Your complaint has been marked as a duplicate by the Ward Officer. Information: eita already verified problem', 1, '2026-06-08 12:42:40'),
(354, 33, 36, 114, 'comment_reply', 'New Reply to Your Comment', 'Someone replied to your comment on complaint DG-20260608-17681.', 1, '2026-06-08 12:44:04'),
(355, 33, 34, 114, 'comment_reply', 'New Reply to Your Comment', 'Someone replied to your comment on complaint DG-20260608-17681.', 1, '2026-06-08 12:44:49'),
(366, 33, 36, 109, 'ward_accept_verify', 'Complaint Verified by Ward Officer', 'Your complaint has been verified by the Ward Officer and moved forward.', 0, '2026-06-08 12:56:18'),
(367, 33, 36, 111, 'ward_accept_verify', 'Complaint Verified by Ward Officer', 'Your complaint has been verified by the Ward Officer and moved forward.', 0, '2026-06-08 12:56:22'),
(382, 33, 35, 117, 'inspector_review_started', 'Inspector Review Started', 'Inspector has started reviewing complaint DG-20260608-54305.', 0, '2026-06-08 13:04:59'),
(385, 33, 35, 110, 'inspector_work_approved', 'Work Approved by Inspector', 'Inspector approved the completed work for complaint DG-20260608-34853. The complaint is now closed/solved.', 1, '2026-06-08 13:05:20'),
(389, 33, 36, 116, 'ward_citizen_claim_false', 'Citizen Claim Marked False', 'Ward Officer reviewed your objection for this complaint. Your claim has been marked as false. The complaint remains closed.', 1, '2026-06-08 13:11:16'),
(390, 33, 36, 112, 'ward_confirm_inspector_claim', 'Inspector Claim Confirmed by Ward Officer', 'Ward Officer confirmed the inspector claim for complaint DG-20260608-30312. The false completion case has been validated.', 1, '2026-06-08 13:14:09'),
(391, 33, 36, 117, 'ward_reject_inspector_claim', 'Inspector Claim Rejected by Ward Officer', 'Your complaint DG-20260608-54305 is solved! The inspector\'s false claim was rejected. Please provide feedback.', 1, '2026-06-08 13:14:15'),
(392, 33, 36, 115, 'ward_reopen_assign_team', 'Reopened Complaint Assigned', 'Ward Officer assigned a team for reopened complaint DG-20260608-63720. The complaint has moved forward again.', 0, '2026-06-08 13:15:43'),
(394, 33, 36, 112, 'complaint_status_updated', 'Team Assigned to Your Complaint', 'Your complaint #DG-20260608-30312 has been assigned to maintenance team \"Drain Response Team Bravo\". Work will begin soon.', 0, '2026-06-08 13:40:07');

-- --------------------------------------------------------

--
-- Table structure for table `citizen_penalties`
--

CREATE TABLE `citizen_penalties` (
  `penalty_id` int(11) NOT NULL,
  `citizen_id` int(11) NOT NULL,
  `user_id` int(11) NOT NULL,
  `complaint_id` int(11) DEFAULT NULL,
  `penalty_type` enum('fake_complaint','fake_objection') NOT NULL,
  `demerit_point` int(11) NOT NULL DEFAULT 1,
  `reason` text NOT NULL,
  `decided_by_user_id` int(11) DEFAULT NULL,
  `created_at` datetime NOT NULL DEFAULT current_timestamp()
) ENGINE=InnoDB DEFAULT CHARSET=utf8mb4 COLLATE=utf8mb4_general_ci;

-- --------------------------------------------------------

--
-- Table structure for table `citizen_settings`
--

CREATE TABLE `citizen_settings` (
  `setting_id` int(11) NOT NULL,
  `user_id` int(11) NOT NULL,
  `email_notification` tinyint(1) NOT NULL DEFAULT 1,
  `sms_alert` tinyint(1) NOT NULL DEFAULT 1,
  `push_notification` tinyint(1) NOT NULL DEFAULT 1,
  `updated_at` timestamp NOT NULL DEFAULT current_timestamp() ON UPDATE current_timestamp()
) ENGINE=InnoDB DEFAULT CHARSET=utf8mb4 COLLATE=utf8mb4_general_ci;

--
-- Dumping data for table `citizen_settings`
--

INSERT INTO `citizen_settings` (`setting_id`, `user_id`, `email_notification`, `sms_alert`, `push_notification`, `updated_at`) VALUES
(1, 1, 1, 1, 1, '2026-06-05 03:17:38');

-- --------------------------------------------------------

--
-- Table structure for table `city_corporations`
--

CREATE TABLE `city_corporations` (
  `city_cor_id` int(11) NOT NULL,
  `city_cor_name` varchar(150) NOT NULL,
  `city_id` int(11) NOT NULL
) ENGINE=InnoDB DEFAULT CHARSET=utf8mb4 COLLATE=utf8mb4_general_ci;

--
-- Dumping data for table `city_corporations`
--

INSERT INTO `city_corporations` (`city_cor_id`, `city_cor_name`, `city_id`) VALUES
(1, 'Dhaka North City Corporation', 1),
(2, 'Dhaka South City Corporation', 1),
(3, 'Chattogram City Corporation', 2),
(4, 'Sylhet City Corporation', 3),
(5, 'Barishal City Corporation', 4),
(6, 'Khulna City Corporation', 5),
(7, 'Rajshahi City Corporation', 6),
(8, 'Gazipur City Corporation', 7),
(9, 'Narayanganj City Corporation', 8),
(10, 'Rangpur City Corporation', 9),
(11, 'Cumilla City Corporation', 10),
(12, 'Mymensingh City Corporation', 11);

-- --------------------------------------------------------

--
-- Table structure for table `comment_likes`
--

CREATE TABLE `comment_likes` (
  `id` int(11) NOT NULL,
  `complaint_id` int(11) DEFAULT NULL,
  `parent_id` int(11) DEFAULT NULL,
  `user_id` int(11) NOT NULL,
  `type` enum('comment','like','dislike') NOT NULL DEFAULT 'comment',
  `comment_text` text DEFAULT NULL,
  `is_deleted` tinyint(1) NOT NULL DEFAULT 0,
  `created_at` datetime NOT NULL DEFAULT current_timestamp(),
  `updated_at` datetime DEFAULT NULL ON UPDATE current_timestamp()
) ENGINE=InnoDB DEFAULT CHARSET=utf8mb4 COLLATE=utf8mb4_general_ci;

--
-- Dumping data for table `comment_likes`
--

INSERT INTO `comment_likes` (`id`, `complaint_id`, `parent_id`, `user_id`, `type`, `comment_text`, `is_deleted`, `created_at`, `updated_at`) VALUES
(1, 28, NULL, 1, 'comment', 'hi', 0, '2026-06-04 10:59:19', NULL),
(2, 28, 1, 4, 'comment', 'hello', 0, '2026-06-04 11:03:47', NULL),
(3, NULL, 2, 4, 'dislike', NULL, 0, '2026-06-04 11:04:13', '2026-06-04 11:04:13'),
(4, NULL, 1, 4, 'like', NULL, 0, '2026-06-04 11:04:15', NULL),
(5, 28, 1, 1, 'comment', 'hm', 0, '2026-06-04 11:05:21', NULL),
(6, 34, NULL, 1, 'comment', 'why tmr sahos to kom na', 0, '2026-06-04 13:04:11', NULL),
(7, NULL, 6, 1, 'like', NULL, 0, '2026-06-04 13:39:15', NULL),
(8, 34, NULL, 1, 'comment', 'give reason', 0, '2026-06-04 13:39:36', NULL),
(9, 34, NULL, 4, 'comment', 'hm very bad', 0, '2026-06-04 13:59:37', NULL),
(10, NULL, 9, 1, 'like', NULL, 0, '2026-06-04 14:00:09', NULL),
(11, NULL, 9, 4, 'like', NULL, 0, '2026-06-04 14:00:47', NULL),
(12, 27, NULL, 1, 'comment', 'kno diven na', 0, '2026-06-04 15:39:09', NULL),
(13, 27, 12, 4, 'comment', 'hmm', 0, '2026-06-04 15:39:46', NULL),
(14, 27, 12, 6, 'comment', 'icca', 0, '2026-06-04 15:40:20', NULL),
(15, 27, 12, 6, 'comment', '@Afsana Afrin Mihi add', 0, '2026-06-04 15:47:50', NULL),
(16, 62, NULL, 1, 'comment', 'why', 0, '2026-06-05 09:23:25', NULL),
(17, 61, NULL, 1, 'comment', 'kno', 0, '2026-06-05 09:23:58', NULL),
(18, 62, NULL, 4, 'comment', 'emni', 0, '2026-06-05 09:25:12', NULL),
(19, 62, 18, 1, 'comment', '@Afsana Afrin Mihi hmm', 0, '2026-06-05 09:39:18', NULL),
(20, 85, NULL, 15, 'comment', 'krte hbe apnake', 0, '2026-06-05 21:45:35', NULL),
(21, 85, 20, 3, 'comment', '@Munna krbo na', 0, '2026-06-05 21:51:40', NULL),
(22, 85, 20, 15, 'comment', '@Rayhan Islam kra lagbe', 0, '2026-06-05 21:52:05', NULL),
(23, 85, NULL, 3, 'comment', 'somossa tai krbo na', 0, '2026-06-05 21:53:35', NULL),
(24, 85, NULL, 15, 'comment', 'kro na plz', 0, '2026-06-05 22:04:11', NULL),
(25, 85, 24, 3, 'comment', '@Munna krbo', 0, '2026-06-05 22:04:38', NULL),
(26, 85, 24, 15, 'comment', '@Rayhan Islam kbe', 0, '2026-06-05 22:05:01', NULL),
(27, 82, NULL, 15, 'comment', 'thik kro nai', 0, '2026-06-05 23:25:01', NULL),
(28, 84, NULL, 15, 'comment', 'ke dice complaint', 0, '2026-06-05 23:25:19', NULL),
(29, 82, 27, 17, 'comment', '@Munna valo kreci', 0, '2026-06-05 23:28:59', NULL),
(30, 95, NULL, 21, 'comment', 'kno krete parben na', 0, '2026-06-06 08:56:58', NULL),
(31, NULL, 30, 22, 'like', NULL, 0, '2026-06-06 08:59:06', NULL),
(32, 95, 30, 22, 'comment', '@Md. Hasan Mahmud pore krbo ekhn time nai', 0, '2026-06-06 08:59:21', NULL),
(33, 95, 30, 21, 'comment', '@Md. Tanvir Ahmed ok', 0, '2026-06-06 08:59:52', NULL),
(34, 91, NULL, 21, 'comment', 'why', 0, '2026-06-06 09:11:30', NULL),
(35, 91, 34, 22, 'comment', '@Md. Hasan Mahmud why', 0, '2026-06-06 09:12:04', NULL),
(36, 104, NULL, 27, 'comment', 'why', 0, '2026-06-06 22:26:40', NULL),
(37, 104, 36, 28, 'comment', '@Nusrat Jahan fgfgfg', 0, '2026-06-06 22:26:56', NULL),
(38, 106, NULL, 27, 'comment', 'dfdfdf', 0, '2026-06-06 22:46:56', NULL),
(39, 85, NULL, 15, 'comment', 'fddfdf', 0, '2026-06-07 22:55:20', NULL),
(40, 85, NULL, 15, 'comment', 'dfdfsdsdfdsdfdfssdfdfdfsf', 0, '2026-06-07 23:13:43', NULL),
(41, 61, NULL, 4, 'comment', 'trtrttr', 0, '2026-06-07 23:26:58', NULL),
(42, 61, NULL, 1, 'comment', 'hgfghgh', 0, '2026-06-07 23:27:26', NULL),
(43, 57, NULL, 15, 'comment', 'kno kreco', 0, '2026-06-08 00:03:13', NULL),
(44, 57, 43, 4, 'comment', '@Munna icce', 0, '2026-06-08 00:03:52', NULL),
(45, 57, 43, 5, 'comment', '@Munna na amr icce', 0, '2026-06-08 00:04:22', NULL),
(46, 118, NULL, 33, 'comment', 'kno dico', 0, '2026-06-08 12:34:12', NULL),
(47, 118, 46, 34, 'comment', '@Farzana Akter icca amr', 0, '2026-06-08 12:34:38', NULL),
(48, 118, 46, 33, 'comment', '@Shakib Rahman ok', 0, '2026-06-08 12:34:59', NULL),
(49, 118, 46, 34, 'comment', '@Farzana Akter ok', 0, '2026-06-08 12:37:06', NULL),
(50, 118, 46, 1, 'comment', '@Farzana Akter hmm', 0, '2026-06-08 12:37:54', NULL),
(51, 118, 46, 1, 'comment', '@Shakib Rahman tmi kro', 0, '2026-06-08 12:38:07', NULL),
(52, 114, NULL, 33, 'comment', 'why', 0, '2026-06-08 12:43:26', NULL),
(53, 114, 52, 36, 'comment', '@Farzana Akter yes', 0, '2026-06-08 12:44:04', NULL),
(54, 114, 52, 33, 'comment', '@Aminul Haque yes', 0, '2026-06-08 12:44:34', NULL),
(55, 114, 52, 34, 'comment', '@Farzana Akter yes', 0, '2026-06-08 12:44:49', NULL);

-- --------------------------------------------------------

--
-- Table structure for table `complaints`
--

CREATE TABLE `complaints` (
  `complaint_id` int(11) NOT NULL,
  `complaint_code` varchar(50) NOT NULL,
  `user_id` int(11) NOT NULL,
  `loc_id` int(11) NOT NULL,
  `drain_id` int(11) DEFAULT NULL,
  `issue_id` int(11) DEFAULT NULL,
  `affected_area_id` int(11) DEFAULT NULL,
  `address_description` text NOT NULL,
  `problem_description` text NOT NULL,
  `complaint_status` enum('submitted','received','pending_verification','verified_by_ward','rejected_by_central','rejected_by_ward','duplicate','team_assigned','in_progress','solved_by_team','inspector_verification','closed','reopened','disputed','final_rejected') NOT NULL DEFAULT 'submitted',
  `work_started_at` datetime DEFAULT NULL,
  `parent_complaint_id` int(11) DEFAULT NULL,
  `is_repeat_complaint` tinyint(1) DEFAULT 0,
  `submitted_at` timestamp NOT NULL DEFAULT current_timestamp(),
  `updated_at` timestamp NOT NULL DEFAULT current_timestamp() ON UPDATE current_timestamp(),
  `closed_at` datetime DEFAULT NULL
) ENGINE=InnoDB DEFAULT CHARSET=utf8mb4 COLLATE=utf8mb4_general_ci;

--
-- Dumping data for table `complaints`
--

INSERT INTO `complaints` (`complaint_id`, `complaint_code`, `user_id`, `loc_id`, `drain_id`, `issue_id`, `affected_area_id`, `address_description`, `problem_description`, `complaint_status`, `work_started_at`, `parent_complaint_id`, `is_repeat_complaint`, `submitted_at`, `updated_at`, `closed_at`) VALUES
(25, 'DG-20260601-66917', 1, 92, 8, 1, 2, 'main road er pashe', 'manholer cover nai', 'closed', '2026-06-04 20:36:50', NULL, 0, '2026-06-01 07:39:59', '2026-06-04 16:47:51', '2026-06-04 22:47:51'),
(26, 'DG-20260601-30688', 1, 197, 9, 9, 5, 'street 5', 'Drain-er mouth plastic, polythene and garbage diye block hoye geche. Pani properly flow korte parche na, tai nearby area waterlogged hoye jacche.', 'reopened', '2026-06-05 10:01:51', NULL, 0, '2026-06-01 09:01:13', '2026-06-05 04:11:06', NULL),
(27, 'DG-20260601-35614', 1, 1277, 10, 7, 10, 'street 5 , residential area', 'Heavy rain-er por main road-e pani jome ache. Drainage system properly kaj na korar karone traffic jam and pedestrian movement-e problem hocche.', 'duplicate', NULL, NULL, 0, '2026-06-01 09:03:21', '2026-06-04 09:38:10', NULL),
(28, 'DG-20260601-66730', 1, 942, 11, 14, 14, 'kazi nozrul saroni', 'Residential street-er open drain theke bad smell ber hocche. Local residents-der daily life-e problem hocche and health risk create hocche.', 'rejected_by_central', NULL, NULL, 0, '2026-06-01 09:04:57', '2026-06-04 03:23:27', NULL),
(29, 'DG-20260601-72428', 1, 166, 12, 11, 9, 'senanibas', 'Market area-r drain cover broken hoye geche. Manush cholachol korar somoy accident-er risk ache, especially night time-e.', 'pending_verification', NULL, NULL, 0, '2026-06-01 09:06:05', '2026-06-05 03:25:58', NULL),
(30, 'DG-20260601-59321', 2, 96, 13, 12, 13, 'jomuna future park', 'Drain-er dirty stagnant water-e mosquito breeding hocche. Eta dengue and other disease spread-er risk baracche.', 'duplicate', NULL, NULL, 0, '2026-06-01 09:09:58', '2026-06-05 03:42:32', NULL),
(32, 'DG-20260601-42274', 2, 197, 15, 6, 6, 'settlement area', 'Low-income settlement area-te dirty drain water overflow kore houses-er shamne chole ashche. Eta public health and hygiene-er jonno dangerous.', 'disputed', '2026-06-05 00:23:27', NULL, 0, '2026-06-01 09:12:41', '2026-06-04 19:45:55', NULL),
(33, 'DG-20260601-12951', 2, 98, 16, 5, 7, 'colleger er pashe', 'Drain-er dirty water nearby clean water source-er sathe mix hocche. Eta drinking water contamination and serious health risk create korte pare.', 'rejected_by_ward', NULL, NULL, 0, '2026-06-01 09:14:00', '2026-06-04 08:49:08', NULL),
(34, 'DG-20260604-63993', 1, 91, 5, 3, 2, 'main road', 'parle dekhe jao', 'rejected_by_ward', NULL, NULL, 0, '2026-06-04 06:55:58', '2026-06-04 09:30:56', NULL),
(35, 'DG-20260604-11892', 1, 187, 17, 12, 8, 'street no 5', 'valo lage nai tai dici', 'pending_verification', NULL, NULL, 0, '2026-06-04 09:51:55', '2026-06-04 09:53:56', NULL),
(36, 'DG-20260604-46464', 1, 197, 18, 2, 11, 'fssvgzrbgh', 'dvxbhsxrzxgxdfxrgx', 'rejected_by_ward', NULL, NULL, 0, '2026-06-04 09:57:57', '2026-06-04 09:59:17', NULL),
(37, 'DG-20260605-64450', 1, 92, 19, 11, 9, 'high school', 'khub kharap obostha', 'in_progress', '2026-06-06 00:30:44', NULL, 0, '2026-06-04 20:21:37', '2026-06-05 18:30:44', '2026-06-05 11:50:21'),
(56, 'DG-20260605-40954', 1, 94, 20, 1, 3, 'Near Olipara Market', 'There is an open man hole near Olipara Market which is very dangerous for the passerby including man, women, children, or disabled people. The authority is requested to take the matter seriously and solve the issue as soon as possible.', 'closed', '2026-06-05 10:00:36', NULL, 0, '2026-06-04 12:51:55', '2026-06-05 05:50:26', '2026-06-05 11:50:26'),
(57, 'DG-20260605-22380', 1, 94, 21, 13, 11, 'At the junction of Olipara Jame Mosque', 'Lots of wastes has been dumped near a holy place which is unacceptable. This is being problematic to the drainage system near and also ruining the environment near a religious place like a central mosque. Action need to be taken fast.', 'rejected_by_ward', NULL, NULL, 0, '2026-06-04 13:00:22', '2026-06-05 03:42:26', NULL),
(58, 'DG-20260605-81889', 1, 197, 22, 5, 6, 'Dakkhin Moddhopara Balurmath', 'The drainage system in the moddhopara road balurmath is backdated and not maintained for years resulting in severe blockaage and water contamination in the low income settlement. People are suffering from diseases and many complicacies. This issue is needed to be taken in accountability urgently.', 'solved_by_team', '2026-06-05 10:05:26', NULL, 0, '2026-06-04 13:08:40', '2026-06-05 04:12:35', NULL),
(59, 'DG-20260605-67901', 1, 178, 23, 14, 4, 'Near Kafrul auto stand', 'Extreme bad odor is spreading in the area near Kafrul Auto Stand which is very insufferable for the people residing and the passerby.  Many people are falling sick due to this bad odor and smelly environment. Please look into the matter', 'pending_verification', NULL, NULL, 0, '2026-06-04 13:12:06', '2026-06-05 03:26:05', NULL),
(60, 'DG-20260605-77372', 1, 201, 24, 4, 8, 'Barua elakar Nur Mohammod market road is pashe 17 number Goli', 'Brishtir din e rastar obostha khub kharap hoye jay. Drain er obostha bhalo na. Lok joner asha jawar khub shomossha hoy. Er ekta shomadhan ber korun.', 'pending_verification', NULL, NULL, 0, '2026-06-04 13:18:46', '2026-06-05 13:27:31', NULL),
(61, 'DG-20260605-69031', 1, 27, 25, 10, 8, 'Krishi Bank Road, Shewly Villa', 'Panir shomossha', 'rejected_by_central', NULL, NULL, 0, '2026-06-04 13:25:08', '2026-06-05 03:21:26', NULL),
(62, 'DG-20260605-60408', 1, 1068, 26, 16, 2, 'Motijheel colony main road', 'Motijheel colony main road has a slow drainage system for certain issues. Anytime a little drizzle of rain occurs, the road gets waterlogged resulting in the sufferings of the general people\'s transportation and conveyance.', 'rejected_by_central', NULL, NULL, 0, '2026-06-04 13:28:48', '2026-06-05 03:21:46', NULL),
(63, 'DG-20260605-39582', 1, 1283, 27, 2, 3, '17/ B Farashgonj, PO: Dhaka Sadar HO, PS: Sutrapur, Shambazar Dhaka, 1100', 'Missing drain cover near the main road. Every now and then accidents happen due to this but no action has been taken yet. Totally unacceptable! We want action to be taken as soon as possible', 'pending_verification', NULL, NULL, 0, '2026-06-04 13:43:23', '2026-06-06 03:07:12', NULL),
(64, 'DG-20260605-50954', 1, 91, 28, 4, 3, 'Mullar Tex Ltd. Ka-157/ka/c, kuril, badda, Dhaka 1229', 'severe road flooding near and industrial area is very serious and stressful. The workers suffer from a lot trouble regarding the transportation and monsoon days.', 'disputed', '2026-06-05 17:42:58', NULL, 0, '2026-06-04 13:51:23', '2026-06-05 12:02:17', '2026-06-05 17:45:48'),
(65, 'DG-20260605-68273', 1, 1245, 29, 15, 12, 'Bahadurpur lane footpath', 'Unwanted garbage accumulation on the footpath stopping people to use it and walk on main road instead.', 'received', NULL, NULL, 0, '2026-06-04 13:55:48', '2026-06-05 16:06:50', NULL),
(66, 'DG-20260605-76175', 1, 993, 30, 3, 3, 'City bank Islampur branch, Sonar Bangla Market, 18 Islampur Rd, Dhaka 1100', 'dangerous collapse of drainage structure near the bank road which may lead to serious accidents.', 'pending_verification', NULL, NULL, 0, '2026-06-04 14:02:13', '2026-06-06 03:08:10', NULL),
(67, 'DG-20260605-39334', 1, 97, 31, 12, 8, 'House 13 Rd No.8, Dhaka 1229, Chishti Bhaban', 'Too much mosquitoes these days having their evolve source from the uncleaned drainage.', 'pending_verification', NULL, NULL, 0, '2026-06-04 14:05:52', '2026-06-06 13:06:33', NULL),
(68, 'DG-20260605-21701', 1, 353, 32, 14, 13, 'Achiya Garden', 'Bad smell spreading from the ill-maintained sewage', 'pending_verification', NULL, NULL, 0, '2026-06-04 14:10:28', '2026-06-06 03:08:24', NULL),
(69, 'DG-20260605-70215', 1, 95, 33, 6, 4, 'Near Jagannathpur Bus Stand', 'In front of Jagannathpur Bus stand there is a drainage leakage causing waterlogging and flooding during the rainy days and not go for days. Many students, working people travel through here everyday, so this needs to be looked after as soon as possible.', 'solved_by_team', '2026-06-08 00:48:18', NULL, 0, '2026-06-04 14:13:29', '2026-06-08 03:44:02', NULL),
(70, 'DG-20260605-10983', 1, 93, 34, 7, 3, 'Joar Shahara Bazar, 60 Joar Shahara Bazar Rd, Dhaka 1229', 'Waterlogging during rainy days or a little drizzle is very troublesome and tiring making people demotivated to work, travel and halts normal activities like transportation and buy-sell of goods.', 'verified_by_ward', NULL, NULL, 0, '2026-06-04 14:21:06', '2026-06-05 08:15:33', NULL),
(71, 'DG-20260605-63522', 1, 198, 35, 8, 8, 'Residential area near shonar khola', 'Due to poor maintenance of the drainage system in the residential area near Shonar Khola overflowing of drain is been noticed. Very troublesome for the general residents and ÓªíÓª¥Óª¿ passerby. Mosquitoes are increasing as a result which may cause in serious disease like malaria, dengue etc. Look into the matter please.', 'disputed', '2026-06-05 10:01:39', NULL, 0, '2026-06-04 14:26:58', '2026-06-05 04:09:33', '2026-06-05 10:08:13'),
(72, 'DG-20260605-60416', 1, 1293, 36, 9, 9, 'The narrow lane in the shree das lane', 'Blocked drainage causing waterlogging and sufferings to people', 'closed', '2026-06-05 10:01:07', NULL, 0, '2026-06-04 14:29:43', '2026-06-05 04:15:33', '2026-06-05 10:15:33'),
(73, 'DG-20260605-55393', 1, 469, 37, 15, 9, 'Bazar er pasher road', 'Bazar er pasher road er drain e moyla jome giyeche. People are accumulating garbage in the place cause drainage issue', 'pending_verification', NULL, NULL, 0, '2026-06-04 14:32:52', '2026-06-05 03:26:02', NULL),
(78, 'DG-20260605-51537', 15, 1373, 42, 9, 2, 'dfgjhgjukjhlkjlkjlkjhggjhjhkjhk', 'kjjkjkjl;j;jlljllk;', 'pending_verification', NULL, NULL, 0, '2026-06-05 14:19:25', '2026-06-05 16:39:15', NULL),
(79, 'DG-20260605-55724', 15, 531, 43, 14, 4, 'House 12, Road 3, near Abdullahpur Bus Stand, main road side drain.', 'Drain থেকে দুর্গন্ধ বের হচ্ছে, যার কারণে আশেপাশের মানুষের চলাচল ও বসবাসে সমস্যা হচ্ছে।\r\nজমে থাকা ময়লা পানি, পচা বর্জ্য বা blocked flow এর কারণে এই bad odor তৈরি হতে পারে।', 'closed', '2026-06-06 00:23:21', NULL, 0, '2026-06-05 14:56:54', '2026-06-05 19:24:32', '2026-06-06 01:24:32'),
(80, 'DG-20260605-68188', 15, 535, 44, 9, 10, 'House 25, Block B, Baunia Bazar Road, near local mosque.', 'Drain-এর ভিতরে plastic, mud, garbage বা waste জমে পানি চলাচল বন্ধ হয়ে গেছে।\r\nএর ফলে অল্প বৃষ্টিতেই পানি জমে waterlogging এবং overflow problem তৈরি হচ্ছে।', 'closed', '2026-06-06 00:23:14', NULL, 0, '2026-06-05 14:58:37', '2026-06-05 20:52:29', '2026-06-06 02:52:29'),
(81, 'DG-20260605-44561', 15, 536, 45, 11, 5, 'Road 7, near Dakshin Khan High School, beside residential drain line.', 'Drain cover ভেঙে গেছে বা loose অবস্থায় আছে, যা pedestrian এবং vehicle-এর জন্য accident risk তৈরি করছে।\r\nবিশেষ করে রাতের সময় মানুষ পড়ে যাওয়ার সম্ভাবনা বেশি থাকে।', 'reopened', '2026-06-06 00:08:56', NULL, 0, '2026-06-05 14:59:46', '2026-06-05 20:53:13', NULL),
(82, 'DG-20260605-76234', 15, 534, 46, 2, 1, 'House 18, Faydabad Main Road, near Faydabad Bazar and pharmacy.', 'Drain-এর cover সম্পূর্ণভাবে নেই, ফলে open drain মানুষের জন্য খুব বিপজ্জনক হয়ে গেছে।\r\nএতে শিশু, পথচারী বা vehicle accident হওয়ার high risk থাকে।', 'rejected_by_ward', NULL, NULL, 0, '2026-06-05 15:01:11', '2026-06-05 17:24:13', NULL),
(83, 'DG-20260605-61171', 15, 537, 47, 1, 11, 'Road 5, Ranavola residential area, beside community center drain.', 'Manhole খোলা অবস্থায় আছে এবং কোনো safety marking বা cover নেই।\r\nএটি serious accident, injury এবং traffic hazard তৈরি করতে পারে।', 'reopened', '2026-06-06 00:23:01', NULL, 0, '2026-06-05 15:02:43', '2026-06-05 20:52:43', '2026-06-06 01:20:05'),
(84, 'DG-20260605-37588', 15, 533, 48, 8, 9, 'House 31, Shailpur Road, near local grocery shop and narrow lane.', 'Drain-এর পানি বাইরে উপচে রাস্তা বা residential area-তে ছড়িয়ে পড়ছে।\r\nBlocked flow, heavy rain বা poor drainage capacity এর কারণে overflow হতে পারে।', 'duplicate', NULL, NULL, 0, '2026-06-05 15:05:44', '2026-06-05 17:24:25', NULL),
(85, 'DG-20260605-83131', 15, 521, 49, 6, 3, 'House 14, Road 2, Sector 1, near Uttara local park.', 'Drain বা sewer line থেকে dirty sewage water বাইরে বের হচ্ছে।\r\nএতে bad smell, health risk এবং water contamination-এর সম্ভাবনা তৈরি হয়।', 'rejected_by_central', NULL, NULL, 0, '2026-06-05 15:06:49', '2026-06-05 15:44:20', NULL),
(86, 'DG-20260605-65882', 15, 527, 50, 5, 6, 'House 22, Road 9, Sector 7, near main road and bus stop.', 'Drain-এর dirty water clean water source বা drinking water line-এর সাথে মিশে যাচ্ছে।\r\nএটি public health-এর জন্য খুব dangerous এবং disease outbreak ঘটাতে পারে।', 'closed', '2026-06-06 00:30:38', NULL, 0, '2026-06-05 15:08:00', '2026-06-05 18:59:14', '2026-06-06 00:59:14'),
(87, 'DG-20260606-63863', 21, 280, 51, 9, 8, 'Description: Road 3, Block B, বছিলা সিটি ডেভেলপার্স, Mohammadpur, Dhaka, near main road entrance', 'The roadside drain is blocked with mud, plastic waste, and household garbage. Rainwater cannot flow properly and water is staying beside the houses. The area has started producing bad odor and residents are facing movement problems.', 'final_rejected', '2026-06-06 09:40:29', NULL, 0, '2026-06-06 02:43:07', '2026-06-06 03:51:09', '2026-06-06 09:43:32'),
(88, 'DG-20260606-76261', 21, 271, 52, 7, 2, 'Bosila Road, near Mohammadpur Beribadh intersection, Mohammadpur, Dhaka', 'Rainwater is staying on the main road because the drainage line is not clearing properly. Vehicles are moving slowly and pedestrians are unable to walk safely. Immediate drain cleaning is required to reduce road flooding.', 'reopened', '2026-06-06 09:33:05', NULL, 0, '2026-06-06 02:44:51', '2026-06-06 03:51:04', '2026-06-06 09:49:29'),
(89, 'DG-20260606-18858', 21, 265, 53, 14, 8, 'House 18, Road 5, Mohammadpur Housing Society, Mohammadpur, Dhaka', 'A strong bad odor is coming from the nearby drain due to stagnant dirty water and waste buildup. The smell is spreading around nearby houses. It is creating health concerns for children and elderly residents.', 'pending_verification', NULL, NULL, 0, '2026-06-06 02:46:04', '2026-06-06 03:08:37', NULL),
(90, 'DG-20260606-19649', 21, 264, 54, 8, 3, 'Tajmahal Road, near Krishi Market, Mohammadpur, Dhaka', 'The drain beside the market area is overflowing and dirty water is spreading onto the road. Shop owners and customers are facing difficulty moving through the area. The situation becomes worse during peak market hours.', 'reopened', '2026-06-06 09:33:11', NULL, 0, '2026-06-06 02:47:24', '2026-06-06 03:49:51', NULL),
(91, 'DG-20260606-81123', 21, 281, 55, 6, 6, 'Block C, Geneva Camp, Mohammadpur, Dhaka, near community mosque', 'Sewage water is leaking from the drainage line and spreading near residential houses. The dirty water is creating an unhygienic environment and increasing the risk of disease. Urgent repair is needed to stop the leakage.', 'rejected_by_ward', NULL, NULL, 0, '2026-06-06 02:48:44', '2026-06-06 03:09:50', NULL),
(92, 'DG-20260606-66666', 21, 282, 56, 11, 8, 'Gate 2, Japan Garden City, Ring Road, Mohammadpur, Dhaka', 'A drain cover near the entrance road is broken and unsafe for pedestrians. People may fall into the open drain, especially at night. The cover needs to be replaced quickly to avoid accidents.', 'duplicate', NULL, NULL, 0, '2026-06-06 02:49:53', '2026-06-06 03:10:04', NULL),
(93, 'DG-20260606-15711', 21, 264, 57, 15, 2, 'Ring Road, near Shyamoli Square Shopping Mall, Mohammadpur, Dhaka', 'Garbage has accumulated inside and beside the drain, blocking normal water flow. The waste is spreading onto the roadside and creating an unpleasant smell. Regular cleaning is needed to keep the drainage system active.', 'team_assigned', NULL, NULL, 0, '2026-06-06 02:51:28', '2026-06-06 03:26:15', NULL),
(94, 'DG-20260606-88399', 21, 266, 58, 16, 9, 'Road 2, Kaderabad Housing Estate, Mohammadpur, Dhaka', 'Garbage has accumulated inside and beside the drain, blocking normal water flow. The waste is spreading onto the roadside and creating an unpleasant smell. Regular cleaning is needed to keep the drainage system active.', 'pending_verification', NULL, NULL, 0, '2026-06-06 02:52:35', '2026-06-06 16:43:17', NULL),
(95, 'DG-20260606-12561', 21, 273, 59, 12, 8, 'Road 6, Dhaka Uddan, Mohammadpur, Dhaka, near local bazar', 'Stagnant water has remained inside the drain for several days, creating mosquito breeding spots. Residents are worried about dengue and other mosquito-borne diseases. The drain should be cleaned and treated immediately.', 'rejected_by_central', NULL, NULL, 0, '2026-06-06 02:53:50', '2026-06-06 02:56:26', NULL),
(96, 'DG-20260606-41196', 21, 269, 60, 1, 7, 'Road 4, Chandmia Housing, Mohammadpur, Dhaka, near main gate', 'A manhole cover is missing beside the residential road, creating a serious safety risk. Children and pedestrians may fall into it, especially at night. The manhole should be covered as soon as possible.', 'closed', '2026-06-06 09:30:25', NULL, 0, '2026-06-06 02:55:10', '2026-06-06 03:43:39', '2026-06-06 09:43:39'),
(97, 'DG-20260606-57047', 1, 1370, 61, 1, 8, 'erewrdsffs', 'dfdssdgfdggdsdgsd', 'pending_verification', NULL, NULL, 0, '2026-06-06 12:31:07', '2026-06-06 12:47:40', NULL),
(98, 'DG-20260606-21337', 27, 1217, 62, 9, 2, 'পরীবাগ শাহ সাহেব রোডের মূল রাস্তার পাশে, দোকানগুলোর সামনে ড্রেনের মুখ।', 'রাস্তার পাশের ড্রেনটি ময়লা ও পলিথিনে বন্ধ হয়ে গেছে। পানি ঠিকমতো নামছে না, ফলে রাস্তার পাশে পানি জমে দুর্গন্ধ ছড়াচ্ছে।', 'team_assigned', '2026-06-06 23:12:58', NULL, 0, '2026-06-06 15:30:41', '2026-06-07 16:01:07', NULL),
(99, 'DG-20260606-56475', 27, 1209, 63, 1, 8, 'ময়মনসিংহ রোডের আবাসিক গলির প্রবেশমুখে, বাসার সামনের রাস্তার পাশে।', 'একটি ম্যানহোলের ঢাকনা খোলা অবস্থায় আছে। রাতে চলাচলের সময় দুর্ঘটনার ঝুঁকি তৈরি হচ্ছে', 'final_rejected', '2026-06-06 22:57:49', NULL, 0, '2026-06-06 15:32:32', '2026-06-06 17:22:55', '2026-06-06 23:07:05'),
(100, 'DG-20260606-34119', 27, 1197, 64, 7, 7, 'ঢাকা বিশ্ববিদ্যালয় আবাসিক এলাকার ভেতরের রাস্তা, হলের সামনে নিচু জায়গায়।', 'ষ্টির পর দীর্ঘ সময় পানি জমে থাকে। শিক্ষার্থী ও পথচারীদের চলাচলে সমস্যা হচ্ছে।', 'closed', '2026-06-06 22:59:16', NULL, 0, '2026-06-06 15:33:41', '2026-06-06 17:09:21', '2026-06-06 23:09:21'),
(101, 'DG-20260606-38440', 27, 1212, 65, 15, 1, 'পি জি হাসপাতালের পাশের ড্রেন লাইন, জরুরি বিভাগের কাছাকাছি।', 'ড্রেনে স্থির পানি জমে আছে এবং মশার প্রজনন হচ্ছে। রোগী ও আশেপাশের মানুষের স্বাস্থ্যঝুঁকি বাড়ছে।', 'closed', '2026-06-06 23:13:02', NULL, 0, '2026-06-06 15:34:36', '2026-06-06 17:15:51', '2026-06-06 23:15:51'),
(102, 'DG-20260606-41105', 27, 1204, 66, 12, 3, 'হলের পাশের দোকান/চায়ের স্টলের সামনে ড্রেনের পাশে।', 'ড্রেনে স্থির পানি জমে আছে এবং মশার প্রজনন হচ্ছে। রোগী ও আশেপাশের মানুষের স্বাস্থ্যঝুঁকি বাড়ছে।', 'in_progress', '2026-06-07 19:16:33', NULL, 0, '2026-06-06 15:36:14', '2026-06-07 13:16:33', '2026-06-06 23:20:31'),
(103, 'DG-20260606-40540', 27, 1211, 67, 9, 10, 'জাতীয় জাদুঘর অফিসার্স কোয়ার্টারের প্রবেশ রাস্তার পাশে ড্রেন লাইন।', 'ড্রেনের পানি উল্টো দিকে ফিরে আসছে। আশেপাশে নোংরা পানি জমে পরিবেশ অস্বাস্থ্যকর হচ্ছে।', 'duplicate', NULL, NULL, 0, '2026-06-06 15:38:08', '2026-06-06 16:46:18', NULL),
(104, 'DG-20260606-40572', 27, 1201, 68, 6, 6, 'শামসুন নাহার হলের পেছনের সরু লেন, নিচু এলাকার ড্রেনের পাশে।', 'ড্রেন/সুয়ারেজ লাইন থেকে নোংরা পানি লিক করছে। দুর্গন্ধ এবং স্বাস্থ্যঝুঁকি তৈরি হয়েছে।', 'rejected_by_central', NULL, NULL, 0, '2026-06-06 15:39:04', '2026-06-06 16:25:51', NULL),
(105, 'DG-20260606-59215', 27, 1214, 69, 16, 13, 'রমনা পার্কের গেটের পাশের রাস্তার ড্রেন লাইন।', 'ড্রেন দিয়ে পানি খুব ধীরে নামছে। সামান্য বৃষ্টিতেই পানি জমে যাচ্ছে।', 'in_progress', '2026-06-07 18:32:39', NULL, 0, '2026-06-06 15:40:47', '2026-06-07 12:32:39', NULL),
(106, 'DG-20260606-21770', 27, 1208, 70, 13, 4, 'ময়মনসিংহ লেনের বাস/রিকশা স্ট্যান্ডের পাশে ড্রেনের মুখ।', 'ড্রেনের মুখে নিয়মিত ময়লা ফেলা হচ্ছে। এতে ড্রেন ব্লক হয়ে পানি জমে যাচ্ছে।', 'rejected_by_ward', NULL, NULL, 0, '2026-06-06 16:12:36', '2026-06-06 16:46:11', NULL),
(107, 'DG-20260607-28326', 15, 1367, 71, 2, 11, 'dasasaassadasdsa', 'asdasasdasdasdasdasdasdasdasdasdasdasdasdasdasdasd', 'received', NULL, NULL, 0, '2026-06-07 16:38:46', '2026-06-07 16:39:20', NULL),
(108, 'DG-20260608-52779', 15, 95, 72, 1, 6, 'solmaid high school', 'khub kharap obostha', 'solved_by_team', '2026-06-08 09:36:26', NULL, 0, '2026-06-07 18:32:14', '2026-06-08 03:39:29', NULL),
(109, 'DG-20260608-66757', 33, 947, 73, 9, 2, 'Beside Eidarkandi main road, near local market gate', 'The roadside drain is fully blocked with mud and plastic waste, causing dirty water to stay on the road after rainfall.', 'verified_by_ward', NULL, NULL, 0, '2026-06-08 06:17:59', '2026-06-08 06:56:18', NULL),
(110, 'DG-20260608-34853', 33, 956, 74, 11, 8, 'Near Uttar Debpur clinic road, beside pharmacy lane', 'Drain water is mixing with clean water line and creating a serious health risk for nearby patients and residents.', 'closed', '2026-06-08 13:02:42', NULL, 0, '2026-06-08 06:21:40', '2026-06-08 07:05:20', '2026-06-08 13:05:20'),
(111, 'DG-20260608-53094', 33, 958, 75, 15, 3, 'Beside Uttar Gao bazar, near vegetable market entrance', 'Garbage has accumulated inside the drain and the water flow is almost stopped, producing bad smell around the market.', 'verified_by_ward', NULL, NULL, 0, '2026-06-08 06:22:33', '2026-06-08 06:56:22', NULL),
(112, 'DG-20260608-30312', 33, 961, 76, 1, 7, 'In front of local school road, Gourango ImamBag area', 'n open manhole is left uncovered near the school road, creating accident risk for students and pedestrians.', 'team_assigned', '2026-06-08 12:58:29', NULL, 0, '2026-06-08 06:23:33', '2026-06-08 07:40:07', NULL),
(113, 'DG-20260608-93196', 33, 957, 77, 5, 1, 'Near Uttar Debpur clinic road, beside pharmacy lane', 'Drain water is mixing with clean water line and creating a serious health risk for nearby patients and residents.', 'duplicate', NULL, NULL, 0, '2026-06-08 06:24:52', '2026-06-08 06:42:40', NULL),
(114, 'DG-20260608-17681', 33, 952, 78, 6, 6, 'Narrow lane beside Dheravita settlement, near community water point', 'Sewage water is leaking from the drainage line and spreading into the walking path, creating unhygienic conditions', 'rejected_by_ward', NULL, NULL, 0, '2026-06-08 06:26:13', '2026-06-08 06:42:22', NULL),
(115, 'DG-20260608-63720', 33, 953, 79, 12, 14, 'Empty plot beside Trimohoni Purbo Para road, near bamboo fence', 'Stagnant drain water has collected beside the empty plot, creating heavy mosquito breeding and health risk.', 'reopened', '2026-06-08 12:58:35', NULL, 0, '2026-06-08 06:27:04', '2026-06-08 07:15:43', '2026-06-08 13:08:57'),
(116, 'DG-20260608-95690', 33, 959, 80, 10, 4, 'Near Trimohoni Tekpara bus stoppage, beside main roadside drain', 'Drain water is flowing backward during rain and entering nearby shops and roadside walking space', 'final_rejected', '2026-06-08 13:02:47', NULL, 0, '2026-06-08 06:28:10', '2026-06-08 07:11:16', '2026-06-08 13:05:26'),
(117, 'DG-20260608-54305', 33, 960, 81, 2, 12, 'Footpath beside Ward 6 road, near local tea stall', 'A drain cover is missing on the footpath, making the area unsafe for pedestrians at night.', 'closed', '2026-06-08 12:58:24', NULL, 0, '2026-06-08 06:29:10', '2026-06-08 07:14:15', '2026-06-08 13:14:15'),
(118, 'DG-20260608-89932', 33, 955, 82, 16, 10, 'Near local ward service office road, Trimohoni area', 'Drainage water is moving very slowly due to silt buildup, causing water to remain on the road for several hours.', 'rejected_by_central', NULL, NULL, 0, '2026-06-08 06:30:14', '2026-06-08 06:33:28', NULL),
(119, 'DG-20260608-34710', 33, 946, 83, 3, 5, 'Beside small workshop lane, Daserkandi industrial road', 'Part of the drain wall has collapsed and blocked the water channel, reducing flow and damaging the roadside edge.', 'pending_verification', NULL, NULL, 0, '2026-06-08 06:31:11', '2026-06-08 06:39:04', NULL);

-- --------------------------------------------------------

--
-- Table structure for table `complaint_assignments`
--

CREATE TABLE `complaint_assignments` (
  `assignment_id` int(11) NOT NULL,
  `complaint_id` int(11) NOT NULL,
  `ward_id` int(11) NOT NULL,
  `maintenance_team_id` int(11) DEFAULT NULL,
  `assigned_by` int(11) NOT NULL,
  `assignment_status` enum('ward_assigned','team_assigned','in_progress','completed') NOT NULL DEFAULT 'ward_assigned',
  `assigned_at` timestamp NOT NULL DEFAULT current_timestamp(),
  `deadline_at` date DEFAULT NULL,
  `assignment_priority` enum('Low','Medium','High') NOT NULL DEFAULT 'Medium',
  `task_note` text DEFAULT NULL
) ENGINE=InnoDB DEFAULT CHARSET=utf8mb4 COLLATE=utf8mb4_general_ci;

--
-- Dumping data for table `complaint_assignments`
--

INSERT INTO `complaint_assignments` (`assignment_id`, `complaint_id`, `ward_id`, `maintenance_team_id`, `assigned_by`, `assignment_status`, `assigned_at`, `deadline_at`, `assignment_priority`, `task_note`) VALUES
(18, 22, 12, 13, 18, 'completed', '2026-05-31 07:51:28', '2026-06-02', 'High', 'qee'),
(19, 23, 12, NULL, 18, 'ward_assigned', '2026-05-27 05:51:39', NULL, 'Medium', NULL),
(20, 24, 12, NULL, 36, 'ward_assigned', '2026-05-31 07:44:45', NULL, 'Medium', NULL),
(21, 33, 12, NULL, 4, 'ward_assigned', '2026-06-04 06:35:15', NULL, 'Medium', NULL),
(22, 32, 27, NULL, 4, 'ward_assigned', '2026-06-04 19:01:29', '2026-06-11', 'High', 'valo vabe krba'),
(23, 25, 12, 14, 4, 'completed', '2026-06-04 12:05:17', '2026-06-08', 'High', 'since high tai taratari kaj complete koiro'),
(24, 27, 127, NULL, 4, 'ward_assigned', '2026-06-04 06:35:25', NULL, 'Medium', NULL),
(25, 31, 127, 16, 4, 'completed', '2026-06-04 20:06:22', '2026-06-10', 'Medium', 'qewrgthjkl'),
(26, 34, 12, NULL, 4, 'ward_assigned', '2026-06-04 06:56:37', NULL, 'Medium', NULL),
(27, 35, 26, NULL, 4, 'ward_assigned', '2026-06-04 09:53:56', NULL, 'Medium', NULL),
(28, 36, 27, NULL, 4, 'ward_assigned', '2026-06-04 09:58:39', NULL, 'Medium', NULL),
(29, 37, 12, 14, 4, 'in_progress', '2026-06-05 08:22:28', '2026-06-07', 'Medium', 'dffdsfdsfd'),
(30, 58, 27, 15, 4, 'completed', '2026-06-05 03:57:41', '2026-06-10', 'High', 'uhihoijoi'),
(31, 56, 12, 14, 4, 'completed', '2026-06-05 03:59:18', '2026-06-24', 'High', 'fufyuvghvghvh'),
(32, 72, 127, 16, 4, 'completed', '2026-06-05 03:59:52', '2026-06-18', 'Medium', 'hoihuoii'),
(33, 71, 27, 15, 4, 'completed', '2026-06-05 03:57:51', '2026-06-16', 'Medium', 'hihoioii'),
(34, 57, 12, NULL, 4, 'ward_assigned', '2026-06-05 03:25:54', NULL, 'Medium', NULL),
(35, 30, 12, NULL, 4, 'ward_assigned', '2026-06-05 03:25:55', NULL, 'Medium', NULL),
(36, 29, 24, NULL, 4, 'ward_assigned', '2026-06-05 03:25:58', NULL, 'Medium', NULL),
(37, 26, 27, NULL, 4, 'ward_assigned', '2026-06-05 04:11:06', '2026-06-18', 'Medium', 'gyuyyg'),
(38, 73, 47, NULL, 4, 'ward_assigned', '2026-06-05 03:26:02', NULL, 'Medium', NULL),
(39, 59, 24, NULL, 4, 'ward_assigned', '2026-06-05 03:26:05', NULL, 'Medium', NULL),
(40, 69, 12, 14, 4, 'completed', '2026-06-07 18:46:56', '2026-06-08', 'High', 'kre dio'),
(41, 64, 12, 14, 4, 'completed', '2026-06-05 08:22:16', '2026-06-07', 'High', 'ssssdsdsdf'),
(42, 70, 12, NULL, 4, 'ward_assigned', '2026-06-05 08:14:29', NULL, 'Medium', NULL),
(43, 60, 27, NULL, 4, 'ward_assigned', '2026-06-05 13:27:31', NULL, 'Medium', NULL),
(44, 86, 54, 14, 3, 'completed', '2026-06-05 17:31:57', '2026-06-05', 'High', 'taratari complete korio'),
(45, 83, 54, 18, 3, 'completed', '2026-06-05 17:35:38', '2026-06-06', 'High', 'fdjsdllsdjncsenmx,sdp'),
(46, 82, 54, NULL, 3, 'ward_assigned', '2026-06-05 16:30:39', NULL, 'Medium', NULL),
(47, 84, 54, NULL, 3, 'ward_assigned', '2026-06-05 16:39:02', NULL, 'Medium', NULL),
(48, 81, 54, NULL, 3, 'ward_assigned', '2026-06-05 20:53:13', '2026-06-06', 'Medium', 'gsdfosejigfasasw'),
(49, 80, 54, 18, 3, 'completed', '2026-06-05 17:36:05', '2026-06-06', 'Medium', 'dfdsefsdf'),
(50, 78, 166, NULL, 3, 'ward_assigned', '2026-06-05 16:39:15', NULL, 'Medium', NULL),
(51, 79, 54, 18, 3, 'completed', '2026-06-05 17:59:38', '2026-06-10', 'Low', 'ddfdfgdfgdfg'),
(52, 96, 35, 20, 22, 'completed', '2026-06-06 03:25:17', '2026-06-07', 'High', 'complete koiro taratari'),
(53, 91, 35, NULL, 22, 'ward_assigned', '2026-06-06 03:06:57', NULL, 'Medium', NULL),
(54, 92, 35, NULL, 22, 'ward_assigned', '2026-06-06 03:07:09', NULL, 'Medium', NULL),
(55, 63, 127, NULL, 22, 'ward_assigned', '2026-06-06 03:07:12', NULL, 'Medium', NULL),
(56, 90, 35, NULL, 22, 'ward_assigned', '2026-06-06 03:49:51', '2026-06-07', 'Medium', 'bjdfudaskasl;sa'),
(57, 66, 98, NULL, 22, 'ward_assigned', '2026-06-06 03:08:10', NULL, 'Medium', NULL),
(58, 88, 35, 20, 22, 'completed', '2026-06-06 03:25:50', '2026-06-07', 'Medium', 'sdasdasasdaasdsdaasdasd'),
(59, 87, 35, 19, 22, 'completed', '2026-06-06 03:26:05', '2026-06-07', 'Medium', 'dsaasasasasasdasd'),
(60, 68, 39, NULL, 22, 'ward_assigned', '2026-06-06 03:08:24', NULL, 'Medium', NULL),
(61, 93, 35, 19, 22, 'team_assigned', '2026-06-06 03:26:15', '2026-06-07', 'Low', 'dsasddsasassad'),
(62, 89, 35, NULL, 22, 'ward_assigned', '2026-06-06 03:08:37', NULL, 'Medium', NULL),
(63, 97, 163, NULL, 4, 'ward_assigned', '2026-06-06 12:47:40', NULL, 'Medium', NULL),
(64, 67, 12, NULL, 4, 'ward_assigned', '2026-06-06 13:06:33', NULL, 'Medium', NULL),
(65, 99, 119, 22, 28, 'completed', '2026-06-06 16:50:03', '2026-06-07', 'High', 'sddfdfgfgsd'),
(66, 94, 35, NULL, 28, 'ward_assigned', '2026-06-06 16:43:17', NULL, 'Medium', NULL),
(67, 106, 119, NULL, 28, 'ward_assigned', '2026-06-06 16:44:41', NULL, 'Medium', NULL),
(68, 103, 119, NULL, 28, 'ward_assigned', '2026-06-06 16:44:44', NULL, 'Medium', NULL),
(69, 102, 119, 21, 28, 'in_progress', '2026-06-07 13:16:59', '2026-06-08', 'Medium', 'tyrtrd\n\nTeam changed by Ward Officer. Reason: fghfgh\n\nInstruction: fghfggf\n\nTeam changed by Ward Officer. Reason: sadsdasd\n\nInstruction: asasdsad\n\nTeam changed by Ward Officer. Reason: hfgh\n\nInstruction: ghhgf'),
(70, 100, 119, 22, 28, 'completed', '2026-06-06 16:56:21', '2026-06-08', 'Medium', 'dfdfsssdf'),
(71, 98, 119, 21, 28, 'team_assigned', '2026-06-07 16:01:07', '2026-06-08', 'Medium', 'rrtty\n\nTeam changed by Ward Officer. Reason: hello how are you\n\nInstruction: valo vabe kaj korio'),
(72, 105, 119, 22, 28, 'in_progress', '2026-06-07 13:00:50', '2026-06-07', 'Low', 'sdfsdfsdf\n\nTeam changed by Ward Officer. Reason: amar icca\n\nInstruction: sddfdsg'),
(73, 101, 119, 21, 28, 'completed', '2026-06-06 16:57:09', '2026-06-07', 'Low', 'sdsdfsdfsdf'),
(74, 108, 12, 14, 4, 'completed', '2026-06-08 03:35:34', '2026-06-09', 'High', 'aadassasadsaas'),
(75, 119, 95, NULL, 34, 'ward_assigned', '2026-06-08 06:39:04', NULL, 'Medium', NULL),
(76, 117, 96, 23, 34, 'completed', '2026-06-08 06:53:14', '2026-06-09', 'High', 'taratari complete korio\n\nTeam changed by Ward Officer. Reason: pro u tai\n\nTeam changed by Ward Officer. Reason: icca'),
(77, 114, 96, NULL, 34, 'ward_assigned', '2026-06-08 06:39:11', NULL, 'Medium', NULL),
(78, 113, 96, NULL, 34, 'ward_assigned', '2026-06-08 06:39:14', NULL, 'Medium', NULL),
(79, 112, 96, 23, 34, 'team_assigned', '2026-06-08 07:40:07', '2026-06-09', 'High', 'gdfgdg'),
(80, 116, 96, 24, 34, 'completed', '2026-06-08 06:56:02', '2026-06-09', 'Medium', 'ok'),
(81, 115, 96, NULL, 34, 'ward_assigned', '2026-06-08 07:15:43', '2026-06-09', 'Medium', 'ok'),
(82, 110, 96, 24, 34, 'completed', '2026-06-08 06:57:23', '2026-06-09', 'Medium', 'ok'),
(83, 109, 96, NULL, 34, 'ward_assigned', '2026-06-08 06:39:33', NULL, 'Medium', NULL),
(84, 111, 96, NULL, 34, 'ward_assigned', '2026-06-08 06:39:37', NULL, 'Medium', NULL);

-- --------------------------------------------------------

--
-- Table structure for table `complaint_decisions`
--

CREATE TABLE `complaint_decisions` (
  `decision_id` int(11) NOT NULL,
  `complaint_id` int(11) NOT NULL,
  `decided_by_user_id` int(11) DEFAULT NULL,
  `decided_by_role` varchar(50) NOT NULL,
  `decision_type` enum('central_reject','ward_reject','duplicate','inspector_false_completion','final_reject') NOT NULL,
  `reason` text NOT NULL,
  `reference_complaint_id` int(11) DEFAULT NULL,
  `created_at` datetime NOT NULL DEFAULT current_timestamp()
) ENGINE=InnoDB DEFAULT CHARSET=utf8mb4 COLLATE=utf8mb4_general_ci;

--
-- Dumping data for table `complaint_decisions`
--

INSERT INTO `complaint_decisions` (`decision_id`, `complaint_id`, `decided_by_user_id`, `decided_by_role`, `decision_type`, `reason`, `reference_complaint_id`, `created_at`) VALUES
(1, 28, 4, 'central_officer', 'central_reject', 'ekhn possible na', NULL, '2026-06-04 09:23:28'),
(2, 34, 5, 'ward_officer', 'ward_reject', 'amr icca', NULL, '2026-06-04 13:00:22'),
(3, 27, 6, 'ward_officer', 'duplicate', 'na tmr jnno', NULL, '2026-06-04 15:38:10'),
(4, 36, 7, 'ward_officer', 'ward_reject', 'xvdvxcfb', NULL, '2026-06-04 15:59:17'),
(5, 61, 4, 'central_officer', 'central_reject', 'pore krbo', NULL, '2026-06-05 09:21:26'),
(6, 62, 4, 'central_officer', 'central_reject', 'ekhn na pore', NULL, '2026-06-05 09:21:46'),
(7, 57, 5, 'ward_officer', 'ward_reject', 'no', NULL, '2026-06-05 09:42:26'),
(8, 30, 5, 'ward_officer', 'duplicate', 'ok', NULL, '2026-06-05 09:42:32'),
(9, 85, 3, 'central_officer', 'central_reject', 'drkr nai', NULL, '2026-06-05 21:44:20'),
(10, 82, 17, 'ward_officer', 'ward_reject', 'drkr nai', NULL, '2026-06-05 23:24:13'),
(11, 84, 17, 'ward_officer', 'duplicate', 'copy krco', NULL, '2026-06-05 23:24:25'),
(12, 95, 22, 'central_officer', 'central_reject', 'kra jabe na ekhn onk kaj', NULL, '2026-06-06 08:56:26'),
(13, 91, 24, 'ward_officer', 'ward_reject', 'somoy nai', NULL, '2026-06-06 09:09:50'),
(14, 92, 24, 'ward_officer', 'duplicate', 'eita already verified problem', NULL, '2026-06-06 09:10:04'),
(15, 104, 28, 'central_officer', 'central_reject', 'sdgkasdjlksfasjkl;', NULL, '2026-06-06 22:25:51'),
(16, 106, 30, 'ward_officer', 'ward_reject', 'rtrtfgdbfg', NULL, '2026-06-06 22:46:11'),
(17, 103, 30, 'ward_officer', 'duplicate', 'gfdfgfdgfdg', NULL, '2026-06-06 22:46:18'),
(18, 118, 34, 'central_officer', 'central_reject', 'krte parbo na', NULL, '2026-06-08 12:33:28'),
(19, 114, 36, 'ward_officer', 'ward_reject', 'kra hbe na', NULL, '2026-06-08 12:42:22'),
(20, 113, 36, 'ward_officer', 'duplicate', 'eita already verified problem', NULL, '2026-06-08 12:42:40');

-- --------------------------------------------------------

--
-- Table structure for table `complaint_media`
--

CREATE TABLE `complaint_media` (
  `media_id` int(11) NOT NULL,
  `complaint_id` int(11) NOT NULL,
  `media_type` enum('image','video') NOT NULL DEFAULT 'image',
  `media_path` varchar(255) NOT NULL,
  `original_name` varchar(255) DEFAULT NULL,
  `file_size` int(11) DEFAULT NULL,
  `mime_type` varchar(100) DEFAULT NULL,
  `uploaded_at` datetime NOT NULL DEFAULT current_timestamp()
) ENGINE=InnoDB DEFAULT CHARSET=utf8mb4 COLLATE=utf8mb4_general_ci;

--
-- Dumping data for table `complaint_media`
--

INSERT INTO `complaint_media` (`media_id`, `complaint_id`, `media_type`, `media_path`, `original_name`, `file_size`, `mime_type`, `uploaded_at`) VALUES
(1, 25, 'image', 'assets/uploads/complaints/complaint_25_image_1_1780299599_1947.png', 'open manhole.png', 281136, 'image/png', '2026-06-01 13:39:59'),
(2, 26, 'image', 'assets/uploads/complaints/complaint_26_image_1_1780304473_5358.png', 'drain blockage.png', 641315, 'image/png', '2026-06-01 15:01:13'),
(3, 27, 'image', 'assets/uploads/complaints/complaint_27_image_1_1780304601_4810.png', 'waterlogging.png', 746352, 'image/png', '2026-06-01 15:03:21'),
(4, 28, 'image', 'assets/uploads/complaints/complaint_28_image_1_1780304697_3709.png', 'bad odor.png', 605243, 'image/png', '2026-06-01 15:04:57'),
(5, 29, 'image', 'assets/uploads/complaints/complaint_29_image_1_1780304765_8534.png', 'broken drain cover.png', 361825, 'image/png', '2026-06-01 15:06:05'),
(6, 30, 'image', 'assets/uploads/complaints/complaint_30_image_2_1780304998_8549.png', 'mosquito breeding.png', 80291, 'image/png', '2026-06-01 15:09:58'),
(8, 32, 'image', 'assets/uploads/complaints/complaint_32_image_2_1780305161_3244.png', 'sweege overflow.png', 161751, 'image/png', '2026-06-01 15:12:41'),
(9, 33, 'image', 'assets/uploads/complaints/complaint_33_image_2_1780305240_3422.png', 'Water Contamination.png', 802801, 'image/png', '2026-06-01 15:14:00'),
(10, 37, 'image', 'assets/uploads/complaints/complaint_37_image_1_1780604497_7512.png', 'Screenshot 2026-06-04 212652.png', 402339, 'image/png', '2026-06-05 02:21:37'),
(16, 79, 'image', 'assets/uploads/complaints/complaint_79_image_15_1780671414_4094.jpg', 'WhatsApp Image 2026-06-05 at 8.09.57 PM.jpeg', 158100, 'image/jpeg', '2026-06-05 20:56:54'),
(17, 80, 'image', 'assets/uploads/complaints/complaint_80_image_15_1780671517_1296.jpg', 'WhatsApp Image 2026-06-05 at 8.10.00 PM (1).jpeg', 267507, 'image/jpeg', '2026-06-05 20:58:37'),
(18, 80, 'image', 'assets/uploads/complaints/complaint_80_image_15_1780671517_2525.jpg', 'WhatsApp Image 2026-06-05 at 8.10.00 PM.jpeg', 122580, 'image/jpeg', '2026-06-05 20:58:37'),
(19, 81, 'image', 'assets/uploads/complaints/complaint_81_image_15_1780671586_2121.jpg', 'WhatsApp Image 2026-06-05 at 8.10.01 PM (1).jpeg', 285779, 'image/jpeg', '2026-06-05 20:59:46'),
(20, 82, 'image', 'assets/uploads/complaints/complaint_82_image_15_1780671671_6250.jpg', 'WhatsApp Image 2026-06-05 at 8.10.01 PM.jpeg', 72756, 'image/jpeg', '2026-06-05 21:01:11'),
(21, 83, 'image', 'assets/uploads/complaints/complaint_83_image_15_1780671763_1338.jpg', 'WhatsApp Image 2026-06-05 at 8.10.10 PM.jpeg', 203096, 'image/jpeg', '2026-06-05 21:02:43'),
(22, 84, 'image', 'assets/uploads/complaints/complaint_84_image_15_1780671944_5460.jpg', 'WhatsApp Image 2026-06-05 at 8.10.17 PM (1).jpeg', 417267, 'image/jpeg', '2026-06-05 21:05:44'),
(23, 85, 'image', 'assets/uploads/complaints/complaint_85_image_15_1780672009_9596.jpg', 'WhatsApp Image 2026-06-05 at 8.10.10 PM (1).jpeg', 112661, 'image/jpeg', '2026-06-05 21:06:49'),
(24, 86, 'image', 'assets/uploads/complaints/complaint_86_image_15_1780672080_4487.jpg', 'WhatsApp Image 2026-06-05 at 8.10.11 PM (1).jpeg', 103811, 'image/jpeg', '2026-06-05 21:08:00'),
(25, 87, 'image', 'assets/uploads/complaints/complaint_87_image_21_1780713787_7333.jpg', 'WhatsApp Image 2026-06-05 at 8.09.57 PM.jpeg', 158100, 'image/jpeg', '2026-06-06 08:43:07'),
(26, 88, 'image', 'assets/uploads/complaints/complaint_88_image_21_1780713891_5252.jpg', 'WhatsApp Image 2026-06-05 at 8.10.00 PM (1).jpeg', 267507, 'image/jpeg', '2026-06-06 08:44:51'),
(27, 88, 'image', 'assets/uploads/complaints/complaint_88_image_21_1780713891_5224.jpg', 'WhatsApp Image 2026-06-05 at 8.10.00 PM.jpeg', 122580, 'image/jpeg', '2026-06-06 08:44:51'),
(28, 89, 'image', 'assets/uploads/complaints/complaint_89_image_21_1780713964_2073.jpg', 'WhatsApp Image 2026-06-05 at 8.10.01 PM (1).jpeg', 285779, 'image/jpeg', '2026-06-06 08:46:04'),
(29, 90, 'image', 'assets/uploads/complaints/complaint_90_image_21_1780714044_9474.jpg', 'WhatsApp Image 2026-06-05 at 8.10.04 PM.jpeg', 124541, 'image/jpeg', '2026-06-06 08:47:24'),
(30, 91, 'image', 'assets/uploads/complaints/complaint_91_image_21_1780714124_9333.jpg', 'WhatsApp Image 2026-06-05 at 8.10.15 PM.jpeg', 805538, 'image/jpeg', '2026-06-06 08:48:44'),
(31, 92, 'image', 'assets/uploads/complaints/complaint_92_image_21_1780714193_9436.jpg', 'WhatsApp Image 2026-06-05 at 8.10.16 PM (1).jpeg', 759372, 'image/jpeg', '2026-06-06 08:49:53'),
(32, 93, 'image', 'assets/uploads/complaints/complaint_93_image_21_1780714288_6590.jpg', 'WhatsApp Image 2026-06-05 at 8.10.10 PM.jpeg', 203096, 'image/jpeg', '2026-06-06 08:51:28'),
(33, 94, 'image', 'assets/uploads/complaints/complaint_94_image_21_1780714355_5975.jpg', 'WhatsApp Image 2026-06-05 at 8.10.15 PM (2).jpeg', 962620, 'image/jpeg', '2026-06-06 08:52:35'),
(34, 95, 'image', 'assets/uploads/complaints/complaint_95_image_21_1780714430_1946.jpg', 'WhatsApp Image 2026-06-05 at 8.10.17 PM (1).jpeg', 417267, 'image/jpeg', '2026-06-06 08:53:50'),
(35, 96, 'image', 'assets/uploads/complaints/complaint_96_image_21_1780714510_6551.jpg', 'WhatsApp Image 2026-06-05 at 8.10.17 PM.jpeg', 994354, 'image/jpeg', '2026-06-06 08:55:10'),
(36, 98, 'image', 'assets/uploads/complaints/complaint_98_image_27_1780759841_5769.jpg', 'WhatsApp Image 2026-06-05 at 8.09.57 PM.jpeg', 158100, 'image/jpeg', '2026-06-06 21:30:41'),
(37, 99, 'image', 'assets/uploads/complaints/complaint_99_image_27_1780759952_1105.jpg', 'WhatsApp Image 2026-06-05 at 8.10.00 PM (1).jpeg', 267507, 'image/jpeg', '2026-06-06 21:32:32'),
(38, 100, 'image', 'assets/uploads/complaints/complaint_100_image_27_1780760021_4360.jpg', 'WhatsApp Image 2026-06-05 at 8.10.00 PM.jpeg', 122580, 'image/jpeg', '2026-06-06 21:33:41'),
(39, 101, 'image', 'assets/uploads/complaints/complaint_101_image_27_1780760076_8034.jpg', 'WhatsApp Image 2026-06-05 at 8.10.08 PM.jpeg', 182827, 'image/jpeg', '2026-06-06 21:34:36'),
(40, 102, 'image', 'assets/uploads/complaints/complaint_102_image_27_1780760174_8949.jpg', 'WhatsApp Image 2026-06-05 at 8.10.11 PM.jpeg', 113781, 'image/jpeg', '2026-06-06 21:36:14'),
(41, 103, 'image', 'assets/uploads/complaints/complaint_103_image_27_1780760288_4511.jpg', 'WhatsApp Image 2026-06-05 at 8.10.17 PM.jpeg', 994354, 'image/jpeg', '2026-06-06 21:38:08'),
(42, 104, 'image', 'assets/uploads/complaints/complaint_104_image_27_1780760344_8871.jpg', 'WhatsApp Image 2026-06-05 at 8.10.16 PM (1).jpeg', 759372, 'image/jpeg', '2026-06-06 21:39:04'),
(43, 105, 'image', 'assets/uploads/complaints/complaint_105_image_27_1780760447_1544.jpg', 'WhatsApp Image 2026-06-05 at 8.10.16 PM (1).jpeg', 759372, 'image/jpeg', '2026-06-06 21:40:47'),
(44, 106, 'image', 'assets/uploads/complaints/complaint_106_image_27_1780762356_7332.jpg', 'WhatsApp Image 2026-06-05 at 8.10.17 PM.jpeg', 994354, 'image/jpeg', '2026-06-06 22:12:36'),
(45, 108, 'image', 'assets/uploads/complaints/complaint_108_image_15_1780857134_9833.jpg', 'WhatsApp Image 2026-06-05 at 8.10.00 PM (1).jpeg', 267507, 'image/jpeg', '2026-06-08 00:32:14'),
(46, 109, 'image', 'assets/uploads/complaints/complaint_109_image_33_1780899479_2832.jpg', 'WhatsApp Image 2026-06-05 at 8.10.11 PM (1).jpeg', 103811, 'image/jpeg', '2026-06-08 12:17:59'),
(47, 110, 'image', 'assets/uploads/complaints/complaint_110_image_33_1780899700_7239.jpg', 'WhatsApp Image 2026-06-05 at 8.10.00 PM (1).jpeg', 267507, 'image/jpeg', '2026-06-08 12:21:40'),
(48, 111, 'image', 'assets/uploads/complaints/complaint_111_image_33_1780899753_2508.jpg', 'WhatsApp Image 2026-06-05 at 8.10.14 PM.jpeg', 880474, 'image/jpeg', '2026-06-08 12:22:33'),
(49, 112, 'image', 'assets/uploads/complaints/complaint_112_image_33_1780899813_7921.jpg', 'WhatsApp Image 2026-06-05 at 8.10.01 PM (1).jpeg', 285779, 'image/jpeg', '2026-06-08 12:23:33'),
(50, 113, 'image', 'assets/uploads/complaints/complaint_113_image_33_1780899892_8821.jpg', 'WhatsApp Image 2026-06-05 at 8.10.01 PM.jpeg', 72756, 'image/jpeg', '2026-06-08 12:24:52'),
(51, 114, 'image', 'assets/uploads/complaints/complaint_114_image_33_1780899973_3201.jpg', 'WhatsApp Image 2026-06-05 at 8.10.04 PM.jpeg', 124541, 'image/jpeg', '2026-06-08 12:26:13'),
(52, 115, 'image', 'assets/uploads/complaints/complaint_115_image_33_1780900024_6636.jpg', 'WhatsApp Image 2026-06-05 at 8.10.08 PM.jpeg', 182827, 'image/jpeg', '2026-06-08 12:27:04'),
(53, 116, 'image', 'assets/uploads/complaints/complaint_116_image_33_1780900090_3399.jpg', 'WhatsApp Image 2026-06-05 at 8.10.11 PM (1).jpeg', 103811, 'image/jpeg', '2026-06-08 12:28:10'),
(54, 117, 'image', 'assets/uploads/complaints/complaint_117_image_33_1780900150_1153.jpg', 'WhatsApp Image 2026-06-05 at 8.10.14 PM.jpeg', 880474, 'image/jpeg', '2026-06-08 12:29:10'),
(55, 118, 'image', 'assets/uploads/complaints/complaint_118_image_33_1780900214_9108.jpg', 'WhatsApp Image 2026-06-05 at 8.10.09 PM (1).jpeg', 68978, 'image/jpeg', '2026-06-08 12:30:14'),
(56, 119, 'image', 'assets/uploads/complaints/complaint_119_image_33_1780900271_4565.jpg', 'WhatsApp Image 2026-06-05 at 8.10.14 PM.jpeg', 880474, 'image/jpeg', '2026-06-08 12:31:11');

-- --------------------------------------------------------

--
-- Table structure for table `complaint_status_logs`
--

CREATE TABLE `complaint_status_logs` (
  `log_id` int(11) NOT NULL,
  `complaint_id` int(11) NOT NULL,
  `old_status` varchar(80) DEFAULT NULL,
  `new_status` varchar(80) NOT NULL,
  `action_by_user_id` int(11) DEFAULT NULL,
  `action_by_role` varchar(50) DEFAULT NULL,
  `remarks` text DEFAULT NULL,
  `created_at` datetime NOT NULL DEFAULT current_timestamp()
) ENGINE=InnoDB DEFAULT CHARSET=utf8mb4 COLLATE=utf8mb4_general_ci;

--
-- Dumping data for table `complaint_status_logs`
--

INSERT INTO `complaint_status_logs` (`log_id`, `complaint_id`, `old_status`, `new_status`, `action_by_user_id`, `action_by_role`, `remarks`, `created_at`) VALUES
(1, 25, NULL, 'submitted', 1, 'citizen', 'Citizen submitted a new complaint.', '2026-06-01 13:39:59'),
(2, 26, NULL, 'submitted', 1, 'citizen', 'Citizen submitted a new complaint.', '2026-06-01 15:01:13'),
(3, 27, NULL, 'submitted', 1, 'citizen', 'Citizen submitted a new complaint.', '2026-06-01 15:03:21'),
(4, 28, NULL, 'submitted', 1, 'citizen', 'Citizen submitted a new complaint.', '2026-06-01 15:04:57'),
(5, 29, NULL, 'submitted', 1, 'citizen', 'Citizen submitted a new complaint.', '2026-06-01 15:06:05'),
(6, 30, NULL, 'submitted', 2, 'citizen', 'Citizen submitted a new complaint.', '2026-06-01 15:09:58'),
(8, 32, NULL, 'submitted', 2, 'citizen', 'Citizen submitted a new complaint.', '2026-06-01 15:12:41'),
(9, 33, NULL, 'submitted', 2, 'citizen', 'Citizen submitted a new complaint.', '2026-06-01 15:14:00'),
(10, 33, 'submitted', 'received', 4, 'central_officer', 'Central officer accepted and received the complaint.', '2026-06-04 09:22:55'),
(11, 25, 'submitted', 'received', 4, 'central_officer', 'Central officer accepted and received the complaint.', '2026-06-04 09:23:04'),
(12, 28, 'submitted', 'rejected_by_central', 4, 'central_officer', 'Central officer rejected the complaint.', '2026-06-04 09:23:28'),
(13, 32, 'submitted', 'received', 4, 'central_officer', 'Central officer accepted and received the complaint.', '2026-06-04 11:36:16'),
(15, 27, 'submitted', 'received', 4, 'central_officer', 'Central officer accepted and received the complaint.', '2026-06-04 11:36:31'),
(16, 29, 'submitted', 'received', 4, 'central_officer', 'Central officer accepted and received the complaint.', '2026-06-04 12:54:48'),
(17, 34, NULL, 'submitted', 1, 'citizen', 'Citizen submitted a new complaint.', '2026-06-04 12:55:58'),
(18, 34, 'submitted', 'received', 4, 'central_officer', 'Central officer accepted and received the complaint.', '2026-06-04 12:56:32'),
(19, 35, NULL, 'submitted', 1, 'citizen', 'Citizen submitted a new complaint.', '2026-06-04 15:51:55'),
(20, 35, 'submitted', 'received', 4, 'central_officer', 'Central officer accepted and received the complaint.', '2026-06-04 15:52:53'),
(21, 36, NULL, 'submitted', 1, 'citizen', 'Citizen submitted a new complaint.', '2026-06-04 15:57:57'),
(22, 36, 'submitted', 'received', 4, 'central_officer', 'Central officer accepted and received the complaint.', '2026-06-04 15:58:29'),
(23, 37, NULL, 'submitted', 1, 'citizen', 'Citizen submitted a new complaint.', '2026-06-05 02:21:37'),
(24, 37, 'submitted', 'received', 4, 'central_officer', 'Central officer accepted and received the complaint.', '2026-06-05 02:22:15'),
(25, 57, NULL, 'submitted', 1, 'citizen', 'Citizen submitted a new complaint.', '2026-06-04 19:00:22'),
(26, 58, NULL, 'submitted', 1, 'citizen', 'Citizen submitted a new complaint.', '2026-06-04 19:08:40'),
(27, 59, NULL, 'submitted', 1, 'citizen', 'Citizen submitted a new complaint.', '2026-06-04 19:12:06'),
(28, 60, NULL, 'submitted', 1, 'citizen', 'Citizen submitted a new complaint.', '2026-06-04 19:18:46'),
(29, 61, NULL, 'submitted', 1, 'citizen', 'Citizen submitted a new complaint.', '2026-06-04 19:25:08'),
(30, 62, NULL, 'submitted', 1, 'citizen', 'Citizen submitted a new complaint.', '2026-06-04 19:28:48'),
(31, 63, NULL, 'submitted', 1, 'citizen', 'Citizen submitted a new complaint.', '2026-06-04 19:43:23'),
(32, 64, NULL, 'submitted', 1, 'citizen', 'Citizen submitted a new complaint.', '2026-06-04 19:51:23'),
(33, 65, NULL, 'submitted', 1, 'citizen', 'Citizen submitted a new complaint.', '2026-06-04 19:55:48'),
(34, 66, NULL, 'submitted', 1, 'citizen', 'Citizen submitted a new complaint.', '2026-06-04 20:02:13'),
(35, 67, NULL, 'submitted', 1, 'citizen', 'Citizen submitted a new complaint.', '2026-06-04 20:05:52'),
(36, 68, NULL, 'submitted', 1, 'citizen', 'Citizen submitted a new complaint.', '2026-06-04 20:10:28'),
(37, 69, NULL, 'submitted', 1, 'citizen', 'Citizen submitted a new complaint.', '2026-06-04 20:13:29'),
(38, 70, NULL, 'submitted', 1, 'citizen', 'Citizen submitted a new complaint.', '2026-06-04 20:21:06'),
(39, 71, NULL, 'submitted', 1, 'citizen', 'Citizen submitted a new complaint.', '2026-06-04 20:26:58'),
(40, 72, NULL, 'submitted', 1, 'citizen', 'Citizen submitted a new complaint.', '2026-06-04 20:29:43'),
(41, 73, NULL, 'submitted', 1, 'citizen', 'Citizen submitted a new complaint.', '2026-06-04 20:32:52'),
(42, 73, 'submitted', 'received', 4, 'central_officer', 'Central officer accepted and received the complaint.', '2026-06-05 09:19:45'),
(43, 72, 'submitted', 'received', 4, 'central_officer', 'Central officer accepted and received the complaint.', '2026-06-05 09:19:56'),
(44, 26, 'submitted', 'received', 4, 'central_officer', 'Central officer accepted and received the complaint.', '2026-06-05 09:20:03'),
(45, 30, 'submitted', 'received', 4, 'central_officer', 'Central officer accepted and received the complaint.', '2026-06-05 09:20:11'),
(46, 56, 'submitted', 'received', 4, 'central_officer', 'Central officer accepted and received the complaint.', '2026-06-05 09:20:20'),
(47, 57, 'submitted', 'received', 4, 'central_officer', 'Central officer accepted and received the complaint.', '2026-06-05 09:20:30'),
(48, 71, 'submitted', 'received', 4, 'central_officer', 'Central officer accepted and received the complaint.', '2026-06-05 09:20:38'),
(49, 58, 'submitted', 'received', 4, 'central_officer', 'Central officer accepted and received the complaint.', '2026-06-05 09:20:50'),
(50, 59, 'submitted', 'received', 4, 'central_officer', 'Central officer accepted and received the complaint.', '2026-06-05 09:20:59'),
(51, 61, 'submitted', 'rejected_by_central', 4, 'central_officer', 'Central officer rejected the complaint.', '2026-06-05 09:21:26'),
(52, 62, 'submitted', 'rejected_by_central', 4, 'central_officer', 'Central officer rejected the complaint.', '2026-06-05 09:21:46'),
(53, 64, 'submitted', 'received', 4, 'central_officer', 'Central officer accepted and received the complaint.', '2026-06-05 14:12:51'),
(54, 70, 'submitted', 'received', 4, 'central_officer', 'Central officer accepted and received the complaint.', '2026-06-05 14:13:58'),
(55, 69, 'submitted', 'received', 4, 'central_officer', 'Central officer accepted and received the complaint.', '2026-06-05 14:14:16'),
(56, 68, 'submitted', 'received', 4, 'central_officer', 'Central officer accepted and received the complaint.', '2026-06-05 19:26:56'),
(57, 60, 'submitted', 'received', 4, 'central_officer', 'Central officer accepted and received the complaint.', '2026-06-05 19:27:21'),
(62, 78, NULL, 'submitted', 15, 'citizen', 'Citizen submitted a new complaint.', '2026-06-05 20:19:25'),
(63, 79, NULL, 'submitted', 15, 'citizen', 'Citizen submitted a new complaint.', '2026-06-05 20:56:54'),
(64, 80, NULL, 'submitted', 15, 'citizen', 'Citizen submitted a new complaint.', '2026-06-05 20:58:37'),
(65, 81, NULL, 'submitted', 15, 'citizen', 'Citizen submitted a new complaint.', '2026-06-05 20:59:46'),
(66, 82, NULL, 'submitted', 15, 'citizen', 'Citizen submitted a new complaint.', '2026-06-05 21:01:11'),
(67, 83, NULL, 'submitted', 15, 'citizen', 'Citizen submitted a new complaint.', '2026-06-05 21:02:43'),
(68, 84, NULL, 'submitted', 15, 'citizen', 'Citizen submitted a new complaint.', '2026-06-05 21:05:44'),
(69, 85, NULL, 'submitted', 15, 'citizen', 'Citizen submitted a new complaint.', '2026-06-05 21:06:49'),
(70, 86, NULL, 'submitted', 15, 'citizen', 'Citizen submitted a new complaint.', '2026-06-05 21:08:00'),
(71, 86, 'submitted', 'received', 3, 'central_officer', 'Central officer accepted and received the complaint.', '2026-06-05 21:42:18'),
(72, 85, 'submitted', 'rejected_by_central', 3, 'central_officer', 'Central officer rejected the complaint.', '2026-06-05 21:44:20'),
(73, 84, 'submitted', 'received', 3, 'central_officer', 'Central officer accepted and received the complaint.', '2026-06-05 22:06:04'),
(74, 83, 'submitted', 'received', 3, 'central_officer', 'Central officer accepted and received the complaint.', '2026-06-05 22:06:10'),
(75, 82, 'submitted', 'received', 3, 'central_officer', 'Central officer accepted and received the complaint.', '2026-06-05 22:06:15'),
(76, 81, 'submitted', 'received', 3, 'central_officer', 'Central officer accepted and received the complaint.', '2026-06-05 22:06:19'),
(77, 80, 'submitted', 'received', 3, 'central_officer', 'Central officer accepted and received the complaint.', '2026-06-05 22:06:23'),
(78, 79, 'submitted', 'received', 3, 'central_officer', 'Central officer accepted and received the complaint.', '2026-06-05 22:06:28'),
(79, 78, 'submitted', 'received', 3, 'central_officer', 'Central officer accepted and received the complaint.', '2026-06-05 22:06:32'),
(80, 67, 'submitted', 'received', 3, 'central_officer', 'Central officer accepted and received the complaint.', '2026-06-05 22:06:41'),
(81, 66, 'submitted', 'received', 3, 'central_officer', 'Central officer accepted and received the complaint.', '2026-06-05 22:06:46'),
(82, 65, 'submitted', 'received', 3, 'central_officer', 'Central officer accepted and received the complaint.', '2026-06-05 22:06:50'),
(83, 63, 'submitted', 'received', 3, 'central_officer', 'Central officer accepted and received the complaint.', '2026-06-05 22:06:55'),
(84, 87, NULL, 'submitted', 21, 'citizen', 'Citizen submitted a new complaint.', '2026-06-06 08:43:07'),
(85, 88, NULL, 'submitted', 21, 'citizen', 'Citizen submitted a new complaint.', '2026-06-06 08:44:51'),
(86, 89, NULL, 'submitted', 21, 'citizen', 'Citizen submitted a new complaint.', '2026-06-06 08:46:04'),
(87, 90, NULL, 'submitted', 21, 'citizen', 'Citizen submitted a new complaint.', '2026-06-06 08:47:24'),
(88, 91, NULL, 'submitted', 21, 'citizen', 'Citizen submitted a new complaint.', '2026-06-06 08:48:44'),
(89, 92, NULL, 'submitted', 21, 'citizen', 'Citizen submitted a new complaint.', '2026-06-06 08:49:53'),
(90, 93, NULL, 'submitted', 21, 'citizen', 'Citizen submitted a new complaint.', '2026-06-06 08:51:28'),
(91, 94, NULL, 'submitted', 21, 'citizen', 'Citizen submitted a new complaint.', '2026-06-06 08:52:35'),
(92, 95, NULL, 'submitted', 21, 'citizen', 'Citizen submitted a new complaint.', '2026-06-06 08:53:50'),
(93, 96, NULL, 'submitted', 21, 'citizen', 'Citizen submitted a new complaint.', '2026-06-06 08:55:10'),
(94, 96, 'submitted', 'received', 22, 'central_officer', 'Central officer accepted and received the complaint.', '2026-06-06 08:55:45'),
(95, 95, 'submitted', 'rejected_by_central', 22, 'central_officer', 'Central officer rejected the complaint.', '2026-06-06 08:56:26'),
(96, 93, 'submitted', 'received', 22, 'central_officer', 'Central officer accepted and received the complaint.', '2026-06-06 09:00:51'),
(97, 94, 'submitted', 'received', 22, 'central_officer', 'Central officer accepted and received the complaint.', '2026-06-06 09:00:54'),
(98, 92, 'submitted', 'received', 22, 'central_officer', 'Central officer accepted and received the complaint.', '2026-06-06 09:00:58'),
(99, 91, 'submitted', 'received', 22, 'central_officer', 'Central officer accepted and received the complaint.', '2026-06-06 09:01:09'),
(100, 90, 'submitted', 'received', 22, 'central_officer', 'Central officer accepted and received the complaint.', '2026-06-06 09:01:13'),
(101, 89, 'submitted', 'received', 22, 'central_officer', 'Central officer accepted and received the complaint.', '2026-06-06 09:02:26'),
(102, 88, 'submitted', 'received', 22, 'central_officer', 'Central officer accepted and received the complaint.', '2026-06-06 09:02:29'),
(103, 87, 'submitted', 'received', 22, 'central_officer', 'Central officer accepted and received the complaint.', '2026-06-06 09:02:34'),
(104, 97, NULL, 'submitted', 1, 'citizen', 'Citizen submitted a new complaint.', '2026-06-06 18:31:07'),
(105, 97, 'submitted', 'received', 4, 'central_officer', 'Central officer accepted and received the complaint.', '2026-06-06 18:31:43'),
(106, 98, NULL, 'submitted', 27, 'citizen', 'Citizen submitted a new complaint.', '2026-06-06 21:30:41'),
(107, 99, NULL, 'submitted', 27, 'citizen', 'Citizen submitted a new complaint.', '2026-06-06 21:32:32'),
(108, 100, NULL, 'submitted', 27, 'citizen', 'Citizen submitted a new complaint.', '2026-06-06 21:33:41'),
(109, 101, NULL, 'submitted', 27, 'citizen', 'Citizen submitted a new complaint.', '2026-06-06 21:34:36'),
(110, 102, NULL, 'submitted', 27, 'citizen', 'Citizen submitted a new complaint.', '2026-06-06 21:36:14'),
(111, 103, NULL, 'submitted', 27, 'citizen', 'Citizen submitted a new complaint.', '2026-06-06 21:38:08'),
(112, 104, NULL, 'submitted', 27, 'citizen', 'Citizen submitted a new complaint.', '2026-06-06 21:39:04'),
(113, 105, NULL, 'submitted', 27, 'citizen', 'Citizen submitted a new complaint.', '2026-06-06 21:40:47'),
(114, 106, NULL, 'submitted', 27, 'citizen', 'Citizen submitted a new complaint.', '2026-06-06 22:12:36'),
(115, 106, 'submitted', 'received', 28, 'central_officer', 'Central officer accepted and received the complaint.', '2026-06-06 22:25:12'),
(116, 105, 'submitted', 'received', 28, 'central_officer', 'Central officer accepted and received the complaint.', '2026-06-06 22:25:34'),
(117, 104, 'submitted', 'rejected_by_central', 28, 'central_officer', 'Central officer rejected the complaint.', '2026-06-06 22:25:51'),
(118, 103, 'submitted', 'received', 28, 'central_officer', 'Central officer accepted and received the complaint.', '2026-06-06 22:28:36'),
(119, 102, 'submitted', 'received', 28, 'central_officer', 'Central officer accepted and received the complaint.', '2026-06-06 22:28:41'),
(120, 101, 'submitted', 'received', 28, 'central_officer', 'Central officer accepted and received the complaint.', '2026-06-06 22:28:44'),
(121, 100, 'submitted', 'received', 28, 'central_officer', 'Central officer accepted and received the complaint.', '2026-06-06 22:28:48'),
(122, 99, 'submitted', 'received', 28, 'central_officer', 'Central officer accepted and received the complaint.', '2026-06-06 22:28:57'),
(123, 98, 'submitted', 'received', 28, 'central_officer', 'Central officer accepted and received the complaint.', '2026-06-06 22:29:01'),
(124, 107, NULL, 'submitted', 15, 'citizen', 'Citizen submitted a new complaint.', '2026-06-07 22:38:46'),
(125, 107, 'submitted', 'received', 4, 'central_officer', 'Central officer accepted and received the complaint.', '2026-06-07 22:39:20'),
(126, 108, NULL, 'submitted', 15, 'citizen', 'Citizen submitted a new complaint.', '2026-06-08 00:32:14'),
(127, 108, 'submitted', 'received', 4, 'central_officer', 'Central officer accepted and received the complaint.', '2026-06-08 00:32:32'),
(128, 109, NULL, 'submitted', 33, 'citizen', 'Citizen submitted a new complaint.', '2026-06-08 12:17:59'),
(129, 110, NULL, 'submitted', 33, 'citizen', 'Citizen submitted a new complaint.', '2026-06-08 12:21:40'),
(130, 111, NULL, 'submitted', 33, 'citizen', 'Citizen submitted a new complaint.', '2026-06-08 12:22:33'),
(131, 112, NULL, 'submitted', 33, 'citizen', 'Citizen submitted a new complaint.', '2026-06-08 12:23:33'),
(132, 113, NULL, 'submitted', 33, 'citizen', 'Citizen submitted a new complaint.', '2026-06-08 12:24:52'),
(133, 114, NULL, 'submitted', 33, 'citizen', 'Citizen submitted a new complaint.', '2026-06-08 12:26:13'),
(134, 115, NULL, 'submitted', 33, 'citizen', 'Citizen submitted a new complaint.', '2026-06-08 12:27:04'),
(135, 116, NULL, 'submitted', 33, 'citizen', 'Citizen submitted a new complaint.', '2026-06-08 12:28:10'),
(136, 117, NULL, 'submitted', 33, 'citizen', 'Citizen submitted a new complaint.', '2026-06-08 12:29:10'),
(137, 118, NULL, 'submitted', 33, 'citizen', 'Citizen submitted a new complaint.', '2026-06-08 12:30:14'),
(138, 119, NULL, 'submitted', 33, 'citizen', 'Citizen submitted a new complaint.', '2026-06-08 12:31:11'),
(139, 119, 'submitted', 'received', 34, 'central_officer', 'Central officer accepted and received the complaint.', '2026-06-08 12:33:14'),
(140, 118, 'submitted', 'rejected_by_central', 34, 'central_officer', 'Central officer rejected the complaint.', '2026-06-08 12:33:28'),
(141, 117, 'submitted', 'received', 34, 'central_officer', 'Central officer accepted and received the complaint.', '2026-06-08 12:36:09'),
(142, 116, 'submitted', 'received', 34, 'central_officer', 'Central officer accepted and received the complaint.', '2026-06-08 12:36:12'),
(143, 115, 'submitted', 'received', 34, 'central_officer', 'Central officer accepted and received the complaint.', '2026-06-08 12:36:15'),
(144, 114, 'submitted', 'received', 34, 'central_officer', 'Central officer accepted and received the complaint.', '2026-06-08 12:36:20'),
(145, 113, 'submitted', 'received', 34, 'central_officer', 'Central officer accepted and received the complaint.', '2026-06-08 12:36:24'),
(146, 112, 'submitted', 'received', 34, 'central_officer', 'Central officer accepted and received the complaint.', '2026-06-08 12:36:27'),
(147, 111, 'submitted', 'received', 34, 'central_officer', 'Central officer accepted and received the complaint.', '2026-06-08 12:36:30'),
(148, 110, 'submitted', 'received', 34, 'central_officer', 'Central officer accepted and received the complaint.', '2026-06-08 12:36:35'),
(149, 109, 'submitted', 'received', 34, 'central_officer', 'Central officer accepted and received the complaint.', '2026-06-08 12:36:39');

-- --------------------------------------------------------

--
-- Table structure for table `delay_requests`
--

CREATE TABLE `delay_requests` (
  `delay_request_id` int(11) NOT NULL,
  `assignment_id` int(11) NOT NULL,
  `complaint_id` int(11) NOT NULL,
  `maintenance_team_id` int(11) NOT NULL,
  `requested_by` int(11) DEFAULT NULL,
  `delay_reason` text NOT NULL,
  `requested_new_deadline` datetime DEFAULT NULL,
  `additional_note` text DEFAULT NULL,
  `request_type` enum('delay_notification','deadline_extension') NOT NULL,
  `request_status` enum('sent','pending','approved','rejected') NOT NULL DEFAULT 'pending',
  `created_at` datetime NOT NULL DEFAULT current_timestamp(),
  `updated_at` datetime DEFAULT NULL ON UPDATE current_timestamp()
) ENGINE=InnoDB DEFAULT CHARSET=utf8mb4 COLLATE=utf8mb4_general_ci;

-- --------------------------------------------------------

--
-- Table structure for table `disciplinary_records`
--

CREATE TABLE `disciplinary_records` (
  `record_id` int(11) NOT NULL,
  `user_id` int(11) NOT NULL,
  `user_role` varchar(50) NOT NULL,
  `related_complaint_id` int(11) DEFAULT NULL,
  `related_team_id` int(11) DEFAULT NULL,
  `penalty_subject_type` enum('inspector','team_leader','worker') NOT NULL,
  `action_type` enum('warning','demerit','suspension','ban','demotion','permanent_ban') NOT NULL,
  `reason` text DEFAULT NULL,
  `demerit_points_added` int(11) DEFAULT 0,
  `total_demerit_points_after` int(11) DEFAULT 0,
  `suspension_count_after` int(11) DEFAULT 0,
  `ban_count_after` int(11) DEFAULT 0,
  `start_at` datetime DEFAULT NULL,
  `end_at` datetime DEFAULT NULL,
  `created_by_user_id` int(11) DEFAULT NULL,
  `created_by_role` varchar(50) DEFAULT NULL,
  `created_at` timestamp NOT NULL DEFAULT current_timestamp()
) ENGINE=InnoDB DEFAULT CHARSET=utf8mb4 COLLATE=utf8mb4_general_ci;

--
-- Dumping data for table `disciplinary_records`
--

INSERT INTO `disciplinary_records` (`record_id`, `user_id`, `user_role`, `related_complaint_id`, `related_team_id`, `penalty_subject_type`, `action_type`, `reason`, `demerit_points_added`, `total_demerit_points_after`, `suspension_count_after`, `ban_count_after`, `start_at`, `end_at`, `created_by_user_id`, `created_by_role`, `created_at`) VALUES
(1, 13, 'maintenance_worker', 32, 15, 'team_leader', 'demerit', 'false proof', 1, 0, 0, 0, NULL, NULL, 7, 'ward_officer', '2026-06-04 18:30:36'),
(5, 10, 'inspector', 31, NULL, 'inspector', 'demerit', 'cvbcvcvb', 1, 0, 0, 0, NULL, NULL, 6, 'ward_officer', '2026-06-04 20:18:53'),
(6, 10, 'inspector', 31, NULL, 'inspector', 'demerit', 'gjhgjh', 1, 0, 0, 0, NULL, NULL, 6, 'ward_officer', '2026-06-04 20:18:58'),
(7, 14, 'maintenance_worker', 31, 16, 'team_leader', 'demerit', 'hgjhghghj', 1, 0, 0, 0, NULL, NULL, 6, 'ward_officer', '2026-06-04 20:19:07'),
(8, 14, 'maintenance_worker', 31, 16, 'team_leader', 'demerit', 'jhgh', 1, 0, 0, 0, NULL, NULL, 6, 'ward_officer', '2026-06-04 20:19:11'),
(9, 11, 'maintenance_worker', 37, 14, 'team_leader', 'demerit', 'dffddffdg', 1, 0, 0, 0, NULL, NULL, 5, 'ward_officer', '2026-06-04 20:25:44'),
(10, 12, 'maintenance_worker', 37, 14, 'worker', 'warning', 'dffddffdg', 0, 0, 0, 0, NULL, NULL, 5, 'ward_officer', '2026-06-04 20:25:44'),
(11, 13, 'maintenance_worker', 26, 15, 'team_leader', 'demerit', 'true objection', 1, 0, 0, 0, NULL, NULL, 7, 'ward_officer', '2026-06-05 04:10:58'),
(12, 10, 'inspector', 72, NULL, 'inspector', 'demerit', 'adsaassasdassad', 1, 0, 0, 0, NULL, NULL, 6, 'ward_officer', '2026-06-05 04:15:33'),
(13, 10, 'inspector', NULL, NULL, 'inspector', 'suspension', 'Reached 3 demerits', 0, 0, 0, 0, NULL, NULL, 6, 'ward_officer', '2026-06-05 04:15:33'),
(14, 11, 'maintenance_worker', 69, 14, 'team_leader', 'demerit', 'ami inspect kreci and false peyeci', 1, 0, 0, 0, NULL, NULL, 5, 'ward_officer', '2026-06-05 11:54:05'),
(15, 18, 'team_leader', 81, 17, 'team_leader', 'demerit', 'rteytyrtryerer', 1, 1, 0, 0, NULL, NULL, 17, 'ward_officer', '2026-06-05 20:52:22'),
(16, 16, 'inspector', 80, NULL, 'inspector', 'demerit', 'jjhgghghjgjh', 1, 1, 0, 0, NULL, NULL, 17, 'ward_officer', '2026-06-05 20:52:29'),
(17, 19, 'team_leader', 83, 18, 'team_leader', 'demerit', 'gfhfghfghfg', 1, 1, 0, 0, NULL, NULL, 17, 'ward_officer', '2026-06-05 20:52:43'),
(18, 16, 'inspector', 83, 18, 'inspector', 'demerit', 'gfhfghfghfg', 1, 2, 0, 0, NULL, NULL, 17, 'ward_officer', '2026-06-05 20:52:43'),
(19, 25, 'team_leader', 90, 20, 'team_leader', 'demerit', 'hhhfggf', 1, 1, 0, 0, NULL, NULL, 24, 'ward_officer', '2026-06-06 03:49:18'),
(20, 23, 'inspector', 88, NULL, 'inspector', 'demerit', 'fghdfgdfghfg', 1, 1, 0, 0, NULL, NULL, 24, 'ward_officer', '2026-06-06 03:49:29'),
(21, 25, 'team_leader', 88, 20, 'team_leader', 'demerit', 'ffdffdgdfdg', 1, 2, 0, 0, NULL, NULL, 24, 'ward_officer', '2026-06-06 03:51:04'),
(22, 23, 'inspector', 88, 20, 'inspector', 'demerit', 'ffdffdgdfdg', 1, 2, 0, 0, NULL, NULL, 24, 'ward_officer', '2026-06-06 03:51:04'),
(23, 21, 'citizen', 87, NULL, 'worker', 'demerit', 'fgdgdffdfdf', 1, 1, 0, 0, NULL, NULL, 24, 'ward_officer', '2026-06-06 03:51:09'),
(24, 32, 'team_leader', 98, 21, 'team_leader', 'demerit', 'fdssdfasdfas', 1, 1, 0, 0, NULL, NULL, 30, 'ward_officer', '2026-06-06 17:20:09'),
(25, 29, 'inspector', 102, NULL, 'inspector', 'demerit', 'fghffg', 1, 1, 0, 0, NULL, NULL, 30, 'ward_officer', '2026-06-06 17:20:31'),
(26, 31, 'team_leader', 102, 22, 'team_leader', 'demerit', 'fgfgdf', 1, 1, 0, 0, NULL, NULL, 30, 'ward_officer', '2026-06-06 17:22:49'),
(27, 29, 'inspector', 102, 22, 'inspector', 'demerit', 'fgfgdf', 1, 2, 0, 0, NULL, NULL, 30, 'ward_officer', '2026-06-06 17:22:49'),
(28, 27, 'citizen', 99, NULL, 'worker', 'demerit', 'gfdfdfg', 1, 1, 0, 0, NULL, NULL, 30, 'ward_officer', '2026-06-06 17:22:55'),
(29, 37, 'team_leader', 115, 23, 'team_leader', 'demerit', 'okkkjh', 1, 1, 0, 0, NULL, NULL, 36, 'ward_officer', '2026-06-08 07:11:09'),
(30, 39, 'maintenance_team_member', 115, 23, 'worker', 'warning', 'okkkjh', 0, 0, 0, 0, NULL, NULL, 36, 'ward_officer', '2026-06-08 07:11:09'),
(31, 35, 'inspector', 115, 23, 'inspector', 'demerit', 'okkkjh', 1, 1, 0, 0, NULL, NULL, 36, 'ward_officer', '2026-06-08 07:11:09'),
(32, 33, 'citizen', 116, NULL, 'worker', 'demerit', 'moouiuy', 1, 1, 0, 0, NULL, NULL, 36, 'ward_officer', '2026-06-08 07:11:16'),
(33, 37, 'team_leader', 112, 23, 'team_leader', 'demerit', 'dasasdad', 1, 2, 0, 0, NULL, NULL, 36, 'ward_officer', '2026-06-08 07:14:09'),
(34, 39, 'maintenance_team_member', 112, 23, 'worker', 'demerit', 'dasasdad', 1, 1, 0, 0, NULL, NULL, 36, 'ward_officer', '2026-06-08 07:14:09'),
(35, 35, 'inspector', 117, NULL, 'inspector', 'demerit', 'sadasasasdas', 1, 2, 0, 0, NULL, NULL, 36, 'ward_officer', '2026-06-08 07:14:15');

-- --------------------------------------------------------

--
-- Table structure for table `disciplinary_state`
--

CREATE TABLE `disciplinary_state` (
  `state_id` int(11) NOT NULL,
  `user_id` int(11) DEFAULT NULL,
  `member_id` int(11) DEFAULT NULL,
  `user_role` varchar(50) NOT NULL,
  `penalty_subject_type` varchar(50) NOT NULL,
  `active_warning_count` int(11) NOT NULL DEFAULT 0,
  `active_demerit_points` int(11) NOT NULL DEFAULT 0,
  `one_month_suspension_count` int(11) NOT NULL DEFAULT 0,
  `six_month_suspension_count` int(11) NOT NULL DEFAULT 0,
  `is_permanently_banned` tinyint(1) NOT NULL DEFAULT 0,
  `current_penalty_status` varchar(50) NOT NULL DEFAULT 'active',
  `suspension_start_at` datetime DEFAULT NULL,
  `suspension_end_at` datetime DEFAULT NULL,
  `last_penalty_at` datetime DEFAULT NULL,
  `updated_at` datetime DEFAULT current_timestamp() ON UPDATE current_timestamp()
) ENGINE=InnoDB DEFAULT CHARSET=utf8mb4 COLLATE=utf8mb4_general_ci;

--
-- Dumping data for table `disciplinary_state`
--

INSERT INTO `disciplinary_state` (`state_id`, `user_id`, `member_id`, `user_role`, `penalty_subject_type`, `active_warning_count`, `active_demerit_points`, `one_month_suspension_count`, `six_month_suspension_count`, `is_permanently_banned`, `current_penalty_status`, `suspension_start_at`, `suspension_end_at`, `last_penalty_at`, `updated_at`) VALUES
(13, 18, NULL, 'team_leader', 'team_leader', 0, 1, 0, 0, 0, 'active', NULL, NULL, '2026-06-06 02:52:22', '2026-06-06 02:52:22'),
(14, 16, NULL, 'inspector', 'inspector', 0, 2, 0, 0, 0, 'active', NULL, NULL, '2026-06-06 02:52:43', '2026-06-06 02:52:43'),
(15, 19, NULL, 'team_leader', 'team_leader', 0, 1, 0, 0, 0, 'active', NULL, NULL, '2026-06-06 02:52:43', '2026-06-06 02:52:43'),
(16, 25, NULL, 'team_leader', 'team_leader', 0, 2, 0, 0, 0, 'active', NULL, NULL, '2026-06-06 09:51:04', '2026-06-06 09:51:04'),
(17, 23, NULL, 'inspector', 'inspector', 0, 2, 0, 0, 0, 'active', NULL, NULL, '2026-06-06 09:51:04', '2026-06-06 09:51:04'),
(18, 21, NULL, 'citizen', 'citizen', 0, 1, 0, 0, 0, 'active', NULL, NULL, '2026-06-06 09:51:09', '2026-06-06 09:51:09'),
(19, 32, NULL, 'team_leader', 'team_leader', 0, 1, 0, 0, 0, 'active', NULL, NULL, '2026-06-06 23:20:09', '2026-06-06 23:20:09'),
(20, 29, NULL, 'inspector', 'inspector', 0, 2, 0, 0, 0, 'active', NULL, NULL, '2026-06-06 23:22:49', '2026-06-06 23:22:49'),
(21, 31, NULL, 'team_leader', 'team_leader', 0, 1, 0, 0, 0, 'active', NULL, NULL, '2026-06-06 23:22:49', '2026-06-06 23:22:49'),
(22, 27, NULL, 'citizen', 'citizen', 0, 1, 0, 0, 0, 'active', NULL, NULL, '2026-06-06 23:22:55', '2026-06-06 23:22:55'),
(23, 37, NULL, 'team_leader', 'team_leader', 0, 2, 0, 0, 0, 'active', NULL, NULL, '2026-06-08 13:14:09', '2026-06-08 13:14:09'),
(24, 39, 24, 'maintenance_team_member', 'team_member', 1, 1, 0, 0, 0, 'active', NULL, NULL, '2026-06-08 13:14:09', '2026-06-08 13:14:09'),
(25, 35, NULL, 'inspector', 'inspector', 0, 2, 0, 0, 0, 'active', NULL, NULL, '2026-06-08 13:14:15', '2026-06-08 13:14:15'),
(26, 33, NULL, 'citizen', 'citizen', 0, 1, 0, 0, 0, 'active', NULL, NULL, '2026-06-08 13:11:16', '2026-06-08 13:11:16');

-- --------------------------------------------------------

--
-- Table structure for table `drains`
--

CREATE TABLE `drains` (
  `drain_id` int(11) NOT NULL,
  `loc_id` int(11) NOT NULL,
  `drain_code` varchar(50) NOT NULL,
  `drain_name` varchar(150) NOT NULL,
  `drain_address_description` text NOT NULL,
  `drain_address_hash` char(32) GENERATED ALWAYS AS (md5(lcase(trim(`drain_address_description`)))) STORED,
  `drain_condition` enum('good','moderate','blocked','damaged','overflow') DEFAULT 'moderate',
  `condition_updated_by_user_id` int(11) DEFAULT NULL,
  `condition_updated_by_role` enum('ward_officer','inspector','central_officer','system') DEFAULT NULL,
  `condition_updated_at` datetime DEFAULT NULL,
  `created_at` timestamp NOT NULL DEFAULT current_timestamp(),
  `updated_at` timestamp NOT NULL DEFAULT current_timestamp() ON UPDATE current_timestamp()
) ENGINE=InnoDB DEFAULT CHARSET=utf8mb4 COLLATE=utf8mb4_general_ci;

--
-- Dumping data for table `drains`
--

INSERT INTO `drains` (`drain_id`, `loc_id`, `drain_code`, `drain_name`, `drain_address_description`, `drain_condition`, `condition_updated_by_user_id`, `condition_updated_by_role`, `condition_updated_at`, `created_at`, `updated_at`) VALUES
(1, 91, 'DRN-LOC91-35772', 'Drain near main roader pashe', 'main roader pashe', 'moderate', NULL, NULL, NULL, '2026-05-20 16:08:31', '2026-05-20 16:08:31'),
(4, 91, 'DRN-LOC91-83679', 'Drain near main road er pashe', 'main road er pashe', 'moderate', NULL, NULL, NULL, '2026-05-20 16:45:42', '2026-05-20 16:45:42'),
(5, 91, 'DRN-LOC91-72066', 'Drain near main road', 'main road', 'moderate', NULL, NULL, NULL, '2026-05-23 07:48:12', '2026-05-23 07:48:12'),
(6, 90, 'DRN-LOC90-54581', 'Drain near Main Road er pashe', 'Main Road er pashe', 'moderate', NULL, NULL, NULL, '2026-05-27 05:51:01', '2026-05-27 05:51:01'),
(7, 91, 'DRN-LOC91-50154', 'Drain near beside aiub university', 'beside aiub university', 'moderate', NULL, NULL, NULL, '2026-05-31 07:35:31', '2026-05-31 07:35:31'),
(8, 92, 'DRN-LOC92-68401', 'Drain near main road er pashe', 'main road er pashe', 'moderate', NULL, NULL, NULL, '2026-06-01 07:39:59', '2026-06-01 07:39:59'),
(9, 197, 'DRN-LOC197-82939', 'Drain near street 5', 'street 5', 'moderate', NULL, NULL, NULL, '2026-06-01 09:01:13', '2026-06-01 09:01:13'),
(10, 1277, 'DRN-LOC1277-53930', 'Drain near street 5 , residential area', 'street 5 , residential area', 'moderate', NULL, NULL, NULL, '2026-06-01 09:03:21', '2026-06-01 09:03:21'),
(11, 942, 'DRN-LOC942-56527', 'Drain near kazi nozrul saroni', 'kazi nozrul saroni', 'moderate', NULL, NULL, NULL, '2026-06-01 09:04:57', '2026-06-01 09:04:57'),
(12, 166, 'DRN-LOC166-78807', 'Drain near senanibas', 'senanibas', 'moderate', NULL, NULL, NULL, '2026-06-01 09:06:05', '2026-06-01 09:06:05'),
(13, 96, 'DRN-LOC96-14832', 'Drain near jomuna future park', 'jomuna future park', 'moderate', NULL, NULL, NULL, '2026-06-01 09:09:58', '2026-06-01 09:09:58'),
(14, 1275, 'DRN-LOC1275-57189', 'Drain near main road er pashe', 'main road er pashe', 'moderate', NULL, NULL, NULL, '2026-06-01 09:11:21', '2026-06-01 09:11:21'),
(15, 197, 'DRN-LOC197-85516', 'Drain near settlement area', 'settlement area', 'moderate', NULL, NULL, NULL, '2026-06-01 09:12:41', '2026-06-01 09:12:41'),
(16, 98, 'DRN-LOC98-30928', 'Drain near colleger er pashe', 'colleger er pashe', 'moderate', NULL, NULL, NULL, '2026-06-01 09:14:00', '2026-06-01 09:14:00'),
(17, 187, 'DRN-LOC187-71050', 'Drain near street no 5', 'street no 5', 'moderate', NULL, NULL, NULL, '2026-06-04 09:51:55', '2026-06-04 09:51:55'),
(18, 197, 'DRN-LOC197-45268', 'Drain near fssvgzrbgh', 'fssvgzrbgh', 'moderate', NULL, NULL, NULL, '2026-06-04 09:57:57', '2026-06-04 09:57:57'),
(19, 92, 'DRN-LOC92-49753', 'Drain near high school', 'high school', 'moderate', NULL, NULL, NULL, '2026-06-04 20:21:37', '2026-06-04 20:21:37'),
(20, 94, 'DRN-1780629274-2383', 'Drain at Near Olipara Market', 'Near Olipara Market', 'moderate', NULL, NULL, NULL, '2026-06-05 03:14:34', '2026-06-05 03:14:34'),
(21, 94, 'DRN-1780629308-5815', 'Drain at At the junction of O', 'At the junction of Olipara Jame Mosque', 'moderate', NULL, NULL, NULL, '2026-06-05 03:15:08', '2026-06-05 03:15:08'),
(22, 197, 'DRN-1780629308-8836', 'Drain at Dakkhin Moddhopara B', 'Dakkhin Moddhopara Balurmath', 'moderate', NULL, NULL, NULL, '2026-06-05 03:15:08', '2026-06-05 03:15:08'),
(23, 178, 'DRN-1780629308-7203', 'Drain at Near Kafrul auto sta', 'Near Kafrul auto stand', 'moderate', NULL, NULL, NULL, '2026-06-05 03:15:08', '2026-06-05 03:15:08'),
(24, 201, 'DRN-1780629308-2016', 'Drain at Barua elakar Nur Moh', 'Barua elakar Nur Mohammod market road is pashe 17 number Goli', 'moderate', NULL, NULL, NULL, '2026-06-05 03:15:08', '2026-06-05 03:15:08'),
(25, 27, 'DRN-1780629308-3407', 'Drain at Krishi Bank Road, Sh', 'Krishi Bank Road, Shewly Villa', 'moderate', NULL, NULL, NULL, '2026-06-05 03:15:08', '2026-06-05 03:15:08'),
(26, 1068, 'DRN-1780629308-6460', 'Drain at Motijheel colony mai', 'Motijheel colony main road', 'moderate', NULL, NULL, NULL, '2026-06-05 03:15:08', '2026-06-05 03:15:08'),
(27, 1283, 'DRN-1780629308-6105', 'Drain at 17/ B Farashgonj, PO', '17/ B Farashgonj, PO: Dhaka Sadar HO, PS: Sutrapur, Shambazar Dhaka, 1100', 'moderate', NULL, NULL, NULL, '2026-06-05 03:15:08', '2026-06-05 03:15:08'),
(28, 91, 'DRN-1780629308-6971', 'Drain at Mullar Tex Ltd. Ka-1', 'Mullar Tex Ltd. Ka-157/ka/c, kuril, badda, Dhaka 1229', 'moderate', NULL, NULL, NULL, '2026-06-05 03:15:08', '2026-06-05 03:15:08'),
(29, 1245, 'DRN-1780629308-3818', 'Drain at Bahadurpur lane foot', 'Bahadurpur lane footpath', 'moderate', NULL, NULL, NULL, '2026-06-05 03:15:08', '2026-06-05 03:15:08'),
(30, 993, 'DRN-1780629308-1145', 'Drain at City bank Islampur b', 'City bank Islampur branch, Sonar Bangla Market, 18 Islampur Rd, Dhaka 1100', 'moderate', NULL, NULL, NULL, '2026-06-05 03:15:08', '2026-06-05 03:15:08'),
(31, 97, 'DRN-1780629308-2719', 'Drain at House 13 Rd No.8, Dh', 'House 13 Rd No.8, Dhaka 1229, Chishti Bhaban', 'moderate', NULL, NULL, NULL, '2026-06-05 03:15:08', '2026-06-05 03:15:08'),
(32, 353, 'DRN-1780629308-8906', 'Drain at Achiya Garden', 'Achiya Garden', 'moderate', NULL, NULL, NULL, '2026-06-05 03:15:08', '2026-06-05 03:15:08'),
(33, 95, 'DRN-1780629308-1391', 'Drain at Near Jagannathpur Bu', 'Near Jagannathpur Bus Stand', 'moderate', NULL, NULL, NULL, '2026-06-05 03:15:08', '2026-06-05 03:15:08'),
(34, 93, 'DRN-1780629308-6377', 'Drain at Joar Shahara Bazar, ', 'Joar Shahara Bazar, 60 Joar Shahara Bazar Rd, Dhaka 1229', 'moderate', NULL, NULL, NULL, '2026-06-05 03:15:08', '2026-06-05 03:15:08'),
(35, 198, 'DRN-1780629308-4762', 'Drain at Residential area nea', 'Residential area near shonar khola', 'moderate', NULL, NULL, NULL, '2026-06-05 03:15:08', '2026-06-05 03:15:08'),
(36, 1293, 'DRN-1780629308-2479', 'Drain at The narrow lane in t', 'The narrow lane in the shree das lane', 'moderate', NULL, NULL, NULL, '2026-06-05 03:15:08', '2026-06-05 03:15:08'),
(37, 469, 'DRN-1780629308-5168', 'Drain at Bazar er pasher road', 'Bazar er pasher road', 'moderate', NULL, NULL, NULL, '2026-06-05 03:15:08', '2026-06-05 03:15:08'),
(42, 1373, 'DRN-LOC1373-60875', 'Drain near dfgjhgjukjhlkjlkjlkjhggjhjhkjhk', 'dfgjhgjukjhlkjlkjlkjhggjhjhkjhk', 'moderate', NULL, NULL, NULL, '2026-06-05 14:19:25', '2026-06-05 14:19:25'),
(43, 531, 'DRN-LOC531-19830', 'Drain near House 12, Road 3, near Abdullahpur Bus Stand, main road side drain.', 'House 12, Road 3, near Abdullahpur Bus Stand, main road side drain.', 'moderate', NULL, NULL, NULL, '2026-06-05 14:56:53', '2026-06-05 14:56:53'),
(44, 535, 'DRN-LOC535-54947', 'Drain near House 25, Block B, Baunia Bazar Road, near local mosque.', 'House 25, Block B, Baunia Bazar Road, near local mosque.', 'moderate', NULL, NULL, NULL, '2026-06-05 14:58:37', '2026-06-05 14:58:37'),
(45, 536, 'DRN-LOC536-93714', 'Drain near Road 7, near Dakshin Khan High School, beside residential drain line.', 'Road 7, near Dakshin Khan High School, beside residential drain line.', 'moderate', NULL, NULL, NULL, '2026-06-05 14:59:46', '2026-06-05 14:59:46'),
(46, 534, 'DRN-LOC534-86675', 'Drain near House 18, Faydabad Main Road, near Faydabad Bazar and pharmacy.', 'House 18, Faydabad Main Road, near Faydabad Bazar and pharmacy.', 'moderate', NULL, NULL, NULL, '2026-06-05 15:01:11', '2026-06-05 15:01:11'),
(47, 537, 'DRN-LOC537-36065', 'Drain near Road 5, Ranavola residential area, beside community center drain.', 'Road 5, Ranavola residential area, beside community center drain.', 'moderate', NULL, NULL, NULL, '2026-06-05 15:02:43', '2026-06-05 15:02:43'),
(48, 533, 'DRN-LOC533-12992', 'Drain near House 31, Shailpur Road, near local grocery shop and narrow lane.', 'House 31, Shailpur Road, near local grocery shop and narrow lane.', 'moderate', NULL, NULL, NULL, '2026-06-05 15:05:44', '2026-06-05 15:05:44'),
(49, 521, 'DRN-LOC521-22308', 'Drain near House 14, Road 2, Sector 1, near Uttara local park.', 'House 14, Road 2, Sector 1, near Uttara local park.', 'moderate', NULL, NULL, NULL, '2026-06-05 15:06:49', '2026-06-05 15:06:49'),
(50, 527, 'DRN-LOC527-15548', 'Drain near House 22, Road 9, Sector 7, near main road and bus stop.', 'House 22, Road 9, Sector 7, near main road and bus stop.', 'moderate', NULL, NULL, NULL, '2026-06-05 15:08:00', '2026-06-05 15:08:00'),
(51, 280, 'DRN-LOC280-25479', 'Drain near Description: Road 3, Block B, বছিলা সিটি ডেভেলপার্স, Mohammadpur, Dhaka, near ma', 'Description: Road 3, Block B, বছিলা সিটি ডেভেলপার্স, Mohammadpur, Dhaka, near main road entrance', 'moderate', NULL, NULL, NULL, '2026-06-06 02:43:07', '2026-06-06 02:43:07'),
(52, 271, 'DRN-LOC271-78082', 'Drain near Bosila Road, near Mohammadpur Beribadh intersection, Mohammadpur, Dhaka', 'Bosila Road, near Mohammadpur Beribadh intersection, Mohammadpur, Dhaka', 'moderate', NULL, NULL, NULL, '2026-06-06 02:44:51', '2026-06-06 02:44:51'),
(53, 265, 'DRN-LOC265-20160', 'Drain near House 18, Road 5, Mohammadpur Housing Society, Mohammadpur, Dhaka', 'House 18, Road 5, Mohammadpur Housing Society, Mohammadpur, Dhaka', 'moderate', NULL, NULL, NULL, '2026-06-06 02:46:04', '2026-06-06 02:46:04'),
(54, 264, 'DRN-LOC264-71331', 'Drain near Tajmahal Road, near Krishi Market, Mohammadpur, Dhaka', 'Tajmahal Road, near Krishi Market, Mohammadpur, Dhaka', 'moderate', NULL, NULL, NULL, '2026-06-06 02:47:24', '2026-06-06 02:47:24'),
(55, 281, 'DRN-LOC281-16826', 'Drain near Block C, Geneva Camp, Mohammadpur, Dhaka, near community mosque', 'Block C, Geneva Camp, Mohammadpur, Dhaka, near community mosque', 'moderate', NULL, NULL, NULL, '2026-06-06 02:48:43', '2026-06-06 02:48:43'),
(56, 282, 'DRN-LOC282-10428', 'Drain near Gate 2, Japan Garden City, Ring Road, Mohammadpur, Dhaka', 'Gate 2, Japan Garden City, Ring Road, Mohammadpur, Dhaka', 'moderate', NULL, NULL, NULL, '2026-06-06 02:49:53', '2026-06-06 02:49:53'),
(57, 264, 'DRN-LOC264-43340', 'Drain near Ring Road, near Shyamoli Square Shopping Mall, Mohammadpur, Dhaka', 'Ring Road, near Shyamoli Square Shopping Mall, Mohammadpur, Dhaka', 'moderate', NULL, NULL, NULL, '2026-06-06 02:51:28', '2026-06-06 02:51:28'),
(58, 266, 'DRN-LOC266-70803', 'Drain near Road 2, Kaderabad Housing Estate, Mohammadpur, Dhaka', 'Road 2, Kaderabad Housing Estate, Mohammadpur, Dhaka', 'moderate', NULL, NULL, NULL, '2026-06-06 02:52:35', '2026-06-06 02:52:35'),
(59, 273, 'DRN-LOC273-94897', 'Drain near Road 6, Dhaka Uddan, Mohammadpur, Dhaka, near local bazar', 'Road 6, Dhaka Uddan, Mohammadpur, Dhaka, near local bazar', 'moderate', NULL, NULL, NULL, '2026-06-06 02:53:50', '2026-06-06 02:53:50'),
(60, 269, 'DRN-LOC269-41707', 'Drain near Road 4, Chandmia Housing, Mohammadpur, Dhaka, near main gate', 'Road 4, Chandmia Housing, Mohammadpur, Dhaka, near main gate', 'moderate', NULL, NULL, NULL, '2026-06-06 02:55:10', '2026-06-06 02:55:10'),
(61, 1370, 'DRN-LOC1370-38531', 'Drain near erewrdsffs', 'erewrdsffs', 'moderate', NULL, NULL, NULL, '2026-06-06 12:31:07', '2026-06-06 12:31:07'),
(62, 1217, 'DRN-LOC1217-93630', 'Drain near পরীবাগ শাহ সাহেব রোডের মূল রাস্তার পাশে, দোকানগুলোর সামনে ড্রেনের মুখ।', 'পরীবাগ শাহ সাহেব রোডের মূল রাস্তার পাশে, দোকানগুলোর সামনে ড্রেনের মুখ।', 'moderate', NULL, NULL, NULL, '2026-06-06 15:30:41', '2026-06-06 15:30:41'),
(63, 1209, 'DRN-LOC1209-24603', 'Drain near ময়মনসিংহ রোডের আবাসিক গলির প্রবেশমুখে, বাসার সামনের রাস্তার পাশে।', 'ময়মনসিংহ রোডের আবাসিক গলির প্রবেশমুখে, বাসার সামনের রাস্তার পাশে।', 'moderate', NULL, NULL, NULL, '2026-06-06 15:32:32', '2026-06-06 15:32:32'),
(64, 1197, 'DRN-LOC1197-19683', 'Drain near ঢাকা বিশ্ববিদ্যালয় আবাসিক এলাকার ভেতরের রাস্তা, হলের সামনে নিচু জায়গায়।', 'ঢাকা বিশ্ববিদ্যালয় আবাসিক এলাকার ভেতরের রাস্তা, হলের সামনে নিচু জায়গায়।', 'moderate', NULL, NULL, NULL, '2026-06-06 15:33:41', '2026-06-06 15:33:41'),
(65, 1212, 'DRN-LOC1212-93429', 'Drain near পি জি হাসপাতালের পাশের ড্রেন লাইন, জরুরি বিভাগের কাছাকাছি।', 'পি জি হাসপাতালের পাশের ড্রেন লাইন, জরুরি বিভাগের কাছাকাছি।', 'moderate', NULL, NULL, NULL, '2026-06-06 15:34:36', '2026-06-06 15:34:36'),
(66, 1204, 'DRN-LOC1204-39628', 'Drain near হলের পাশের দোকান/চায়ের স্টলের সামনে ড্রেনের পাশে।', 'হলের পাশের দোকান/চায়ের স্টলের সামনে ড্রেনের পাশে।', 'moderate', NULL, NULL, NULL, '2026-06-06 15:36:14', '2026-06-06 15:36:14'),
(67, 1211, 'DRN-LOC1211-56827', 'Drain near জাতীয় জাদুঘর অফিসার্স কোয়ার্টারের প্রবেশ রাস্তার পাশে ড্রেন লাইন।', 'জাতীয় জাদুঘর অফিসার্স কোয়ার্টারের প্রবেশ রাস্তার পাশে ড্রেন লাইন।', 'moderate', NULL, NULL, NULL, '2026-06-06 15:38:08', '2026-06-06 15:38:08'),
(68, 1201, 'DRN-LOC1201-87497', 'Drain near শামসুন নাহার হলের পেছনের সরু লেন, নিচু এলাকার ড্রেনের পাশে।', 'শামসুন নাহার হলের পেছনের সরু লেন, নিচু এলাকার ড্রেনের পাশে।', 'moderate', NULL, NULL, NULL, '2026-06-06 15:39:04', '2026-06-06 15:39:04'),
(69, 1214, 'DRN-LOC1214-29186', 'Drain near রমনা পার্কের গেটের পাশের রাস্তার ড্রেন লাইন।', 'রমনা পার্কের গেটের পাশের রাস্তার ড্রেন লাইন।', 'moderate', NULL, NULL, NULL, '2026-06-06 15:40:47', '2026-06-06 15:40:47'),
(70, 1208, 'DRN-LOC1208-93452', 'Drain near ময়মনসিংহ লেনের বাস/রিকশা স্ট্যান্ডের পাশে ড্রেনের মুখ।', 'ময়মনসিংহ লেনের বাস/রিকশা স্ট্যান্ডের পাশে ড্রেনের মুখ।', 'moderate', NULL, NULL, NULL, '2026-06-06 16:12:36', '2026-06-06 16:12:36'),
(71, 1367, 'DRN-LOC1367-60495', 'Drain near dasasaassadasdsa', 'dasasaassadasdsa', 'moderate', NULL, NULL, NULL, '2026-06-07 16:38:46', '2026-06-07 16:38:46'),
(72, 95, 'DRN-LOC95-26894', 'Drain near solmaid high school', 'solmaid high school', 'moderate', NULL, NULL, NULL, '2026-06-07 18:32:14', '2026-06-07 18:32:14'),
(73, 947, 'DRN-LOC947-39293', 'Drain near Beside Eidarkandi main road, near local market gate', 'Beside Eidarkandi main road, near local market gate', 'moderate', NULL, NULL, NULL, '2026-06-08 06:17:59', '2026-06-08 06:17:59'),
(74, 956, 'DRN-LOC956-40766', 'Drain near Near Uttar Debpur clinic road, beside pharmacy lane', 'Near Uttar Debpur clinic road, beside pharmacy lane', 'moderate', NULL, NULL, NULL, '2026-06-08 06:21:40', '2026-06-08 06:21:40'),
(75, 958, 'DRN-LOC958-78584', 'Drain near Beside Uttar Gao bazar, near vegetable market entrance', 'Beside Uttar Gao bazar, near vegetable market entrance', 'moderate', NULL, NULL, NULL, '2026-06-08 06:22:33', '2026-06-08 06:22:33'),
(76, 961, 'DRN-LOC961-47712', 'Drain near In front of local school road, Gourango ImamBag area', 'In front of local school road, Gourango ImamBag area', 'moderate', NULL, NULL, NULL, '2026-06-08 06:23:33', '2026-06-08 06:23:33'),
(77, 957, 'DRN-LOC957-35712', 'Drain near Near Uttar Debpur clinic road, beside pharmacy lane', 'Near Uttar Debpur clinic road, beside pharmacy lane', 'moderate', NULL, NULL, NULL, '2026-06-08 06:24:52', '2026-06-08 06:24:52'),
(78, 952, 'DRN-LOC952-40094', 'Drain near Narrow lane beside Dheravita settlement, near community water point', 'Narrow lane beside Dheravita settlement, near community water point', 'moderate', NULL, NULL, NULL, '2026-06-08 06:26:13', '2026-06-08 06:26:13'),
(79, 953, 'DRN-LOC953-61711', 'Drain near Empty plot beside Trimohoni Purbo Para road, near bamboo fence', 'Empty plot beside Trimohoni Purbo Para road, near bamboo fence', 'moderate', NULL, NULL, NULL, '2026-06-08 06:27:04', '2026-06-08 06:27:04'),
(80, 959, 'DRN-LOC959-73436', 'Drain near Near Trimohoni Tekpara bus stoppage, beside main roadside drain', 'Near Trimohoni Tekpara bus stoppage, beside main roadside drain', 'moderate', NULL, NULL, NULL, '2026-06-08 06:28:10', '2026-06-08 06:28:10'),
(81, 960, 'DRN-LOC960-42684', 'Drain near Footpath beside Ward 6 road, near local tea stall', 'Footpath beside Ward 6 road, near local tea stall', 'moderate', NULL, NULL, NULL, '2026-06-08 06:29:10', '2026-06-08 06:29:10'),
(82, 955, 'DRN-LOC955-29490', 'Drain near Near local ward service office road, Trimohoni area', 'Near local ward service office road, Trimohoni area', 'moderate', NULL, NULL, NULL, '2026-06-08 06:30:14', '2026-06-08 06:30:14'),
(83, 946, 'DRN-LOC946-14279', 'Drain near Beside small workshop lane, Daserkandi industrial road', 'Beside small workshop lane, Daserkandi industrial road', 'moderate', NULL, NULL, NULL, '2026-06-08 06:31:11', '2026-06-08 06:31:11');

-- --------------------------------------------------------

--
-- Table structure for table `false_completion_reviews`
--

CREATE TABLE `false_completion_reviews` (
  `review_id` int(11) NOT NULL,
  `complaint_id` int(11) NOT NULL,
  `inspector_user_id` int(11) NOT NULL,
  `ward_officer_user_id` int(11) DEFAULT NULL,
  `maintenance_team_id` int(11) NOT NULL,
  `team_leader_user_id` int(11) NOT NULL,
  `inspector_claim_status` enum('pending','true','false') DEFAULT 'pending',
  `inspector_claim_note` text DEFAULT NULL,
  `ward_decision_note` text DEFAULT NULL,
  `created_at` timestamp NOT NULL DEFAULT current_timestamp(),
  `decided_at` datetime DEFAULT NULL
) ENGINE=InnoDB DEFAULT CHARSET=utf8mb4 COLLATE=utf8mb4_general_ci;

--
-- Dumping data for table `false_completion_reviews`
--

INSERT INTO `false_completion_reviews` (`review_id`, `complaint_id`, `inspector_user_id`, `ward_officer_user_id`, `maintenance_team_id`, `team_leader_user_id`, `inspector_claim_status`, `inspector_claim_note`, `ward_decision_note`, `created_at`, `decided_at`) VALUES
(1, 31, 10, 6, 16, 14, 'false', 'proof mismatch hoyece', 'cvbcvcvb', '2026-06-04 17:38:06', '2026-06-05 02:18:53'),
(2, 31, 10, 6, 16, 14, 'true', 'false proof diyece', 'hgjhghghj', '2026-06-04 17:45:54', '2026-06-05 02:19:07'),
(3, 31, 10, 6, 16, 14, 'true', 'vai mittha blen kno', 'jhgh', '2026-06-04 18:16:51', '2026-06-05 02:19:11'),
(4, 32, 9, 7, 15, 13, 'true', 'false proof dicen', 'false proof', '2026-06-04 18:24:32', '2026-06-05 00:30:36'),
(5, 31, 10, 6, 16, 14, 'false', 'sdfghjklop;lojuhy', 'gjhgjh', '2026-06-04 20:15:16', '2026-06-05 02:18:58'),
(6, 37, 8, 5, 14, 11, 'true', 'false fdfddfdfdf', 'dffddffdg', '2026-06-04 20:25:20', '2026-06-05 02:25:44'),
(7, 26, 9, 7, 15, 13, 'true', 'Bad work for now', 'true objection', '2026-06-05 04:08:32', '2026-06-05 10:10:58'),
(8, 72, 10, 6, 16, 14, 'false', 'very very bad', 'adsaassasdassad', '2026-06-05 04:14:24', '2026-06-05 10:15:33'),
(9, 69, 8, 5, 14, 11, 'true', 'false move', 'ami inspect kreci and false peyeci', '2026-06-05 11:45:38', '2026-06-05 17:54:05'),
(10, 80, 16, 17, 18, 19, 'false', 'false report', 'jjhgghghjgjh', '2026-06-05 19:24:16', '2026-06-06 02:52:29'),
(11, 81, 16, 17, 17, 18, 'true', 'false claim two different', 'rteytyrtryerer', '2026-06-05 19:35:04', '2026-06-06 02:52:22'),
(12, 88, 23, 24, 20, 25, 'false', 'bad mile nai', 'fghdfgdfghfg', '2026-06-06 03:43:51', '2026-06-06 09:49:29'),
(13, 90, 23, 24, 20, 25, 'true', 'dsssddasasdas', 'hhhfggf', '2026-06-06 03:47:19', '2026-06-06 09:49:18'),
(14, 102, 29, 30, 22, 31, 'false', 'hfdhgfghfg', 'fghffg', '2026-06-06 17:07:17', '2026-06-06 23:20:31'),
(15, 98, 29, 30, 21, 32, 'true', 'ghghfghghfggf', 'fdssdfasdfas', '2026-06-06 17:15:46', '2026-06-06 23:20:09'),
(16, 117, 35, 36, 23, 37, 'false', 'not ok for now', 'sadasasasdas', '2026-06-08 07:05:49', '2026-06-08 13:14:15'),
(17, 112, 35, 36, 23, 37, 'true', 'not ok bad work', 'dasasdad', '2026-06-08 07:06:02', '2026-06-08 13:14:09');

-- --------------------------------------------------------

--
-- Table structure for table `feedbacks`
--

CREATE TABLE `feedbacks` (
  `feedback_id` int(11) NOT NULL,
  `complaint_id` int(11) NOT NULL,
  `user_id` int(11) NOT NULL,
  `rating` int(1) DEFAULT NULL,
  `feedback_text` text DEFAULT NULL,
  `feedback_type` enum('feedback','false_completion') NOT NULL DEFAULT 'feedback',
  `created_at` timestamp NOT NULL DEFAULT current_timestamp()
) ENGINE=InnoDB DEFAULT CHARSET=utf8mb4 COLLATE=utf8mb4_general_ci;

--
-- Dumping data for table `feedbacks`
--

INSERT INTO `feedbacks` (`feedback_id`, `complaint_id`, `user_id`, `rating`, `feedback_text`, `feedback_type`, `created_at`) VALUES
(1, 37, 1, 1, 'uyyuyuiuiyuyiuiyu', 'false_completion', '2026-06-04 20:54:51'),
(2, 71, 1, 1, 'yes problem is not solve yet', 'false_completion', '2026-06-05 04:09:33'),
(3, 25, 1, 4, 'good work', 'feedback', '2026-06-05 04:09:46'),
(4, 72, 1, 4, 'good work', 'feedback', '2026-06-05 05:02:58'),
(5, 56, 1, 4, 'good work', 'feedback', '2026-06-05 05:50:52'),
(6, 37, 1, 2, 'bad work eelle', 'false_completion', '2026-06-05 05:51:13'),
(7, 64, 1, 2, 'false info still same problem exist', 'false_completion', '2026-06-05 12:02:17'),
(8, 79, 15, 4, 'good work', 'feedback', '2026-06-05 20:05:46'),
(9, 83, 15, 1, 'khub kharap hoyece', 'false_completion', '2026-06-05 20:06:13'),
(10, 86, 15, 1, 'ddsgfdsdg', 'feedback', '2026-06-05 20:09:17'),
(11, 96, 21, 5, 'very good work', 'feedback', '2026-06-06 03:48:12'),
(12, 87, 21, 1, 'very bad work', 'false_completion', '2026-06-06 03:48:25'),
(13, 88, 21, 1, 'hgffghffghgfffgfg', 'false_completion', '2026-06-06 03:50:37'),
(14, 100, 27, 4, 'kaj valo hoyece', 'feedback', '2026-06-06 17:10:25'),
(15, 99, 27, 1, 'valo hoy ni', 'false_completion', '2026-06-06 17:10:54'),
(16, 102, 27, 1, 'bfgdfgdffgdfgdfdfg', 'false_completion', '2026-06-06 17:21:28'),
(17, 116, 33, 1, 'ok kro nai', 'false_completion', '2026-06-08 07:07:27'),
(18, 110, 33, 5, 'best hoyece', 'feedback', '2026-06-08 07:07:40'),
(19, 115, 33, 3, 'ggdddfgdff', 'false_completion', '2026-06-08 07:09:23');

-- --------------------------------------------------------

--
-- Table structure for table `generated_reports`
--

CREATE TABLE `generated_reports` (
  `report_id` int(11) NOT NULL,
  `report_name` varchar(180) NOT NULL,
  `report_type` enum('ward_complaint_performance','ward_officer_performance','area_complaint_analysis','issue_type_analysis','high_risk_zone','drain_condition','maintenance_team_performance','complaint_trend','repeat_reopened_complaint') NOT NULL,
  `report_period` enum('last_7_days','last_30_days','last_3_months','last_6_months','this_year','custom_range') NOT NULL,
  `city_cor_id` int(11) DEFAULT NULL,
  `thana_id` int(11) DEFAULT NULL,
  `ward_id` int(11) DEFAULT NULL,
  `area_id` int(11) DEFAULT NULL,
  `start_date` date DEFAULT NULL,
  `end_date` date DEFAULT NULL,
  `export_format` enum('PDF','Excel','CSV','DOCS') NOT NULL DEFAULT 'PDF',
  `file_path` varchar(255) DEFAULT NULL,
  `generated_by` int(11) NOT NULL,
  `generated_at` timestamp NOT NULL DEFAULT current_timestamp()
) ENGINE=InnoDB DEFAULT CHARSET=utf8mb4 COLLATE=utf8mb4_general_ci;

--
-- Dumping data for table `generated_reports`
--

INSERT INTO `generated_reports` (`report_id`, `report_name`, `report_type`, `report_period`, `city_cor_id`, `thana_id`, `ward_id`, `area_id`, `start_date`, `end_date`, `export_format`, `file_path`, `generated_by`, `generated_at`) VALUES
(5, 'Ward-wise Complaint Performance - Last 7 Days', 'ward_complaint_performance', 'last_7_days', 1, 5, 12, 19, '2026-05-30', '2026-06-05', 'PDF', 'assets/reports/ward_complaint_performance_20260605_135939.pdf', 4, '2026-06-05 07:59:39');

-- --------------------------------------------------------

--
-- Table structure for table `inspection_logs`
--

CREATE TABLE `inspection_logs` (
  `log_id` int(11) NOT NULL,
  `complaint_id` int(11) NOT NULL,
  `assignment_id` int(11) DEFAULT NULL,
  `inspector_user_id` int(11) NOT NULL,
  `decision_type` enum('approved','false_completion','sent_to_ward_for_reassign','rejected_objection') NOT NULL,
  `decision_note` text DEFAULT NULL,
  `source_type` enum('inspection_queue','citizen_objection') NOT NULL,
  `source_id` int(11) DEFAULT NULL,
  `created_at` timestamp NOT NULL DEFAULT current_timestamp()
) ENGINE=InnoDB DEFAULT CHARSET=utf8mb4 COLLATE=utf8mb4_general_ci;

--
-- Dumping data for table `inspection_logs`
--

INSERT INTO `inspection_logs` (`log_id`, `complaint_id`, `assignment_id`, `inspector_user_id`, `decision_type`, `decision_note`, `source_type`, `source_id`, `created_at`) VALUES
(1, 86, 44, 16, '', 'hmmm', 'inspection_queue', NULL, '2026-06-05 18:59:14'),
(2, 83, 45, 16, '', 'good work', 'inspection_queue', NULL, '2026-06-05 19:20:05'),
(3, 80, 49, 16, 'false_completion', 'false report', 'inspection_queue', NULL, '2026-06-05 19:24:16'),
(4, 79, 51, 16, '', 'very good work', 'inspection_queue', NULL, '2026-06-05 19:24:32'),
(5, 81, 48, 16, 'false_completion', 'false claim two different', 'inspection_queue', NULL, '2026-06-05 19:35:04'),
(6, 87, 59, 23, 'approved', 'good work', 'inspection_queue', NULL, '2026-06-06 03:43:32'),
(7, 96, 52, 23, 'approved', 'good', 'inspection_queue', NULL, '2026-06-06 03:43:39'),
(8, 88, 58, 23, 'false_completion', 'bad mile nai', 'inspection_queue', NULL, '2026-06-06 03:43:51'),
(9, 90, 56, 23, 'false_completion', 'dsssddasasdas', 'inspection_queue', NULL, '2026-06-06 03:47:18'),
(10, 99, 65, 29, 'approved', 'hffslahl', 'inspection_queue', NULL, '2026-06-06 17:07:05'),
(11, 102, 69, 29, 'false_completion', 'hfdhgfghfg', 'inspection_queue', NULL, '2026-06-06 17:07:17'),
(12, 100, 70, 29, 'approved', 'dfsdfsefd', 'inspection_queue', NULL, '2026-06-06 17:09:21'),
(13, 98, 71, 29, 'false_completion', 'ghghfghghfggf', 'inspection_queue', NULL, '2026-06-06 17:15:46'),
(14, 101, 73, 29, 'approved', 'gfhfghfgfgh', 'inspection_queue', NULL, '2026-06-06 17:15:51'),
(15, 110, 82, 35, 'approved', 'ok', 'inspection_queue', NULL, '2026-06-08 07:05:20'),
(16, 116, 80, 35, 'approved', 'ok', 'inspection_queue', NULL, '2026-06-08 07:05:26'),
(17, 117, 76, 35, 'false_completion', 'not ok for now', 'inspection_queue', NULL, '2026-06-08 07:05:49'),
(18, 112, 79, 35, 'false_completion', 'not ok bad work', 'inspection_queue', NULL, '2026-06-08 07:06:02'),
(19, 115, 81, 35, 'approved', 'ok accept', 'inspection_queue', NULL, '2026-06-08 07:08:57');

-- --------------------------------------------------------

--
-- Table structure for table `inspectors`
--

CREATE TABLE `inspectors` (
  `inspector_id` int(11) NOT NULL,
  `user_id` int(11) NOT NULL,
  `city_cor_id` int(11) NOT NULL,
  `assigned_ward_id` int(11) NOT NULL,
  `user_mail` varchar(150) DEFAULT NULL,
  `full_name` varchar(100) NOT NULL,
  `phone_number` varchar(20) DEFAULT NULL,
  `employee_code` varchar(50) DEFAULT NULL,
  `address` text NOT NULL,
  `gender` enum('male','female','other') NOT NULL,
  `designation` varchar(100) NOT NULL,
  `office_address` text NOT NULL,
  `profile_image` varchar(255) DEFAULT NULL,
  `demerit_points` int(11) NOT NULL DEFAULT 0,
  `one_month_suspension_count` int(11) NOT NULL DEFAULT 0,
  `six_month_suspension_completed` tinyint(1) NOT NULL DEFAULT 0,
  `suspended_until` datetime DEFAULT NULL,
  `banned_at` datetime DEFAULT NULL
) ENGINE=InnoDB DEFAULT CHARSET=utf8mb4 COLLATE=utf8mb4_general_ci;

--
-- Dumping data for table `inspectors`
--

INSERT INTO `inspectors` (`inspector_id`, `user_id`, `city_cor_id`, `assigned_ward_id`, `user_mail`, `full_name`, `phone_number`, `employee_code`, `address`, `gender`, `designation`, `office_address`, `profile_image`, `demerit_points`, `one_month_suspension_count`, `six_month_suspension_completed`, `suspended_until`, `banned_at`) VALUES
(1, 8, 1, 12, 'sadia@drainguard.ac.bd', 'Fatema Sadia', '01986107607', 'FIE-001', 'Banglalink Tigers Den, House No. 4, SW, Bir Uttam Mir Shawkat Sarak, Gulshan-1, Dhaka-1212', 'male', 'Field Inspector', 'Banglalink Tigers Den, House No. 4, SW, Bir Uttam Mir Shawkat Sarak, Gulshan-1, Dhaka-1212', NULL, 0, 0, 0, NULL, NULL),
(2, 9, 1, 27, 'khadiza@yahoo.com', 'Khadiza Attahiya', '01780870657', 'DRA-002', 'Teletalk Bangladesh Limited, House No. 41, Road No. 27, Block-A, Banani, Dhaka-1213', 'female', 'Drainage Inspection Officer', 'Teletalk Bangladesh Limited, House No. 41, Road No. 27, Block-A, Banani, Dhaka-1213', NULL, 0, 0, 0, NULL, NULL),
(3, 10, 2, 127, 'santo@gmail.com', 'Santo Sarkar', '01797727506', 'ZON-003', 'Childhood Classics (Ground Floor, Jibon Bima Tower), 10 Dilkusha Commercial Area, Motijheel, Dhaka-1000', 'male', 'Zone Inspection Officer', 'Childhood Classics (Ground Floor, Jibon Bima Tower), 10 Dilkusha Commercial Area, Motijheel, Dhaka-1000', NULL, 0, 0, 0, NULL, NULL),
(4, 16, 1, 54, 'zubayer@gmail.com', 'Zubayer Islam', '01568988651', 'FIE-004', 'House 14, Road 2, Sector 1, near Uttara local park.', 'male', 'Field Inspector', 'House 31, Shailpur Road, near local grocery shop and narrow lane.', NULL, 0, 0, 0, NULL, NULL),
(5, 23, 1, 35, 'ariful.islam33@gmail.com', 'Md. Ariful Islam', '01792638451', 'FIE-005', 'House 14, Road 3, Mohammadia Housing Society, Mohammadpur, Dhaka', 'male', 'Field Inspector', 'DNCC Ward Office, Ward 33, Mohammadpur, Dhaka', NULL, 0, 0, 0, NULL, NULL),
(6, 29, 2, 119, 'mahmudul.inspector@gmail.com', 'Mahmudul Karim', '01846273915', 'QUA-006', 'House 18, Road 4, Shahbagh, Dhaka', 'male', 'Quality Assurance Inspector', 'DSCC Ward Office, Ward 21, Shahbagh Area, Dhaka', NULL, 0, 0, 0, NULL, NULL),
(7, 35, 2, 96, 'samianoor@gmail.com', 'Samia Noor', '01824681357', 'FIE-007', 'House 28, Lane 3, South Banasree, Rampura, Dhaka', 'female', 'Field Inspector', 'DSCC Drainage Inspection Office, Ward 75, Meradia, Dhaka', NULL, 0, 0, 0, NULL, NULL);

-- --------------------------------------------------------

--
-- Table structure for table `inspector_notifications`
--

CREATE TABLE `inspector_notifications` (
  `notification_id` int(11) NOT NULL,
  `recipient_user_id` int(11) NOT NULL,
  `sender_user_id` int(11) DEFAULT NULL,
  `related_complaint_id` int(11) DEFAULT NULL,
  `notification_type` varchar(80) NOT NULL DEFAULT 'system',
  `notification_title` varchar(150) NOT NULL,
  `notification_message` text NOT NULL,
  `is_read` tinyint(1) NOT NULL DEFAULT 0,
  `created_at` datetime NOT NULL DEFAULT current_timestamp()
) ENGINE=InnoDB DEFAULT CHARSET=utf8mb4 COLLATE=utf8mb4_general_ci;

--
-- Dumping data for table `inspector_notifications`
--

INSERT INTO `inspector_notifications` (`notification_id`, `recipient_user_id`, `sender_user_id`, `related_complaint_id`, `notification_type`, `notification_title`, `notification_message`, `is_read`, `created_at`) VALUES
(1, 8, 11, 25, 'system', 'Inspection Required', 'A solved-by-team case is ready for inspection.', 1, '2026-06-04 21:27:49'),
(3, 9, 13, 32, 'system', 'Inspection Required', 'A solved-by-team case is ready for inspection.', 1, '2026-06-05 00:23:54'),
(4, 9, 7, 32, 'system', 'Claim Confirmed', 'Your false completion claim for complaint DG-20260601-42274 was confirmed. Thank you.', 1, '2026-06-05 00:30:36'),
(10, 8, 11, 37, 'system', 'Inspection Required', 'A solved-by-team case is ready for inspection.', 1, '2026-06-05 02:24:08'),
(11, 8, 5, 37, 'system', 'Claim Confirmed', 'Your false completion claim for complaint DG-20260605-64450 was confirmed. Thank you.', 0, '2026-06-05 02:25:44'),
(12, 8, 11, 37, 'system', 'Inspection Required', 'A solved-by-team case is ready for inspection.', 0, '2026-06-05 02:29:05'),
(13, 9, 13, 26, 'system', 'Inspection Required', 'A solved-by-team case is ready for inspection.', 0, '2026-06-05 10:06:16'),
(14, 9, 13, 71, 'system', 'Inspection Required', 'A solved-by-team case is ready for inspection.', 0, '2026-06-05 10:06:29'),
(15, 9, 7, 26, 'system', 'Claim Confirmed', 'Your false completion claim for complaint DG-20260601-30688 was confirmed. Thank you.', 0, '2026-06-05 10:10:58'),
(16, 9, 13, 58, 'system', 'Inspection Required', 'A solved-by-team case is ready for inspection.', 0, '2026-06-05 10:12:35'),
(17, 10, 14, 72, 'system', 'Inspection Required', 'A solved-by-team case is ready for inspection.', 0, '2026-06-05 10:13:45'),
(18, 10, 6, 72, 'system', 'Demerit Issued', 'Your false completion claim for complaint DG-20260605-60416 was rejected. You have received 1 demerit point.', 0, '2026-06-05 10:15:33'),
(19, 8, 11, 56, 'system', 'Inspection Required', 'A solved-by-team case is ready for inspection.', 0, '2026-06-05 11:49:27'),
(20, 8, 11, 37, 'system', 'Inspection Required', 'A solved-by-team case is ready for inspection.', 0, '2026-06-05 11:49:44'),
(21, 8, 4, NULL, 'central_instruction', 'New inspection request from Central Officer for Ward 17.', 'Please recheck the reopened complaint after maintenance follow-up and submit your inspection decision.', 1, '2026-06-05 12:55:28'),
(22, 8, 11, 64, 'system', 'Inspection Required', 'A solved-by-team case is ready for inspection.', 1, '2026-06-05 17:44:09'),
(23, 8, 11, 69, 'system', 'Inspection Required', 'A solved-by-team case is ready for inspection.', 1, '2026-06-05 17:44:31'),
(24, 8, 5, 69, 'system', 'Claim Confirmed', 'Your false completion claim for complaint DG-20260605-70215 was confirmed. Thank you.', 1, '2026-06-05 17:54:05'),
(25, 16, 11, 86, 'system', 'Inspection Required', 'A solved-by-team case is ready for inspection.', 1, '2026-06-06 00:32:15'),
(26, 16, 19, 79, 'maintenance_completion_proof_submitted', 'Completion Proof Submitted', 'Maintenance Team submitted completion proof for complaint DG-20260605-55724. The complaint is now waiting for inspector review.', 1, '2026-06-06 01:08:59'),
(27, 16, 19, 80, 'maintenance_completion_proof_submitted', 'Completion Proof Submitted', 'Maintenance Team submitted completion proof for complaint DG-20260605-68188. The complaint is now waiting for inspector review.', 1, '2026-06-06 01:09:25'),
(28, 16, 19, 83, 'maintenance_completion_proof_submitted', 'Completion Proof Submitted', 'Maintenance Team submitted completion proof for complaint DG-20260605-61171. The complaint is now waiting for inspector review.', 1, '2026-06-06 01:09:35'),
(29, 16, 18, 81, 'maintenance_completion_proof_submitted', 'Completion Proof Submitted', 'Maintenance Team submitted completion proof for complaint DG-20260605-44561. The complaint is now waiting for inspector review.', 1, '2026-06-06 01:34:24'),
(30, 16, 15, 83, 'citizen_objection_submitted', 'Citizen Submitted Objection', 'Citizen submitted an objection for complaint DG-20260605-61171. Please review the objection details.', 1, '2026-06-06 02:06:13'),
(31, 16, 17, 81, 'ward_confirm_inspector_claim', 'Inspector Claim Confirmed by Ward Officer', 'Ward Officer confirmed the inspector claim for complaint DG-20260605-44561. The false completion case has been validated.', 1, '2026-06-06 02:52:22'),
(32, 16, 17, 80, 'ward_reject_inspector_claim', 'Inspector Claim Rejected by Ward Officer', 'Ward Officer rejected your false completion claim for complaint DG-20260605-68188. You have received 1 demerit point.', 1, '2026-06-06 02:52:29'),
(33, 16, 17, 83, 'ward_citizen_claim_true', 'Citizen Claim Marked True', 'Ward Officer marked the citizen claim as true for this complaint. Please check the updated case status in Inspection Logs.', 1, '2026-06-06 02:52:43'),
(34, 23, 25, 90, 'maintenance_completion_proof_submitted', 'Completion Proof Submitted', 'Maintenance Team submitted completion proof for complaint DG-20260606-19649. The complaint is now waiting for inspector review.', 0, '2026-06-06 09:38:27'),
(35, 23, 25, 88, 'maintenance_completion_proof_submitted', 'Completion Proof Submitted', 'Maintenance Team submitted completion proof for complaint DG-20260606-76261. The complaint is now waiting for inspector review.', 1, '2026-06-06 09:38:45'),
(36, 23, 25, 96, 'maintenance_completion_proof_submitted', 'Completion Proof Submitted', 'Maintenance Team submitted completion proof for complaint DG-20260606-41196. The complaint is now waiting for inspector review.', 1, '2026-06-06 09:38:56'),
(37, 23, 26, 87, 'maintenance_completion_proof_submitted', 'Completion Proof Submitted', 'Maintenance Team submitted completion proof for complaint DG-20260606-63863. The complaint is now waiting for inspector review.', 1, '2026-06-06 09:40:53'),
(38, 23, 21, 87, 'citizen_objection_submitted', 'Citizen Submitted Objection', 'Citizen submitted an objection for complaint DG-20260606-63863. Please review the objection details.', 0, '2026-06-06 09:48:25'),
(39, 23, 24, 90, 'ward_confirm_inspector_claim', 'Inspector Claim Confirmed by Ward Officer', 'Ward Officer confirmed the inspector claim for complaint DG-20260606-19649. The false completion case has been validated.', 0, '2026-06-06 09:49:18'),
(40, 23, 24, 88, 'ward_reject_inspector_claim', 'Inspector Claim Rejected by Ward Officer', 'Ward Officer rejected your false completion claim for complaint DG-20260606-76261. You have received 1 demerit point.', 0, '2026-06-06 09:49:29'),
(41, 23, 21, 88, 'citizen_objection_submitted', 'Citizen Submitted Objection', 'Citizen submitted an objection for complaint DG-20260606-76261. Please review the objection details.', 1, '2026-06-06 09:50:37'),
(42, 23, 24, 88, 'ward_citizen_claim_true', 'Citizen Claim Marked True', 'Ward Officer marked the citizen claim as true for this complaint. Please check the updated case status in Inspection Logs.', 1, '2026-06-06 09:51:04'),
(43, 23, 24, 87, 'ward_citizen_claim_false', 'Citizen Claim Marked False', 'Ward Officer marked the citizen claim as false for this complaint. Please check the updated case in Inspection Logs.', 1, '2026-06-06 09:51:09'),
(44, 29, 28, NULL, 'central_instruction', 'New inspection request from Central Officer for Ward 21.', 'Please recheck the reopened complaint after maintenance follow-up and submit your inspection decision.', 1, '2026-06-06 22:42:11'),
(45, 29, 31, 100, 'maintenance_completion_proof_submitted', 'Completion Proof Submitted', 'Maintenance Team submitted completion proof for complaint DG-20260606-34119. The complaint is now waiting for inspector review.', 1, '2026-06-06 23:00:51'),
(46, 29, 31, 102, 'maintenance_completion_proof_submitted', 'Completion Proof Submitted', 'Maintenance Team submitted completion proof for complaint DG-20260606-41105. The complaint is now waiting for inspector review.', 1, '2026-06-06 23:03:22'),
(47, 29, 31, 99, 'maintenance_completion_proof_submitted', 'Completion Proof Submitted', 'Maintenance Team submitted completion proof for complaint DG-20260606-56475. The complaint is now waiting for inspector review.', 1, '2026-06-06 23:03:32'),
(48, 29, 27, 99, 'citizen_objection_submitted', 'Citizen Submitted Objection', 'Citizen submitted an objection for complaint DG-20260606-56475. Please review the objection details.', 1, '2026-06-06 23:10:54'),
(49, 29, 32, 101, 'maintenance_completion_proof_submitted', 'Completion Proof Submitted', 'Maintenance Team submitted completion proof for complaint DG-20260606-38440. The complaint is now waiting for inspector review.', 0, '2026-06-06 23:14:59'),
(50, 29, 32, 98, 'maintenance_completion_proof_submitted', 'Completion Proof Submitted', 'Maintenance Team submitted completion proof for complaint DG-20260606-21337. The complaint is now waiting for inspector review.', 0, '2026-06-06 23:15:10'),
(51, 29, 30, 98, 'ward_confirm_inspector_claim', 'Inspector Claim Confirmed by Ward Officer', 'Ward Officer confirmed the inspector claim for complaint DG-20260606-21337. The false completion case has been validated.', 0, '2026-06-06 23:20:09'),
(52, 29, 30, 102, 'ward_reject_inspector_claim', 'Inspector Claim Rejected by Ward Officer', 'Ward Officer rejected your false completion claim for complaint DG-20260606-41105. You have received 1 demerit point.', 0, '2026-06-06 23:20:31'),
(53, 29, 27, 102, 'citizen_objection_submitted', 'Citizen Submitted Objection', 'Citizen submitted an objection for complaint DG-20260606-41105. Please review the objection details.', 0, '2026-06-06 23:21:28'),
(54, 29, 30, 102, 'ward_citizen_claim_true', 'Citizen Claim Marked True', 'Ward Officer marked the citizen claim as true for this complaint. Please check the updated case status in Inspection Logs.', 0, '2026-06-06 23:22:49'),
(55, 29, 30, 99, 'ward_citizen_claim_false', 'Citizen Claim Marked False', 'Ward Officer marked the citizen claim as false for this complaint. Please check the updated case in Inspection Logs.', 0, '2026-06-06 23:22:55'),
(56, 8, 11, 108, 'maintenance_completion_proof_submitted', 'Completion Proof Submitted', 'Maintenance Team submitted completion proof for complaint DG-20260608-52779. The complaint is now waiting for inspector review.', 1, '2026-06-08 09:39:29'),
(57, 8, 11, 69, 'maintenance_completion_proof_submitted', 'Completion Proof Submitted', 'Maintenance Team submitted completion proof for complaint DG-20260605-70215. The complaint is now waiting for inspector review.', 1, '2026-06-08 09:44:02'),
(59, 35, 37, 112, 'maintenance_completion_proof_submitted', 'Completion Proof Submitted', 'Maintenance Team submitted completion proof for complaint DG-20260608-30312. The complaint is now waiting for inspector review.', 0, '2026-06-08 13:01:36'),
(60, 35, 37, 117, 'maintenance_completion_proof_submitted', 'Completion Proof Submitted', 'Maintenance Team submitted completion proof for complaint DG-20260608-54305. The complaint is now waiting for inspector review.', 0, '2026-06-08 13:01:48'),
(62, 35, 38, 110, 'maintenance_completion_proof_submitted', 'Completion Proof Submitted', 'Maintenance Team submitted completion proof for complaint DG-20260608-34853. The complaint is now waiting for inspector review.', 1, '2026-06-08 13:03:43'),
(63, 35, 33, 116, 'citizen_objection_submitted', 'Citizen Submitted Objection', 'Citizen submitted an objection for complaint DG-20260608-95690. Please review the objection details.', 1, '2026-06-08 13:07:27'),
(64, 35, 33, 115, 'citizen_objection_submitted', 'Citizen Submitted Objection', 'Citizen submitted an objection for complaint DG-20260608-63720. Please review the objection details.', 1, '2026-06-08 13:09:23'),
(65, 35, 36, 115, 'ward_citizen_claim_true', 'Citizen Claim Marked True', 'Ward Officer marked the citizen claim as true for this complaint. Please check the updated case status in Inspection Logs.', 1, '2026-06-08 13:11:09'),
(66, 35, 36, 116, 'ward_citizen_claim_false', 'Citizen Claim Marked False', 'Ward Officer marked the citizen claim as false for this complaint. Please check the updated case in Inspection Logs.', 1, '2026-06-08 13:11:16'),
(67, 35, 36, 112, 'ward_confirm_inspector_claim', 'Inspector Claim Confirmed by Ward Officer', 'Ward Officer confirmed the inspector claim for complaint DG-20260608-30312. The false completion case has been validated.', 1, '2026-06-08 13:14:09'),
(68, 35, 36, 117, 'ward_reject_inspector_claim', 'Inspector Claim Rejected by Ward Officer', 'Ward Officer rejected your false completion claim for complaint DG-20260608-54305. You have received 1 demerit point.', 1, '2026-06-08 13:14:15');

-- --------------------------------------------------------

--
-- Table structure for table `inspector_penalties`
--

CREATE TABLE `inspector_penalties` (
  `penalty_id` int(11) NOT NULL,
  `inspector_id` int(11) NOT NULL,
  `user_id` int(11) NOT NULL,
  `complaint_id` int(11) DEFAULT NULL,
  `penalty_type` enum('fake_inspection','incorrect_inspection','careless_inspection') NOT NULL,
  `demerit_point` int(11) NOT NULL DEFAULT 1,
  `objection_within_2_days` tinyint(1) NOT NULL DEFAULT 0,
  `reason` text NOT NULL,
  `decided_by_user_id` int(11) DEFAULT NULL,
  `created_at` datetime NOT NULL DEFAULT current_timestamp()
) ENGINE=InnoDB DEFAULT CHARSET=utf8mb4 COLLATE=utf8mb4_general_ci;

-- --------------------------------------------------------

--
-- Table structure for table `inspector_settings`
--

CREATE TABLE `inspector_settings` (
  `setting_id` int(11) NOT NULL,
  `user_id` int(11) NOT NULL,
  `email_alerts` tinyint(1) NOT NULL DEFAULT 1,
  `sms_alerts` tinyint(1) NOT NULL DEFAULT 1,
  `push_alerts` tinyint(1) NOT NULL DEFAULT 1,
  `daily_summary` tinyint(1) NOT NULL DEFAULT 1,
  `weekly_digest` tinyint(1) NOT NULL DEFAULT 1,
  `false_completion_alerts` tinyint(1) NOT NULL DEFAULT 1,
  `created_at` timestamp NOT NULL DEFAULT current_timestamp(),
  `updated_at` timestamp NOT NULL DEFAULT current_timestamp() ON UPDATE current_timestamp()
) ENGINE=InnoDB DEFAULT CHARSET=utf8mb4 COLLATE=utf8mb4_general_ci;

--
-- Dumping data for table `inspector_settings`
--

INSERT INTO `inspector_settings` (`setting_id`, `user_id`, `email_alerts`, `sms_alerts`, `push_alerts`, `daily_summary`, `weekly_digest`, `false_completion_alerts`, `created_at`, `updated_at`) VALUES
(1, 8, 1, 1, 1, 1, 1, 1, '2026-06-05 11:14:01', '2026-06-05 11:14:01');

-- --------------------------------------------------------

--
-- Table structure for table `instruction_notifications_map`
--

CREATE TABLE `instruction_notifications_map` (
  `map_id` int(11) NOT NULL,
  `instruction_id` int(11) NOT NULL,
  `notification_id` int(11) NOT NULL,
  `role_type` enum('ward_officer','inspector') NOT NULL
) ENGINE=InnoDB DEFAULT CHARSET=utf8mb4 COLLATE=utf8mb4_general_ci;

--
-- Dumping data for table `instruction_notifications_map`
--

INSERT INTO `instruction_notifications_map` (`map_id`, `instruction_id`, `notification_id`, `role_type`) VALUES
(1, 3, 62, 'ward_officer'),
(2, 4, 21, 'inspector'),
(3, 5, 74, 'ward_officer'),
(4, 6, 149, 'ward_officer'),
(5, 7, 44, 'inspector');

-- --------------------------------------------------------

--
-- Table structure for table `issues`
--

CREATE TABLE `issues` (
  `issue_id` int(11) NOT NULL,
  `issue_name` varchar(150) NOT NULL,
  `priority` enum('High','Medium','Low') NOT NULL DEFAULT 'Low'
) ENGINE=InnoDB DEFAULT CHARSET=utf8mb4 COLLATE=utf8mb4_general_ci;

--
-- Dumping data for table `issues`
--

INSERT INTO `issues` (`issue_id`, `issue_name`, `priority`) VALUES
(1, 'Open Manhole', 'High'),
(2, 'Missing Drain Cover', 'High'),
(3, 'Collapsed Drain Structure', 'High'),
(4, 'Severe Road Flooding', 'High'),
(5, 'Water Contamination', 'High'),
(6, 'Sewage Leakage', 'High'),
(7, 'Waterlogging', 'Medium'),
(8, 'Overflowing Drain', 'Medium'),
(9, 'Blocked Drain', 'Medium'),
(10, 'Drain Backflow', 'Medium'),
(11, 'Broken Drain Cover', 'Medium'),
(12, 'Mosquito Breeding', 'Medium'),
(13, 'Illegal Waste Dumping', 'Medium'),
(14, 'Bad Odor', 'Low'),
(15, 'Garbage Accumulation', 'Low'),
(16, 'Slow Drainage', 'Low');

-- --------------------------------------------------------

--
-- Table structure for table `locations`
--

CREATE TABLE `locations` (
  `loc_id` int(11) NOT NULL,
  `city_id` int(11) NOT NULL,
  `city_cor_id` int(11) NOT NULL,
  `thana_id` int(11) NOT NULL,
  `ward_id` int(11) NOT NULL,
  `area_id` int(11) NOT NULL
) ENGINE=InnoDB DEFAULT CHARSET=utf8mb4 COLLATE=utf8mb4_general_ci;

--
-- Dumping data for table `locations`
--

INSERT INTO `locations` (`loc_id`, `city_id`, `city_cor_id`, `thana_id`, `ward_id`, `area_id`) VALUES
(1, 1, 1, 1, 1, 339),
(2, 1, 1, 1, 1, 340),
(3, 1, 1, 1, 1, 341),
(4, 1, 1, 1, 1, 342),
(5, 1, 1, 1, 1, 343),
(6, 1, 1, 1, 1, 344),
(7, 1, 1, 1, 1, 345),
(8, 1, 1, 1, 1, 346),
(9, 1, 1, 1, 1, 347),
(10, 1, 1, 1, 1, 348),
(11, 1, 1, 1, 1, 349),
(12, 1, 1, 1, 1, 350),
(13, 1, 1, 1, 1, 351),
(14, 1, 1, 1, 1, 352),
(15, 1, 1, 1, 1, 353),
(16, 1, 1, 1, 1, 354),
(17, 1, 1, 1, 1, 355),
(18, 1, 1, 1, 1, 356),
(19, 1, 1, 1, 1, 357),
(20, 1, 1, 1, 1, 358),
(21, 1, 1, 1, 1, 359),
(22, 1, 1, 1, 1, 360),
(23, 1, 1, 1, 1, 361),
(24, 1, 1, 2, 2, 215),
(25, 1, 1, 2, 2, 216),
(26, 1, 1, 2, 2, 217),
(27, 1, 1, 2, 2, 218),
(28, 1, 1, 2, 2, 219),
(29, 1, 1, 2, 2, 220),
(30, 1, 1, 2, 3, 532),
(31, 1, 1, 2, 3, 533),
(32, 1, 1, 2, 3, 534),
(33, 1, 1, 2, 3, 535),
(34, 1, 1, 2, 3, 536),
(35, 1, 1, 2, 3, 537),
(36, 1, 1, 2, 3, 538),
(37, 1, 1, 2, 3, 539),
(38, 1, 1, 2, 3, 540),
(39, 1, 1, 2, 4, 541),
(40, 1, 1, 2, 4, 542),
(41, 1, 1, 2, 4, 543),
(42, 1, 1, 2, 4, 544),
(43, 1, 1, 2, 4, 545),
(44, 1, 1, 2, 4, 546),
(45, 1, 1, 2, 4, 547),
(46, 1, 1, 2, 4, 548),
(47, 1, 1, 2, 4, 549),
(48, 1, 1, 2, 5, 550),
(49, 1, 1, 2, 5, 551),
(50, 1, 1, 2, 5, 552),
(51, 1, 1, 2, 5, 553),
(52, 1, 1, 2, 5, 554),
(53, 1, 1, 2, 5, 555),
(54, 1, 1, 2, 5, 556),
(55, 1, 1, 2, 5, 557),
(56, 1, 1, 2, 5, 558),
(57, 1, 1, 2, 5, 559),
(58, 1, 1, 2, 6, 560),
(59, 1, 1, 2, 6, 561),
(60, 1, 1, 2, 6, 562),
(61, 1, 1, 2, 6, 563),
(62, 1, 1, 2, 6, 564),
(63, 1, 1, 2, 6, 565),
(64, 1, 1, 2, 6, 566),
(65, 1, 1, 2, 6, 567),
(66, 1, 1, 2, 6, 568),
(67, 1, 1, 2, 6, 569),
(68, 1, 1, 2, 6, 570),
(69, 1, 1, 2, 6, 571),
(70, 1, 1, 2, 6, 572),
(71, 1, 1, 2, 6, 573),
(72, 1, 1, 2, 6, 574),
(73, 1, 1, 3, 7, 207),
(74, 1, 1, 3, 7, 208),
(75, 1, 1, 3, 7, 209),
(76, 1, 1, 3, 7, 210),
(77, 1, 1, 3, 8, 211),
(78, 1, 1, 3, 8, 212),
(79, 1, 1, 3, 8, 213),
(80, 1, 1, 3, 8, 214),
(81, 1, 1, 4, 9, 190),
(82, 1, 1, 4, 9, 191),
(83, 1, 1, 4, 9, 192),
(84, 1, 1, 4, 9, 193),
(85, 1, 1, 4, 9, 194),
(86, 1, 1, 4, 9, 195),
(87, 1, 1, 4, 9, 196),
(88, 1, 1, 4, 9, 197),
(89, 1, 1, 4, 9, 198),
(99, 1, 1, 5, 10, 514),
(100, 1, 1, 5, 10, 515),
(101, 1, 1, 5, 10, 516),
(102, 1, 1, 5, 10, 517),
(103, 1, 1, 5, 11, 518),
(104, 1, 1, 5, 11, 519),
(105, 1, 1, 5, 11, 520),
(106, 1, 1, 5, 11, 521),
(90, 1, 1, 5, 12, 18),
(91, 1, 1, 5, 12, 19),
(92, 1, 1, 5, 12, 20),
(93, 1, 1, 5, 12, 21),
(94, 1, 1, 5, 12, 22),
(95, 1, 1, 5, 12, 23),
(96, 1, 1, 5, 12, 24),
(97, 1, 1, 5, 12, 25),
(98, 1, 1, 5, 12, 26),
(107, 1, 1, 6, 14, 474),
(108, 1, 1, 6, 14, 475),
(109, 1, 1, 6, 14, 476),
(110, 1, 1, 8, 16, 461),
(111, 1, 1, 8, 16, 462),
(112, 1, 1, 8, 16, 463),
(113, 1, 1, 8, 16, 464),
(114, 1, 1, 8, 17, 471),
(115, 1, 1, 8, 17, 472),
(116, 1, 1, 8, 17, 473),
(117, 1, 1, 9, 19, 253),
(118, 1, 1, 9, 19, 254),
(119, 1, 1, 9, 19, 255),
(120, 1, 1, 9, 19, 256),
(121, 1, 1, 9, 19, 257),
(122, 1, 1, 9, 19, 258),
(123, 1, 1, 9, 19, 259),
(124, 1, 1, 9, 19, 260),
(125, 1, 1, 9, 19, 261),
(126, 1, 1, 9, 19, 262),
(127, 1, 1, 9, 19, 263),
(128, 1, 1, 9, 19, 264),
(129, 1, 1, 9, 19, 265),
(130, 1, 1, 9, 19, 266),
(131, 1, 1, 9, 19, 267),
(132, 1, 1, 9, 19, 268),
(133, 1, 1, 9, 19, 269),
(134, 1, 1, 9, 19, 270),
(135, 1, 1, 9, 20, 271),
(136, 1, 1, 9, 20, 272),
(137, 1, 1, 9, 20, 273),
(138, 1, 1, 9, 20, 274),
(139, 1, 1, 9, 20, 275),
(140, 1, 1, 9, 20, 276),
(141, 1, 1, 9, 20, 277),
(142, 1, 1, 9, 20, 278),
(143, 1, 1, 9, 20, 279),
(144, 1, 1, 10, 21, 415),
(145, 1, 1, 10, 21, 416),
(146, 1, 1, 10, 21, 417),
(147, 1, 1, 10, 21, 418),
(148, 1, 1, 10, 21, 419),
(149, 1, 1, 10, 21, 420),
(150, 1, 1, 11, 22, 199),
(151, 1, 1, 11, 22, 200),
(152, 1, 1, 11, 22, 201),
(153, 1, 1, 11, 22, 202),
(154, 1, 1, 11, 22, 203),
(155, 1, 1, 11, 22, 204),
(156, 1, 1, 11, 22, 205),
(157, 1, 1, 11, 22, 206),
(158, 1, 1, 12, 23, 221),
(159, 1, 1, 12, 23, 222),
(160, 1, 1, 12, 23, 223),
(161, 1, 1, 12, 23, 224),
(162, 1, 1, 12, 23, 225),
(163, 1, 1, 12, 23, 226),
(164, 1, 1, 12, 23, 227),
(165, 1, 1, 13, 24, 48),
(166, 1, 1, 13, 24, 49),
(167, 1, 1, 13, 24, 50),
(168, 1, 1, 13, 24, 51),
(169, 1, 1, 13, 24, 52),
(170, 1, 1, 13, 24, 53),
(171, 1, 1, 13, 24, 54),
(172, 1, 1, 13, 24, 55),
(173, 1, 1, 13, 24, 108),
(174, 1, 1, 13, 24, 109),
(175, 1, 1, 13, 24, 110),
(176, 1, 1, 13, 24, 111),
(177, 1, 1, 13, 24, 112),
(178, 1, 1, 13, 24, 113),
(179, 1, 1, 13, 24, 114),
(180, 1, 1, 13, 24, 115),
(181, 1, 1, 13, 25, 306),
(182, 1, 1, 13, 25, 307),
(183, 1, 1, 13, 25, 308),
(184, 1, 1, 13, 25, 309),
(185, 1, 1, 13, 25, 310),
(186, 1, 1, 13, 25, 311),
(187, 1, 1, 14, 26, 522),
(188, 1, 1, 14, 26, 523),
(189, 1, 1, 14, 26, 524),
(190, 1, 1, 14, 26, 525),
(191, 1, 1, 14, 26, 526),
(192, 1, 1, 14, 26, 527),
(193, 1, 1, 14, 26, 528),
(194, 1, 1, 14, 26, 529),
(195, 1, 1, 14, 26, 530),
(196, 1, 1, 14, 26, 531),
(197, 1, 1, 14, 27, 465),
(198, 1, 1, 14, 27, 466),
(199, 1, 1, 14, 27, 467),
(200, 1, 1, 14, 27, 468),
(201, 1, 1, 14, 27, 469),
(202, 1, 1, 14, 27, 470),
(203, 1, 1, 15, 28, 280),
(204, 1, 1, 15, 28, 281),
(205, 1, 1, 15, 28, 282),
(206, 1, 1, 15, 28, 283),
(207, 1, 1, 15, 29, 284),
(208, 1, 1, 15, 29, 285),
(209, 1, 1, 15, 29, 286),
(210, 1, 1, 15, 29, 287),
(211, 1, 1, 15, 29, 288),
(212, 1, 1, 15, 29, 289),
(213, 1, 1, 15, 29, 290),
(214, 1, 1, 15, 30, 291),
(215, 1, 1, 15, 30, 292),
(216, 1, 1, 15, 30, 293),
(217, 1, 1, 15, 30, 294),
(218, 1, 1, 15, 30, 295),
(219, 1, 1, 15, 30, 296),
(220, 1, 1, 15, 30, 297),
(221, 1, 1, 15, 30, 298),
(222, 1, 1, 15, 31, 299),
(223, 1, 1, 15, 31, 300),
(224, 1, 1, 15, 31, 301),
(225, 1, 1, 15, 31, 302),
(226, 1, 1, 15, 31, 303),
(227, 1, 1, 15, 31, 304),
(228, 1, 1, 15, 31, 305),
(229, 1, 1, 16, 32, 332),
(230, 1, 1, 16, 32, 333),
(231, 1, 1, 16, 32, 334),
(232, 1, 1, 16, 32, 335),
(233, 1, 1, 16, 32, 336),
(234, 1, 1, 16, 32, 337),
(235, 1, 1, 16, 32, 338),
(236, 1, 1, 16, 33, 362),
(237, 1, 1, 16, 33, 363),
(238, 1, 1, 16, 33, 364),
(239, 1, 1, 16, 33, 365),
(240, 1, 1, 16, 33, 366),
(241, 1, 1, 16, 33, 367),
(242, 1, 1, 16, 33, 368),
(243, 1, 1, 16, 33, 369),
(244, 1, 1, 16, 33, 370),
(245, 1, 1, 16, 33, 371),
(246, 1, 1, 16, 34, 372),
(247, 1, 1, 16, 34, 373),
(248, 1, 1, 16, 34, 374),
(249, 1, 1, 16, 34, 375),
(250, 1, 1, 16, 34, 376),
(251, 1, 1, 16, 34, 377),
(252, 1, 1, 16, 34, 378),
(253, 1, 1, 16, 34, 379),
(254, 1, 1, 16, 34, 380),
(255, 1, 1, 16, 34, 381),
(256, 1, 1, 16, 34, 382),
(257, 1, 1, 16, 34, 383),
(258, 1, 1, 16, 34, 384),
(259, 1, 1, 16, 34, 385),
(260, 1, 1, 16, 34, 386),
(261, 1, 1, 16, 34, 387),
(262, 1, 1, 16, 34, 388),
(263, 1, 1, 16, 34, 389),
(264, 1, 1, 16, 35, 390),
(265, 1, 1, 16, 35, 391),
(266, 1, 1, 16, 35, 392),
(267, 1, 1, 16, 35, 393),
(268, 1, 1, 16, 35, 394),
(269, 1, 1, 16, 35, 395),
(270, 1, 1, 16, 35, 396),
(271, 1, 1, 16, 35, 397),
(272, 1, 1, 16, 35, 398),
(273, 1, 1, 16, 35, 399),
(274, 1, 1, 16, 35, 400),
(275, 1, 1, 16, 35, 401),
(276, 1, 1, 16, 35, 402),
(277, 1, 1, 16, 35, 403),
(278, 1, 1, 16, 35, 404),
(279, 1, 1, 16, 35, 405),
(280, 1, 1, 16, 35, 406),
(281, 1, 1, 16, 35, 407),
(282, 1, 1, 16, 35, 408),
(283, 1, 1, 16, 35, 409),
(284, 1, 1, 16, 35, 410),
(285, 1, 1, 16, 35, 411),
(286, 1, 1, 16, 35, 412),
(287, 1, 1, 16, 35, 413),
(288, 1, 1, 16, 35, 414),
(289, 1, 1, 17, 36, 27),
(290, 1, 1, 17, 36, 28),
(291, 1, 1, 17, 36, 29),
(292, 1, 1, 17, 36, 30),
(293, 1, 1, 17, 36, 31),
(294, 1, 1, 17, 36, 32),
(295, 1, 1, 17, 36, 33),
(296, 1, 1, 17, 36, 34),
(297, 1, 1, 17, 36, 35),
(298, 1, 1, 17, 36, 36),
(299, 1, 1, 17, 36, 37),
(300, 1, 1, 17, 36, 38),
(301, 1, 1, 17, 36, 39),
(302, 1, 1, 17, 36, 86),
(303, 1, 1, 17, 36, 87),
(304, 1, 1, 17, 36, 88),
(305, 1, 1, 17, 36, 89),
(306, 1, 1, 17, 36, 90),
(307, 1, 1, 17, 36, 91),
(308, 1, 1, 17, 36, 92),
(309, 1, 1, 17, 36, 93),
(310, 1, 1, 17, 36, 94),
(311, 1, 1, 17, 36, 95),
(312, 1, 1, 17, 36, 96),
(313, 1, 1, 17, 36, 97),
(314, 1, 1, 17, 36, 98),
(315, 1, 1, 17, 37, 40),
(316, 1, 1, 17, 37, 41),
(317, 1, 1, 17, 37, 42),
(318, 1, 1, 17, 37, 43),
(319, 1, 1, 17, 37, 44),
(320, 1, 1, 17, 37, 45),
(321, 1, 1, 17, 37, 46),
(322, 1, 1, 17, 37, 47),
(323, 1, 1, 17, 37, 99),
(324, 1, 1, 17, 37, 100),
(325, 1, 1, 17, 37, 101),
(326, 1, 1, 17, 37, 102),
(327, 1, 1, 17, 37, 103),
(328, 1, 1, 17, 37, 104),
(329, 1, 1, 17, 37, 105),
(330, 1, 1, 17, 37, 106),
(331, 1, 1, 17, 37, 107),
(332, 1, 1, 17, 38, 56),
(333, 1, 1, 17, 38, 57),
(334, 1, 1, 17, 38, 58),
(335, 1, 1, 17, 38, 59),
(336, 1, 1, 17, 38, 60),
(337, 1, 1, 17, 38, 61),
(338, 1, 1, 17, 38, 62),
(339, 1, 1, 17, 38, 63),
(340, 1, 1, 17, 38, 116),
(341, 1, 1, 17, 38, 117),
(342, 1, 1, 17, 38, 118),
(343, 1, 1, 17, 38, 119),
(344, 1, 1, 17, 38, 120),
(345, 1, 1, 17, 38, 121),
(346, 1, 1, 17, 38, 122),
(347, 1, 1, 17, 38, 123),
(348, 1, 1, 18, 39, 239),
(349, 1, 1, 18, 39, 240),
(350, 1, 1, 18, 39, 241),
(351, 1, 1, 18, 39, 242),
(352, 1, 1, 18, 39, 243),
(353, 1, 1, 18, 39, 244),
(354, 1, 1, 18, 39, 245),
(355, 1, 1, 18, 40, 246),
(356, 1, 1, 18, 40, 247),
(357, 1, 1, 18, 40, 248),
(358, 1, 1, 18, 40, 249),
(359, 1, 1, 18, 40, 250),
(360, 1, 1, 18, 40, 251),
(361, 1, 1, 18, 40, 252),
(362, 1, 1, 19, 41, 228),
(363, 1, 1, 19, 41, 229),
(364, 1, 1, 19, 41, 230),
(365, 1, 1, 19, 41, 231),
(366, 1, 1, 19, 41, 232),
(367, 1, 1, 20, 42, 64),
(368, 1, 1, 20, 42, 65),
(369, 1, 1, 20, 42, 66),
(370, 1, 1, 20, 42, 67),
(371, 1, 1, 20, 42, 68),
(372, 1, 1, 20, 42, 69),
(373, 1, 1, 20, 42, 70),
(374, 1, 1, 20, 42, 71),
(375, 1, 1, 20, 42, 72),
(376, 1, 1, 20, 42, 73),
(377, 1, 1, 20, 42, 74),
(378, 1, 1, 20, 42, 75),
(379, 1, 1, 20, 42, 76),
(380, 1, 1, 20, 42, 77),
(381, 1, 1, 20, 42, 78),
(382, 1, 1, 20, 42, 79),
(383, 1, 1, 20, 42, 80),
(384, 1, 1, 20, 42, 81),
(385, 1, 1, 20, 42, 82),
(386, 1, 1, 20, 42, 83),
(387, 1, 1, 20, 42, 84),
(388, 1, 1, 20, 42, 85),
(389, 1, 1, 20, 42, 124),
(390, 1, 1, 20, 42, 125),
(391, 1, 1, 20, 42, 126),
(392, 1, 1, 20, 42, 127),
(393, 1, 1, 20, 42, 128),
(394, 1, 1, 20, 42, 129),
(395, 1, 1, 20, 42, 130),
(396, 1, 1, 20, 42, 131),
(397, 1, 1, 20, 42, 132),
(398, 1, 1, 20, 42, 133),
(399, 1, 1, 20, 42, 134),
(400, 1, 1, 20, 42, 135),
(401, 1, 1, 20, 42, 136),
(402, 1, 1, 20, 42, 137),
(403, 1, 1, 20, 42, 138),
(404, 1, 1, 20, 42, 139),
(405, 1, 1, 20, 42, 140),
(406, 1, 1, 20, 42, 141),
(407, 1, 1, 20, 42, 142),
(408, 1, 1, 20, 42, 143),
(409, 1, 1, 20, 42, 144),
(410, 1, 1, 20, 43, 145),
(411, 1, 1, 20, 43, 146),
(412, 1, 1, 20, 43, 147),
(413, 1, 1, 20, 43, 148),
(414, 1, 1, 20, 43, 149),
(415, 1, 1, 20, 43, 150),
(416, 1, 1, 20, 43, 151),
(417, 1, 1, 20, 43, 152),
(418, 1, 1, 20, 43, 153),
(419, 1, 1, 20, 43, 154),
(420, 1, 1, 20, 43, 155),
(421, 1, 1, 20, 43, 156),
(422, 1, 1, 20, 43, 157),
(423, 1, 1, 20, 43, 158),
(424, 1, 1, 20, 43, 159),
(425, 1, 1, 20, 43, 160),
(426, 1, 1, 20, 43, 161),
(427, 1, 1, 20, 43, 162),
(428, 1, 1, 20, 43, 163),
(429, 1, 1, 20, 43, 164),
(430, 1, 1, 21, 44, 165),
(431, 1, 1, 21, 44, 166),
(432, 1, 1, 21, 44, 167),
(433, 1, 1, 21, 44, 168),
(434, 1, 1, 21, 44, 169),
(435, 1, 1, 21, 44, 170),
(436, 1, 1, 21, 44, 171),
(437, 1, 1, 21, 44, 172),
(438, 1, 1, 21, 44, 173),
(439, 1, 1, 21, 44, 174),
(440, 1, 1, 21, 44, 175),
(441, 1, 1, 21, 44, 176),
(442, 1, 1, 21, 44, 177),
(443, 1, 1, 21, 44, 178),
(444, 1, 1, 21, 44, 179),
(445, 1, 1, 21, 44, 180),
(446, 1, 1, 21, 44, 181),
(447, 1, 1, 21, 44, 182),
(448, 1, 1, 21, 44, 183),
(449, 1, 1, 21, 44, 184),
(450, 1, 1, 21, 44, 185),
(451, 1, 1, 21, 44, 186),
(452, 1, 1, 21, 44, 187),
(453, 1, 1, 21, 44, 188),
(454, 1, 1, 21, 44, 189),
(455, 1, 1, 22, 45, 322),
(456, 1, 1, 22, 45, 323),
(457, 1, 1, 22, 45, 324),
(458, 1, 1, 22, 45, 325),
(459, 1, 1, 22, 45, 326),
(460, 1, 1, 22, 45, 327),
(461, 1, 1, 22, 45, 328),
(462, 1, 1, 22, 46, 329),
(463, 1, 1, 22, 46, 330),
(464, 1, 1, 22, 46, 331),
(465, 1, 1, 23, 47, 312),
(466, 1, 1, 23, 47, 313),
(467, 1, 1, 23, 47, 314),
(468, 1, 1, 23, 47, 315),
(469, 1, 1, 23, 47, 316),
(470, 1, 1, 23, 47, 317),
(471, 1, 1, 23, 47, 318),
(472, 1, 1, 23, 47, 319),
(473, 1, 1, 23, 47, 320),
(474, 1, 1, 23, 47, 321),
(475, 1, 1, 24, 48, 233),
(476, 1, 1, 24, 48, 234),
(477, 1, 1, 24, 48, 235),
(478, 1, 1, 24, 49, 236),
(479, 1, 1, 24, 49, 237),
(480, 1, 1, 24, 49, 238),
(481, 1, 1, 25, 50, 426),
(482, 1, 1, 25, 50, 427),
(483, 1, 1, 25, 50, 428),
(484, 1, 1, 25, 50, 429),
(485, 1, 1, 25, 50, 430),
(486, 1, 1, 25, 50, 431),
(487, 1, 1, 25, 50, 432),
(488, 1, 1, 25, 50, 433),
(489, 1, 1, 25, 50, 434),
(490, 1, 1, 25, 50, 435),
(491, 1, 1, 25, 50, 436),
(492, 1, 1, 25, 51, 437),
(493, 1, 1, 25, 51, 438),
(494, 1, 1, 25, 51, 439),
(495, 1, 1, 25, 51, 440),
(496, 1, 1, 25, 51, 441),
(497, 1, 1, 25, 51, 442),
(498, 1, 1, 25, 51, 443),
(499, 1, 1, 25, 51, 444),
(500, 1, 1, 25, 51, 445),
(501, 1, 1, 25, 51, 446),
(502, 1, 1, 25, 51, 447),
(503, 1, 1, 25, 51, 448),
(504, 1, 1, 25, 51, 449),
(505, 1, 1, 25, 51, 450),
(506, 1, 1, 25, 52, 451),
(507, 1, 1, 25, 52, 452),
(508, 1, 1, 25, 52, 453),
(509, 1, 1, 25, 52, 454),
(510, 1, 1, 25, 52, 455),
(511, 1, 1, 25, 52, 456),
(512, 1, 1, 25, 52, 457),
(513, 1, 1, 25, 52, 458),
(514, 1, 1, 25, 52, 459),
(515, 1, 1, 25, 52, 460),
(516, 1, 1, 26, 53, 421),
(517, 1, 1, 26, 53, 422),
(518, 1, 1, 26, 53, 423),
(519, 1, 1, 26, 53, 424),
(520, 1, 1, 26, 53, 425),
(521, 1, 1, 27, 54, 1),
(522, 1, 1, 27, 54, 2),
(523, 1, 1, 27, 54, 3),
(524, 1, 1, 27, 54, 4),
(525, 1, 1, 27, 54, 5),
(526, 1, 1, 27, 54, 6),
(527, 1, 1, 27, 54, 7),
(528, 1, 1, 27, 54, 8),
(529, 1, 1, 27, 54, 9),
(530, 1, 1, 27, 54, 10),
(531, 1, 1, 27, 54, 11),
(532, 1, 1, 27, 54, 12),
(533, 1, 1, 27, 54, 13),
(534, 1, 1, 27, 54, 14),
(535, 1, 1, 27, 54, 15),
(536, 1, 1, 27, 54, 16),
(537, 1, 1, 27, 54, 17),
(538, 1, 1, 28, 55, 477),
(539, 1, 1, 28, 55, 478),
(540, 1, 1, 28, 55, 479),
(541, 1, 1, 28, 55, 480),
(542, 1, 1, 28, 55, 481),
(543, 1, 1, 28, 55, 482),
(544, 1, 1, 28, 55, 483),
(545, 1, 1, 28, 55, 484),
(546, 1, 1, 28, 55, 485),
(547, 1, 1, 28, 55, 486),
(548, 1, 1, 28, 55, 487),
(549, 1, 1, 28, 55, 488),
(550, 1, 1, 28, 55, 489),
(551, 1, 1, 28, 55, 490),
(552, 1, 1, 28, 55, 491),
(553, 1, 1, 28, 55, 492),
(554, 1, 1, 28, 56, 493),
(555, 1, 1, 28, 56, 494),
(556, 1, 1, 28, 57, 495),
(557, 1, 1, 28, 57, 496),
(558, 1, 1, 28, 57, 497),
(559, 1, 1, 28, 57, 498),
(560, 1, 1, 28, 57, 499),
(561, 1, 1, 28, 57, 500),
(562, 1, 1, 28, 57, 501),
(563, 1, 1, 28, 57, 502),
(564, 1, 1, 28, 57, 503),
(565, 1, 1, 28, 57, 504),
(566, 1, 1, 28, 57, 505),
(567, 1, 1, 28, 57, 506),
(568, 1, 1, 28, 57, 507),
(569, 1, 1, 28, 57, 508),
(570, 1, 1, 28, 57, 509),
(571, 1, 1, 28, 57, 510),
(572, 1, 1, 28, 57, 511),
(573, 1, 1, 28, 57, 512),
(574, 1, 1, 28, 57, 513),
(591, 1, 2, 29, 59, 943),
(592, 1, 2, 29, 59, 944),
(593, 1, 2, 29, 59, 945),
(594, 1, 2, 29, 59, 946),
(595, 1, 2, 29, 59, 947),
(596, 1, 2, 29, 59, 948),
(597, 1, 2, 29, 59, 949),
(598, 1, 2, 29, 59, 950),
(599, 1, 2, 29, 59, 951),
(600, 1, 2, 29, 59, 952),
(601, 1, 2, 29, 59, 953),
(602, 1, 2, 29, 60, 954),
(603, 1, 2, 29, 60, 955),
(604, 1, 2, 29, 60, 956),
(605, 1, 2, 29, 60, 957),
(606, 1, 2, 29, 60, 958),
(607, 1, 2, 29, 60, 959),
(608, 1, 2, 29, 60, 960),
(609, 1, 2, 29, 60, 961),
(610, 1, 2, 29, 60, 962),
(611, 1, 2, 29, 61, 963),
(612, 1, 2, 29, 61, 964),
(613, 1, 2, 29, 61, 965),
(614, 1, 2, 29, 61, 966),
(615, 1, 2, 29, 61, 967),
(616, 1, 2, 29, 61, 968),
(617, 1, 2, 29, 61, 969),
(618, 1, 2, 29, 61, 970),
(619, 1, 2, 29, 61, 971),
(620, 1, 2, 29, 61, 972),
(621, 1, 2, 29, 61, 973),
(622, 1, 2, 29, 61, 974),
(623, 1, 2, 29, 61, 975),
(624, 1, 2, 29, 61, 976),
(625, 1, 2, 29, 61, 977),
(626, 1, 2, 29, 61, 978),
(575, 1, 2, 29, 62, 883),
(576, 1, 2, 29, 62, 884),
(577, 1, 2, 29, 62, 885),
(578, 1, 2, 29, 62, 886),
(579, 1, 2, 29, 62, 887),
(580, 1, 2, 29, 62, 888),
(581, 1, 2, 29, 62, 889),
(582, 1, 2, 29, 62, 890),
(583, 1, 2, 29, 62, 891),
(584, 1, 2, 29, 62, 892),
(585, 1, 2, 29, 62, 893),
(586, 1, 2, 29, 62, 894),
(587, 1, 2, 29, 62, 895),
(588, 1, 2, 29, 62, 896),
(589, 1, 2, 29, 62, 897),
(590, 1, 2, 29, 62, 898),
(627, 1, 2, 30, 63, 816),
(628, 1, 2, 30, 63, 817),
(629, 1, 2, 30, 63, 818),
(630, 1, 2, 30, 63, 819),
(631, 1, 2, 30, 63, 820),
(632, 1, 2, 30, 63, 821),
(633, 1, 2, 30, 63, 822),
(634, 1, 2, 30, 63, 823),
(635, 1, 2, 30, 63, 824),
(636, 1, 2, 30, 63, 825),
(637, 1, 2, 30, 63, 826),
(638, 1, 2, 30, 63, 827),
(639, 1, 2, 30, 63, 828),
(640, 1, 2, 30, 63, 829),
(641, 1, 2, 30, 64, 830),
(642, 1, 2, 30, 64, 831),
(643, 1, 2, 30, 64, 832),
(644, 1, 2, 30, 64, 833),
(645, 1, 2, 30, 64, 834),
(646, 1, 2, 30, 64, 835),
(647, 1, 2, 30, 64, 836),
(648, 1, 2, 30, 64, 837),
(649, 1, 2, 30, 64, 838),
(650, 1, 2, 30, 64, 839),
(651, 1, 2, 30, 64, 840),
(652, 1, 2, 30, 64, 841),
(653, 1, 2, 30, 65, 842),
(654, 1, 2, 30, 65, 843),
(655, 1, 2, 30, 65, 844),
(656, 1, 2, 30, 65, 845),
(657, 1, 2, 30, 65, 846),
(658, 1, 2, 30, 65, 847),
(659, 1, 2, 30, 65, 848),
(660, 1, 2, 30, 65, 849),
(661, 1, 2, 30, 66, 899),
(662, 1, 2, 30, 66, 900),
(663, 1, 2, 30, 66, 901),
(664, 1, 2, 30, 66, 902),
(665, 1, 2, 30, 66, 903),
(666, 1, 2, 30, 66, 904),
(667, 1, 2, 30, 66, 905),
(668, 1, 2, 30, 66, 906),
(669, 1, 2, 30, 66, 907),
(670, 1, 2, 30, 66, 908),
(671, 1, 2, 30, 66, 909),
(672, 1, 2, 30, 66, 910),
(673, 1, 2, 30, 66, 911),
(674, 1, 2, 30, 66, 912),
(675, 1, 2, 30, 66, 913),
(676, 1, 2, 30, 66, 914),
(677, 1, 2, 30, 66, 915),
(678, 1, 2, 30, 66, 916),
(679, 1, 2, 30, 66, 917),
(680, 1, 2, 30, 66, 918),
(681, 1, 2, 30, 66, 919),
(682, 1, 2, 30, 66, 920),
(683, 1, 2, 30, 66, 921),
(684, 1, 2, 30, 66, 922),
(685, 1, 2, 30, 66, 923),
(704, 1, 2, 31, 67, 1231),
(705, 1, 2, 31, 67, 1232),
(706, 1, 2, 31, 67, 1233),
(707, 1, 2, 31, 67, 1234),
(708, 1, 2, 31, 68, 1235),
(709, 1, 2, 31, 68, 1236),
(710, 1, 2, 31, 68, 1237),
(711, 1, 2, 31, 68, 1238),
(712, 1, 2, 31, 69, 1239),
(713, 1, 2, 31, 69, 1240),
(714, 1, 2, 31, 69, 1241),
(715, 1, 2, 31, 70, 1242),
(716, 1, 2, 31, 70, 1243),
(717, 1, 2, 31, 70, 1244),
(718, 1, 2, 31, 70, 1245),
(719, 1, 2, 31, 70, 1246),
(720, 1, 2, 31, 70, 1247),
(721, 1, 2, 31, 70, 1248),
(722, 1, 2, 31, 70, 1249),
(723, 1, 2, 31, 71, 1169),
(724, 1, 2, 31, 71, 1170),
(725, 1, 2, 31, 71, 1171),
(726, 1, 2, 31, 71, 1172),
(727, 1, 2, 31, 71, 1173),
(728, 1, 2, 31, 71, 1174),
(729, 1, 2, 31, 71, 1175),
(730, 1, 2, 31, 71, 1176),
(731, 1, 2, 31, 71, 1177),
(732, 1, 2, 31, 71, 1178),
(733, 1, 2, 31, 71, 1179),
(734, 1, 2, 31, 71, 1180),
(735, 1, 2, 31, 71, 1181),
(686, 1, 2, 31, 72, 1271),
(687, 1, 2, 31, 72, 1272),
(688, 1, 2, 31, 72, 1273),
(689, 1, 2, 31, 72, 1274),
(690, 1, 2, 31, 72, 1275),
(691, 1, 2, 31, 72, 1276),
(692, 1, 2, 31, 72, 1277),
(693, 1, 2, 31, 72, 1278),
(694, 1, 2, 31, 72, 1279),
(695, 1, 2, 31, 72, 1280),
(696, 1, 2, 31, 72, 1281),
(697, 1, 2, 31, 72, 1282),
(698, 1, 2, 31, 72, 1283),
(699, 1, 2, 31, 72, 1284),
(700, 1, 2, 31, 72, 1285),
(701, 1, 2, 31, 72, 1286),
(702, 1, 2, 31, 72, 1287),
(703, 1, 2, 31, 72, 1288),
(736, 1, 2, 32, 73, 575),
(737, 1, 2, 32, 73, 576),
(738, 1, 2, 32, 73, 577),
(739, 1, 2, 32, 73, 578),
(740, 1, 2, 32, 73, 579),
(741, 1, 2, 32, 73, 580),
(742, 1, 2, 33, 74, 1084),
(743, 1, 2, 33, 74, 1085),
(744, 1, 2, 33, 74, 1086),
(745, 1, 2, 33, 74, 1087),
(746, 1, 2, 33, 74, 1088),
(747, 1, 2, 33, 74, 1089),
(748, 1, 2, 33, 74, 1090),
(749, 1, 2, 33, 74, 1091),
(750, 1, 2, 33, 74, 1092),
(751, 1, 2, 33, 74, 1093),
(752, 1, 2, 33, 74, 1094),
(753, 1, 2, 33, 74, 1095),
(754, 1, 2, 33, 74, 1096),
(755, 1, 2, 33, 74, 1097),
(756, 1, 2, 33, 75, 1114),
(757, 1, 2, 33, 75, 1115),
(758, 1, 2, 33, 75, 1116),
(759, 1, 2, 33, 75, 1117),
(760, 1, 2, 33, 75, 1118),
(761, 1, 2, 33, 75, 1119),
(762, 1, 2, 33, 75, 1120),
(763, 1, 2, 33, 75, 1121),
(764, 1, 2, 33, 75, 1122),
(765, 1, 2, 33, 76, 1123),
(766, 1, 2, 33, 76, 1124),
(767, 1, 2, 33, 76, 1125),
(768, 1, 2, 33, 76, 1126),
(769, 1, 2, 33, 76, 1127),
(770, 1, 2, 33, 76, 1128),
(771, 1, 2, 33, 76, 1129),
(772, 1, 2, 33, 77, 1130),
(773, 1, 2, 33, 77, 1131),
(774, 1, 2, 33, 77, 1132),
(775, 1, 2, 33, 77, 1133),
(776, 1, 2, 33, 77, 1134),
(777, 1, 2, 33, 77, 1135),
(778, 1, 2, 33, 77, 1136),
(779, 1, 2, 33, 77, 1137),
(780, 1, 2, 34, 78, 748),
(781, 1, 2, 34, 78, 749),
(782, 1, 2, 34, 78, 750),
(783, 1, 2, 34, 78, 751),
(784, 1, 2, 34, 78, 752),
(785, 1, 2, 34, 78, 753),
(786, 1, 2, 34, 78, 754),
(787, 1, 2, 34, 78, 755),
(788, 1, 2, 34, 78, 756),
(789, 1, 2, 34, 78, 757),
(790, 1, 2, 34, 78, 758),
(791, 1, 2, 34, 78, 759),
(792, 1, 2, 34, 78, 760),
(793, 1, 2, 34, 78, 761),
(794, 1, 2, 34, 78, 762),
(795, 1, 2, 34, 79, 763),
(796, 1, 2, 34, 79, 764),
(797, 1, 2, 34, 79, 765),
(798, 1, 2, 34, 79, 766),
(799, 1, 2, 34, 79, 767),
(800, 1, 2, 34, 79, 768),
(801, 1, 2, 34, 79, 769),
(802, 1, 2, 34, 79, 770),
(803, 1, 2, 34, 79, 771),
(804, 1, 2, 34, 79, 772),
(805, 1, 2, 34, 79, 773),
(806, 1, 2, 34, 79, 774),
(807, 1, 2, 34, 79, 775),
(808, 1, 2, 34, 79, 776),
(809, 1, 2, 34, 79, 777),
(810, 1, 2, 35, 80, 1148),
(811, 1, 2, 35, 80, 1149),
(812, 1, 2, 35, 80, 1150),
(813, 1, 2, 35, 81, 1151),
(814, 1, 2, 35, 81, 1152),
(815, 1, 2, 35, 82, 1153),
(816, 1, 2, 35, 82, 1154),
(817, 1, 2, 35, 82, 1155),
(818, 1, 2, 35, 82, 1156),
(819, 1, 2, 35, 82, 1157),
(820, 1, 2, 35, 83, 1250),
(821, 1, 2, 35, 83, 1251),
(822, 1, 2, 35, 83, 1252),
(823, 1, 2, 35, 83, 1253),
(824, 1, 2, 35, 83, 1254),
(825, 1, 2, 35, 83, 1255),
(826, 1, 2, 35, 83, 1256),
(827, 1, 2, 35, 84, 1257),
(828, 1, 2, 35, 84, 1258),
(829, 1, 2, 35, 84, 1259),
(830, 1, 2, 35, 84, 1260),
(831, 1, 2, 35, 84, 1261),
(832, 1, 2, 35, 84, 1262),
(833, 1, 2, 35, 84, 1263),
(834, 1, 2, 35, 85, 1264),
(835, 1, 2, 35, 85, 1265),
(836, 1, 2, 35, 85, 1266),
(837, 1, 2, 35, 85, 1267),
(838, 1, 2, 35, 85, 1268),
(839, 1, 2, 35, 85, 1269),
(840, 1, 2, 35, 85, 1270),
(841, 1, 2, 36, 86, 1161),
(842, 1, 2, 36, 86, 1162),
(843, 1, 2, 36, 86, 1163),
(844, 1, 2, 36, 86, 1164),
(845, 1, 2, 36, 87, 1165),
(846, 1, 2, 36, 88, 1289),
(847, 1, 2, 36, 88, 1290),
(848, 1, 2, 36, 88, 1291),
(849, 1, 2, 36, 88, 1292),
(850, 1, 2, 36, 88, 1293),
(851, 1, 2, 36, 88, 1294),
(852, 1, 2, 36, 88, 1295),
(853, 1, 2, 36, 88, 1296),
(854, 1, 2, 36, 88, 1297),
(855, 1, 2, 36, 88, 1298),
(856, 1, 2, 36, 88, 1299),
(857, 1, 2, 36, 88, 1300),
(858, 1, 2, 36, 88, 1301),
(859, 1, 2, 36, 88, 1302),
(860, 1, 2, 36, 88, 1303),
(861, 1, 2, 36, 88, 1304),
(862, 1, 2, 36, 131, 1305),
(863, 1, 2, 36, 131, 1306),
(864, 1, 2, 36, 131, 1307),
(865, 1, 2, 36, 131, 1308),
(866, 1, 2, 36, 131, 1309),
(867, 1, 2, 36, 131, 1310),
(868, 1, 2, 36, 131, 1311),
(869, 1, 2, 36, 131, 1312),
(870, 1, 2, 36, 132, 1313),
(871, 1, 2, 36, 132, 1314),
(872, 1, 2, 36, 132, 1315),
(873, 1, 2, 36, 132, 1316),
(874, 1, 2, 36, 132, 1317),
(875, 1, 2, 36, 132, 1318),
(876, 1, 2, 36, 132, 1319),
(877, 1, 2, 36, 132, 1320),
(878, 1, 2, 36, 132, 1321),
(879, 1, 2, 36, 132, 1322),
(880, 1, 2, 36, 132, 1323),
(881, 1, 2, 36, 132, 1324),
(882, 1, 2, 36, 132, 1325),
(883, 1, 2, 36, 132, 1326),
(884, 1, 2, 36, 132, 1327),
(885, 1, 2, 36, 133, 1328),
(886, 1, 2, 36, 133, 1329),
(887, 1, 2, 36, 133, 1330),
(888, 1, 2, 36, 133, 1331),
(889, 1, 2, 36, 133, 1332),
(890, 1, 2, 36, 133, 1333),
(891, 1, 2, 36, 133, 1334),
(892, 1, 2, 36, 133, 1335),
(893, 1, 2, 36, 133, 1336),
(894, 1, 2, 36, 133, 1337),
(895, 1, 2, 36, 133, 1338),
(896, 1, 2, 36, 133, 1339),
(897, 1, 2, 36, 133, 1340),
(898, 1, 2, 37, 89, 581),
(899, 1, 2, 37, 89, 582),
(900, 1, 2, 37, 89, 583),
(901, 1, 2, 37, 89, 584),
(902, 1, 2, 37, 89, 585),
(903, 1, 2, 37, 89, 586),
(904, 1, 2, 37, 89, 587),
(905, 1, 2, 37, 89, 588),
(906, 1, 2, 37, 89, 589),
(907, 1, 2, 37, 89, 590),
(908, 1, 2, 37, 89, 591),
(909, 1, 2, 38, 90, 850),
(910, 1, 2, 38, 90, 851),
(911, 1, 2, 38, 90, 852),
(912, 1, 2, 38, 90, 853),
(913, 1, 2, 38, 90, 854),
(914, 1, 2, 38, 90, 855),
(915, 1, 2, 38, 90, 856),
(916, 1, 2, 38, 90, 857),
(917, 1, 2, 38, 90, 858),
(918, 1, 2, 38, 90, 859),
(919, 1, 2, 38, 90, 860),
(920, 1, 2, 38, 91, 861),
(921, 1, 2, 38, 91, 862),
(922, 1, 2, 38, 91, 863),
(923, 1, 2, 38, 91, 864),
(924, 1, 2, 38, 91, 865),
(925, 1, 2, 38, 91, 866),
(926, 1, 2, 38, 91, 867),
(927, 1, 2, 38, 91, 868),
(928, 1, 2, 38, 91, 869),
(929, 1, 2, 38, 92, 870),
(930, 1, 2, 38, 92, 871),
(931, 1, 2, 38, 92, 872),
(932, 1, 2, 38, 92, 873),
(933, 1, 2, 38, 92, 874),
(934, 1, 2, 38, 92, 875),
(935, 1, 2, 38, 92, 876),
(936, 1, 2, 38, 92, 877),
(937, 1, 2, 38, 92, 878),
(938, 1, 2, 38, 92, 879),
(939, 1, 2, 38, 92, 880),
(940, 1, 2, 38, 92, 881),
(941, 1, 2, 38, 92, 882),
(942, 1, 2, 39, 93, 677),
(943, 1, 2, 39, 93, 678),
(944, 1, 2, 39, 93, 679),
(945, 1, 2, 39, 94, 680),
(946, 1, 2, 39, 95, 681),
(947, 1, 2, 39, 96, 1192),
(948, 1, 2, 39, 96, 1193),
(949, 1, 2, 39, 96, 1194),
(950, 1, 2, 39, 96, 1195),
(951, 1, 2, 39, 96, 1196),
(952, 1, 2, 39, 96, 1197),
(953, 1, 2, 39, 96, 1198),
(954, 1, 2, 39, 96, 1199),
(955, 1, 2, 39, 96, 1200),
(956, 1, 2, 39, 96, 1201),
(957, 1, 2, 39, 96, 1202),
(958, 1, 2, 39, 96, 1203),
(959, 1, 2, 39, 96, 1204),
(960, 1, 2, 39, 96, 1205),
(961, 1, 2, 39, 96, 1206),
(962, 1, 2, 39, 96, 1207),
(963, 1, 2, 39, 96, 1208),
(964, 1, 2, 39, 96, 1209),
(965, 1, 2, 40, 97, 924),
(966, 1, 2, 40, 97, 925),
(967, 1, 2, 40, 97, 926),
(968, 1, 2, 40, 97, 927),
(969, 1, 2, 40, 97, 928),
(970, 1, 2, 40, 97, 929),
(971, 1, 2, 40, 97, 930),
(972, 1, 2, 40, 97, 931),
(973, 1, 2, 40, 97, 932),
(974, 1, 2, 40, 97, 933),
(975, 1, 2, 40, 97, 934),
(976, 1, 2, 40, 97, 935),
(977, 1, 2, 40, 97, 936),
(978, 1, 2, 40, 97, 937),
(979, 1, 2, 40, 97, 938),
(980, 1, 2, 40, 97, 939),
(981, 1, 2, 40, 97, 940),
(982, 1, 2, 40, 97, 941),
(983, 1, 2, 40, 97, 942),
(984, 1, 2, 40, 98, 979),
(985, 1, 2, 40, 98, 980),
(986, 1, 2, 40, 98, 981),
(987, 1, 2, 40, 98, 982),
(988, 1, 2, 40, 98, 983),
(989, 1, 2, 40, 98, 984),
(990, 1, 2, 40, 98, 985),
(991, 1, 2, 40, 98, 986),
(992, 1, 2, 40, 98, 987),
(993, 1, 2, 40, 98, 988),
(994, 1, 2, 40, 98, 989),
(995, 1, 2, 40, 98, 990),
(996, 1, 2, 40, 98, 991),
(997, 1, 2, 40, 98, 992),
(998, 1, 2, 40, 98, 993),
(999, 1, 2, 40, 98, 994),
(1000, 1, 2, 40, 98, 995),
(1001, 1, 2, 40, 99, 996),
(1002, 1, 2, 40, 99, 997),
(1003, 1, 2, 40, 99, 998),
(1004, 1, 2, 40, 99, 999),
(1005, 1, 2, 40, 99, 1000),
(1006, 1, 2, 40, 99, 1001),
(1007, 1, 2, 40, 99, 1002),
(1008, 1, 2, 40, 99, 1003),
(1009, 1, 2, 40, 99, 1004),
(1010, 1, 2, 40, 99, 1005),
(1011, 1, 2, 40, 99, 1006),
(1012, 1, 2, 40, 99, 1007),
(1013, 1, 2, 40, 99, 1008),
(1014, 1, 2, 40, 99, 1009),
(1015, 1, 2, 40, 99, 1010),
(1016, 1, 2, 40, 99, 1011),
(1017, 1, 2, 40, 99, 1012),
(1018, 1, 2, 41, 100, 778),
(1019, 1, 2, 41, 100, 779),
(1020, 1, 2, 41, 100, 780),
(1021, 1, 2, 41, 100, 781),
(1022, 1, 2, 41, 100, 782),
(1023, 1, 2, 41, 100, 783),
(1024, 1, 2, 41, 100, 784),
(1025, 1, 2, 41, 100, 785),
(1026, 1, 2, 41, 100, 786),
(1027, 1, 2, 41, 100, 787),
(1028, 1, 2, 41, 100, 788),
(1029, 1, 2, 41, 100, 789),
(1030, 1, 2, 41, 100, 790),
(1031, 1, 2, 41, 101, 791),
(1032, 1, 2, 41, 101, 792),
(1033, 1, 2, 41, 101, 793),
(1034, 1, 2, 41, 102, 794),
(1035, 1, 2, 41, 102, 795),
(1036, 1, 2, 41, 102, 796),
(1037, 1, 2, 41, 102, 797),
(1038, 1, 2, 41, 102, 798),
(1039, 1, 2, 41, 102, 799),
(1040, 1, 2, 41, 102, 800),
(1041, 1, 2, 41, 102, 801),
(1042, 1, 2, 41, 102, 802),
(1043, 1, 2, 41, 102, 803),
(1044, 1, 2, 41, 102, 804),
(1045, 1, 2, 41, 102, 805),
(1046, 1, 2, 41, 103, 806),
(1047, 1, 2, 41, 103, 807),
(1048, 1, 2, 41, 103, 808),
(1049, 1, 2, 41, 103, 809),
(1050, 1, 2, 41, 103, 810),
(1051, 1, 2, 41, 103, 811),
(1052, 1, 2, 41, 103, 812),
(1053, 1, 2, 41, 103, 813),
(1054, 1, 2, 41, 103, 814),
(1055, 1, 2, 41, 103, 815),
(1056, 1, 2, 42, 104, 699),
(1057, 1, 2, 42, 104, 700),
(1058, 1, 2, 42, 104, 701),
(1059, 1, 2, 42, 104, 702),
(1060, 1, 2, 42, 104, 703),
(1061, 1, 2, 42, 104, 704),
(1062, 1, 2, 42, 105, 705),
(1063, 1, 2, 42, 105, 706),
(1064, 1, 2, 42, 105, 707),
(1065, 1, 2, 42, 105, 708),
(1066, 1, 2, 42, 105, 709),
(1067, 1, 2, 42, 105, 710),
(1068, 1, 2, 42, 106, 711),
(1069, 1, 2, 42, 106, 712),
(1070, 1, 2, 42, 106, 713),
(1071, 1, 2, 42, 106, 714),
(1072, 1, 2, 42, 106, 715),
(1073, 1, 2, 42, 106, 716),
(1074, 1, 2, 42, 106, 717),
(1075, 1, 2, 42, 106, 718),
(1076, 1, 2, 43, 107, 698),
(1077, 1, 2, 43, 108, 1073),
(1078, 1, 2, 43, 108, 1074),
(1079, 1, 2, 43, 108, 1075),
(1080, 1, 2, 43, 109, 1210),
(1081, 1, 2, 43, 109, 1211),
(1082, 1, 2, 43, 109, 1212),
(1083, 1, 2, 43, 109, 1213),
(1084, 1, 2, 43, 109, 1214),
(1085, 1, 2, 43, 110, 1215),
(1086, 1, 2, 43, 110, 1216),
(1087, 1, 2, 43, 110, 1217),
(1088, 1, 2, 43, 110, 1218),
(1089, 1, 2, 44, 111, 601),
(1090, 1, 2, 44, 111, 602),
(1091, 1, 2, 44, 111, 603),
(1092, 1, 2, 44, 111, 604),
(1093, 1, 2, 44, 111, 605),
(1094, 1, 2, 44, 111, 606),
(1095, 1, 2, 44, 111, 607),
(1096, 1, 2, 44, 111, 608),
(1097, 1, 2, 44, 111, 609),
(1098, 1, 2, 44, 111, 610),
(1099, 1, 2, 44, 111, 611),
(1100, 1, 2, 44, 111, 612),
(1101, 1, 2, 44, 111, 613),
(1102, 1, 2, 44, 111, 614),
(1103, 1, 2, 44, 111, 615),
(1104, 1, 2, 45, 112, 733),
(1105, 1, 2, 45, 112, 734),
(1106, 1, 2, 45, 112, 735),
(1107, 1, 2, 45, 112, 736),
(1108, 1, 2, 45, 112, 737),
(1109, 1, 2, 45, 112, 738),
(1110, 1, 2, 45, 112, 739),
(1111, 1, 2, 45, 112, 740),
(1112, 1, 2, 45, 112, 741),
(1113, 1, 2, 45, 112, 742),
(1114, 1, 2, 45, 112, 743),
(1115, 1, 2, 45, 112, 744),
(1116, 1, 2, 45, 112, 745),
(1117, 1, 2, 45, 112, 746),
(1118, 1, 2, 45, 112, 747),
(1119, 1, 2, 45, 113, 629),
(1120, 1, 2, 45, 113, 630),
(1121, 1, 2, 45, 113, 631),
(1122, 1, 2, 45, 113, 632),
(1123, 1, 2, 45, 113, 633),
(1124, 1, 2, 45, 113, 634),
(1125, 1, 2, 45, 113, 635),
(1126, 1, 2, 45, 113, 636),
(1127, 1, 2, 45, 113, 637),
(1128, 1, 2, 45, 113, 638),
(1129, 1, 2, 45, 113, 639),
(1130, 1, 2, 45, 113, 640),
(1131, 1, 2, 45, 113, 641),
(1132, 1, 2, 45, 113, 642),
(1133, 1, 2, 45, 113, 643),
(1134, 1, 2, 45, 113, 644),
(1135, 1, 2, 45, 113, 645),
(1136, 1, 2, 45, 113, 646),
(1137, 1, 2, 45, 113, 647),
(1138, 1, 2, 45, 113, 648),
(1139, 1, 2, 45, 113, 649),
(1140, 1, 2, 45, 113, 650),
(1141, 1, 2, 45, 113, 651),
(1142, 1, 2, 45, 113, 652),
(1143, 1, 2, 45, 113, 653),
(1144, 1, 2, 45, 113, 654),
(1145, 1, 2, 45, 113, 655),
(1146, 1, 2, 46, 114, 616),
(1147, 1, 2, 46, 114, 617),
(1148, 1, 2, 46, 114, 618),
(1149, 1, 2, 46, 114, 619),
(1150, 1, 2, 46, 114, 620),
(1151, 1, 2, 46, 114, 621),
(1152, 1, 2, 46, 114, 622),
(1153, 1, 2, 46, 114, 623),
(1154, 1, 2, 46, 114, 624),
(1155, 1, 2, 46, 114, 625),
(1156, 1, 2, 46, 114, 626),
(1157, 1, 2, 46, 114, 627),
(1158, 1, 2, 46, 114, 628),
(1159, 1, 2, 47, 115, 682),
(1160, 1, 2, 47, 115, 683),
(1161, 1, 2, 47, 115, 684),
(1162, 1, 2, 47, 115, 685),
(1163, 1, 2, 47, 115, 686),
(1164, 1, 2, 47, 115, 687),
(1165, 1, 2, 47, 115, 688),
(1166, 1, 2, 47, 115, 689),
(1167, 1, 2, 47, 116, 690),
(1168, 1, 2, 47, 116, 691),
(1169, 1, 2, 47, 116, 692),
(1170, 1, 2, 47, 116, 693),
(1171, 1, 2, 47, 116, 694),
(1172, 1, 2, 47, 116, 695),
(1173, 1, 2, 47, 116, 696),
(1174, 1, 2, 47, 116, 697),
(1175, 1, 2, 47, 117, 1219),
(1176, 1, 2, 47, 117, 1220),
(1177, 1, 2, 47, 117, 1221),
(1178, 1, 2, 47, 117, 1222),
(1179, 1, 2, 47, 117, 1223),
(1180, 1, 2, 47, 117, 1224),
(1181, 1, 2, 47, 117, 1225),
(1182, 1, 2, 47, 117, 1226),
(1183, 1, 2, 47, 117, 1227),
(1184, 1, 2, 47, 117, 1228),
(1185, 1, 2, 47, 117, 1229),
(1186, 1, 2, 47, 117, 1230),
(1187, 1, 2, 47, 118, 1182),
(1188, 1, 2, 47, 118, 1183),
(1189, 1, 2, 47, 118, 1184),
(1190, 1, 2, 47, 118, 1185),
(1191, 1, 2, 47, 118, 1186),
(1192, 1, 2, 47, 118, 1187),
(1193, 1, 2, 47, 118, 1188),
(1194, 1, 2, 47, 118, 1189),
(1195, 1, 2, 47, 118, 1190),
(1196, 1, 2, 47, 118, 1191),
(1197, 1, 2, 48, 119, 656),
(1198, 1, 2, 48, 119, 657),
(1199, 1, 2, 48, 119, 658),
(1200, 1, 2, 48, 119, 659),
(1201, 1, 2, 48, 119, 660),
(1202, 1, 2, 48, 119, 661),
(1203, 1, 2, 48, 119, 662),
(1204, 1, 2, 48, 119, 663),
(1205, 1, 2, 48, 119, 664),
(1206, 1, 2, 48, 119, 665),
(1207, 1, 2, 48, 119, 666),
(1208, 1, 2, 48, 119, 667),
(1209, 1, 2, 48, 119, 668),
(1210, 1, 2, 48, 119, 669),
(1211, 1, 2, 48, 119, 670),
(1212, 1, 2, 48, 119, 671),
(1213, 1, 2, 48, 119, 672),
(1214, 1, 2, 48, 119, 673),
(1215, 1, 2, 48, 119, 674),
(1216, 1, 2, 48, 119, 675),
(1217, 1, 2, 48, 119, 676),
(1218, 1, 2, 49, 120, 719),
(1219, 1, 2, 49, 120, 720),
(1220, 1, 2, 49, 120, 721),
(1221, 1, 2, 49, 120, 722),
(1222, 1, 2, 49, 120, 723),
(1223, 1, 2, 49, 120, 724),
(1224, 1, 2, 49, 120, 725),
(1225, 1, 2, 49, 121, 726),
(1226, 1, 2, 49, 121, 727),
(1227, 1, 2, 49, 121, 728),
(1228, 1, 2, 49, 121, 729),
(1229, 1, 2, 49, 121, 730),
(1230, 1, 2, 49, 121, 731),
(1231, 1, 2, 49, 121, 732),
(1232, 1, 2, 50, 122, 592),
(1233, 1, 2, 50, 122, 593),
(1234, 1, 2, 50, 122, 594),
(1235, 1, 2, 50, 122, 595),
(1236, 1, 2, 50, 122, 596),
(1237, 1, 2, 50, 122, 597),
(1238, 1, 2, 50, 122, 598),
(1239, 1, 2, 50, 122, 599),
(1240, 1, 2, 50, 122, 600),
(1241, 1, 2, 51, 123, 1138),
(1242, 1, 2, 51, 123, 1139),
(1243, 1, 2, 51, 123, 1140),
(1244, 1, 2, 51, 123, 1141),
(1245, 1, 2, 51, 123, 1142),
(1246, 1, 2, 51, 123, 1143),
(1247, 1, 2, 51, 123, 1144),
(1248, 1, 2, 51, 123, 1145),
(1249, 1, 2, 51, 123, 1146),
(1250, 1, 2, 51, 123, 1147),
(1251, 1, 2, 51, 124, 1158),
(1252, 1, 2, 51, 124, 1159),
(1253, 1, 2, 51, 124, 1160),
(1254, 1, 2, 51, 125, 1166),
(1255, 1, 2, 51, 125, 1167),
(1256, 1, 2, 51, 125, 1168),
(1257, 1, 2, 52, 126, 1033),
(1258, 1, 2, 52, 126, 1034),
(1259, 1, 2, 52, 126, 1035),
(1260, 1, 2, 52, 126, 1036),
(1261, 1, 2, 52, 126, 1037),
(1262, 1, 2, 52, 126, 1038),
(1263, 1, 2, 52, 126, 1039),
(1264, 1, 2, 52, 126, 1040),
(1265, 1, 2, 52, 126, 1041),
(1266, 1, 2, 52, 126, 1042),
(1267, 1, 2, 52, 126, 1043),
(1268, 1, 2, 52, 126, 1044),
(1269, 1, 2, 52, 126, 1045),
(1270, 1, 2, 52, 126, 1046),
(1271, 1, 2, 52, 127, 1047),
(1272, 1, 2, 52, 127, 1048),
(1273, 1, 2, 52, 127, 1049),
(1274, 1, 2, 52, 127, 1050),
(1275, 1, 2, 52, 127, 1051),
(1276, 1, 2, 52, 127, 1052),
(1277, 1, 2, 52, 127, 1053),
(1278, 1, 2, 52, 127, 1054),
(1279, 1, 2, 52, 127, 1055),
(1280, 1, 2, 52, 127, 1056),
(1281, 1, 2, 52, 127, 1057),
(1282, 1, 2, 52, 127, 1058),
(1283, 1, 2, 52, 127, 1059),
(1284, 1, 2, 52, 127, 1060),
(1285, 1, 2, 52, 127, 1061),
(1286, 1, 2, 52, 127, 1062),
(1287, 1, 2, 52, 127, 1063),
(1288, 1, 2, 52, 127, 1064),
(1289, 1, 2, 52, 127, 1065),
(1290, 1, 2, 52, 127, 1066),
(1291, 1, 2, 52, 127, 1067),
(1292, 1, 2, 52, 127, 1068),
(1293, 1, 2, 52, 127, 1069),
(1294, 1, 2, 52, 127, 1070),
(1295, 1, 2, 52, 127, 1071),
(1296, 1, 2, 52, 127, 1072),
(1297, 1, 2, 53, 128, 1013),
(1298, 1, 2, 53, 128, 1014),
(1299, 1, 2, 53, 128, 1015),
(1300, 1, 2, 53, 128, 1016),
(1301, 1, 2, 53, 128, 1017),
(1302, 1, 2, 53, 128, 1018),
(1303, 1, 2, 53, 128, 1019),
(1304, 1, 2, 53, 128, 1020),
(1305, 1, 2, 53, 128, 1021),
(1306, 1, 2, 53, 128, 1022),
(1307, 1, 2, 53, 128, 1023),
(1308, 1, 2, 53, 128, 1024),
(1309, 1, 2, 53, 128, 1025),
(1310, 1, 2, 53, 128, 1026),
(1311, 1, 2, 53, 128, 1027),
(1312, 1, 2, 53, 128, 1028),
(1313, 1, 2, 53, 128, 1029),
(1314, 1, 2, 53, 128, 1030),
(1315, 1, 2, 53, 128, 1031),
(1316, 1, 2, 53, 128, 1032),
(1317, 1, 2, 53, 129, 1076),
(1318, 1, 2, 53, 129, 1077),
(1319, 1, 2, 53, 129, 1078),
(1320, 1, 2, 53, 129, 1079),
(1321, 1, 2, 53, 129, 1080),
(1322, 1, 2, 53, 129, 1081),
(1323, 1, 2, 53, 129, 1082),
(1324, 1, 2, 53, 129, 1083),
(1325, 1, 2, 53, 130, 1098),
(1326, 1, 2, 53, 130, 1099),
(1327, 1, 2, 53, 130, 1100),
(1328, 1, 2, 53, 130, 1101),
(1329, 1, 2, 53, 130, 1102),
(1330, 1, 2, 53, 130, 1103),
(1331, 1, 2, 53, 130, 1104),
(1332, 1, 2, 53, 130, 1105),
(1333, 1, 2, 53, 130, 1106),
(1334, 1, 2, 53, 130, 1107),
(1335, 1, 2, 53, 130, 1108),
(1336, 1, 2, 53, 130, 1109),
(1337, 1, 2, 53, 130, 1110),
(1338, 1, 2, 53, 130, 1111),
(1339, 1, 2, 53, 130, 1112),
(1340, 1, 2, 53, 130, 1113),
(1341, 2, 3, 54, 134, 1341),
(1342, 2, 3, 55, 135, 1342),
(1343, 2, 3, 56, 136, 1343),
(1344, 2, 3, 57, 137, 1344),
(1345, 2, 3, 58, 138, 1345),
(1346, 2, 3, 59, 139, 1346),
(1347, 2, 3, 60, 140, 1347),
(1348, 2, 3, 61, 141, 1348),
(1349, 2, 3, 62, 142, 1349),
(1350, 2, 3, 63, 143, 1350),
(1351, 2, 3, 64, 144, 1351),
(1352, 2, 3, 65, 145, 1352),
(1353, 2, 3, 66, 146, 1353),
(1354, 2, 3, 67, 147, 1354),
(1355, 2, 3, 68, 148, 1355),
(1356, 2, 3, 69, 149, 1356),
(1357, 3, 4, 70, 150, 1357),
(1358, 3, 4, 71, 151, 1358),
(1359, 3, 4, 72, 152, 1359),
(1360, 3, 4, 73, 153, 1360),
(1361, 3, 4, 74, 154, 1361),
(1362, 3, 4, 75, 155, 1362),
(1363, 4, 5, 76, 156, 1363),
(1364, 4, 5, 77, 157, 1364),
(1365, 4, 5, 78, 158, 1365),
(1366, 4, 5, 79, 159, 1366),
(1367, 5, 6, 80, 160, 1367),
(1368, 6, 7, 81, 161, 1368),
(1369, 7, 8, 82, 162, 1369),
(1370, 8, 9, 83, 163, 1370),
(1371, 9, 10, 84, 164, 1371),
(1372, 10, 11, 85, 165, 1372),
(1373, 11, 12, 86, 166, 1373);

-- --------------------------------------------------------

--
-- Table structure for table `maintenance_member_penalties`
--

CREATE TABLE `maintenance_member_penalties` (
  `penalty_id` int(11) NOT NULL,
  `complaint_id` int(11) NOT NULL,
  `assignment_id` int(11) DEFAULT NULL,
  `maintenance_team_id` int(11) NOT NULL,
  `member_id` int(11) NOT NULL,
  `issued_by` int(11) NOT NULL,
  `penalty_type` enum('warning','demerit','suspension') NOT NULL,
  `penalty_reason` text NOT NULL,
  `created_at` timestamp NOT NULL DEFAULT current_timestamp()
) ENGINE=InnoDB DEFAULT CHARSET=utf8mb4 COLLATE=utf8mb4_general_ci;

-- --------------------------------------------------------

--
-- Table structure for table `maintenance_notifications`
--

CREATE TABLE `maintenance_notifications` (
  `notification_id` int(11) NOT NULL,
  `recipient_user_id` int(11) NOT NULL,
  `sender_user_id` int(11) DEFAULT NULL,
  `related_complaint_id` int(11) DEFAULT NULL,
  `notification_type` varchar(80) NOT NULL DEFAULT 'system',
  `notification_title` varchar(150) NOT NULL,
  `notification_message` text NOT NULL,
  `is_read` tinyint(1) NOT NULL DEFAULT 0,
  `created_at` datetime NOT NULL DEFAULT current_timestamp()
) ENGINE=InnoDB DEFAULT CHARSET=utf8mb4 COLLATE=utf8mb4_general_ci;

--
-- Dumping data for table `maintenance_notifications`
--

INSERT INTO `maintenance_notifications` (`notification_id`, `recipient_user_id`, `sender_user_id`, `related_complaint_id`, `notification_type`, `notification_title`, `notification_message`, `is_read`, `created_at`) VALUES
(1, 11, 5, 25, 'task_assigned', 'New Task Assigned', 'Complaint #DG-20260601-66917 has been assigned to your team \"team mars rover\". Please review and start work.', 1, '2026-06-04 18:05:17'),
(2, 13, 7, 32, 'task_assigned', 'New Task Assigned', 'Complaint #DG-20260601-42274 has been assigned to your team \"team mongol tori\". Please review and start work.', 1, '2026-06-04 18:16:58'),
(4, 11, 5, 25, 'system', 'Support Request Replied', 'Ward Officer replied to your support request for DG-20260601-66917', 1, '2026-06-04 20:28:18'),
(5, 11, 5, 25, 'system', 'Support Request Replied', 'Ward Officer replied to your support request for DG-20260601-66917', 1, '2026-06-04 20:28:54'),
(6, 11, 5, 25, 'system', 'Support Request Replied', 'Ward Officer replied to your support request for DG-20260601-66917', 1, '2026-06-04 20:35:51'),
(7, 11, 5, 25, 'system', 'Support Request Replied', 'Ward Officer replied to your support request for DG-20260601-66917', 1, '2026-06-04 20:47:05'),
(8, 11, 8, 25, 'system', 'Review Started', 'Inspector has started reviewing the completion proof you submitted for complaint DG-20260601-66917.', 1, '2026-06-04 22:14:52'),
(9, 12, 8, 25, 'system', 'Review Started', 'Inspector has started reviewing the completion proof you submitted for complaint DG-20260601-66917.', 0, '2026-06-04 22:14:52'),
(10, 11, 8, 25, 'system', 'Work Approved', 'Inspector approved your completed work for complaint DG-20260601-66917.', 0, '2026-06-04 22:47:51'),
(11, 12, 8, 25, 'system', 'Work Approved', 'Inspector approved your completed work for complaint DG-20260601-66917.', 0, '2026-06-04 22:47:51'),
(20, 13, 9, 32, 'system', 'Review Started', 'Inspector has started reviewing the completion proof you submitted for complaint DG-20260601-42274.', 0, '2026-06-05 00:24:15'),
(22, 13, 9, 32, 'system', 'False Completion Claim', 'Inspector reported possible false completion for your submitted work on complaint DG-20260601-42274. Ward Officer will review the claim.', 0, '2026-06-05 00:24:32'),
(24, 13, 7, 32, 'system', 'Demerit Issued', 'You received 1 demerit point because the false completion claim for complaint DG-20260601-42274 was confirmed true.', 1, '2026-06-05 00:30:36'),
(33, 11, 5, 37, 'task_assigned', 'New Task Assigned', 'Complaint #DG-20260605-64450 has been assigned to your team \"team mars rover\". Please review and start work.', 0, '2026-06-05 02:23:25'),
(34, 11, 8, 37, 'system', 'Review Started', 'Inspector has started reviewing the completion proof you submitted for complaint DG-20260605-64450.', 0, '2026-06-05 02:24:49'),
(35, 12, 8, 37, 'system', 'Review Started', 'Inspector has started reviewing the completion proof you submitted for complaint DG-20260605-64450.', 0, '2026-06-05 02:24:49'),
(36, 11, 8, 37, 'system', 'False Completion Claim', 'Inspector reported possible false completion for your submitted work on complaint DG-20260605-64450. Ward Officer will review the claim.', 0, '2026-06-05 02:25:20'),
(37, 12, 8, 37, 'system', 'False Completion Claim', 'Inspector reported possible false completion for your submitted work on complaint DG-20260605-64450. Ward Officer will review the claim.', 0, '2026-06-05 02:25:20'),
(38, 11, 5, 37, 'system', 'Demerit Issued', 'You received 1 demerit point because the false completion claim for complaint DG-20260605-64450 was confirmed true.', 0, '2026-06-05 02:25:44'),
(39, 12, 5, 37, 'system', 'Claim Confirmed', 'Inspector claim confirmed true for complaint DG-20260605-64450. A warning has been issued.', 0, '2026-06-05 02:25:44'),
(40, 11, 5, 37, 'task_assigned', 'New Task Assigned', 'Complaint #DG-20260605-64450 has been assigned to your team \"team mars rover\". Please review and start work.', 0, '2026-06-05 02:27:55'),
(41, 11, 8, 37, 'system', 'Review Started', 'Inspector has started reviewing the completion proof you submitted for complaint DG-20260605-64450.', 0, '2026-06-05 02:29:22'),
(42, 12, 8, 37, 'system', 'Review Started', 'Inspector has started reviewing the completion proof you submitted for complaint DG-20260605-64450.', 0, '2026-06-05 02:29:22'),
(43, 11, 8, 37, 'system', 'Work Approved', 'Inspector approved your completed work for complaint DG-20260605-64450.', 0, '2026-06-05 02:29:32'),
(44, 12, 8, 37, 'system', 'Work Approved', 'Inspector approved your completed work for complaint DG-20260605-64450.', 0, '2026-06-05 02:29:32'),
(45, 11, 5, 37, 'task_assigned', 'New Task Assigned', 'Complaint #DG-20260605-64450 has been assigned to your team \"team mars rover\". Please review and start work.', 0, '2026-06-05 02:56:08'),
(46, 13, 7, 58, 'task_assigned', 'New Task Assigned', 'Complaint #DG-20260605-81889 has been assigned to your team \"team mongol tori\". Please review and start work.', 0, '2026-06-05 09:57:41'),
(47, 13, 7, 71, 'task_assigned', 'New Task Assigned', 'Complaint #DG-20260605-63522 has been assigned to your team \"team mongol tori\". Please review and start work.', 0, '2026-06-05 09:57:51'),
(48, 13, 7, 26, 'task_assigned', 'New Task Assigned', 'Complaint #DG-20260601-30688 has been assigned to your team \"team mongol tori\". Please review and start work.', 0, '2026-06-05 09:58:04'),
(49, 11, 5, 56, 'task_assigned', 'New Task Assigned', 'Complaint #DG-20260605-40954 has been assigned to your team \"team mars rover\". Please review and start work.', 0, '2026-06-05 09:59:18'),
(50, 14, 6, 72, 'task_assigned', 'New Task Assigned', 'Complaint #DG-20260605-60416 has been assigned to your team \"Team night fighters\". Please review and start work.', 0, '2026-06-05 09:59:52'),
(51, 13, 7, 58, 'system', 'Support Request Replied', 'Ward Officer replied to your support request for DG-20260605-81889', 1, '2026-06-05 10:04:45'),
(52, 13, 9, 71, 'system', 'Review Started', 'Inspector has started reviewing the completion proof you submitted for complaint DG-20260605-63522.', 0, '2026-06-05 10:07:16'),
(54, 13, 9, 26, 'system', 'Review Started', 'Inspector has started reviewing the completion proof you submitted for complaint DG-20260601-30688.', 0, '2026-06-05 10:07:22'),
(56, 13, 9, 71, 'system', 'Work Approved', 'Inspector approved your completed work for complaint DG-20260605-63522.', 0, '2026-06-05 10:08:13'),
(58, 13, 9, 26, 'system', 'False Completion Claim', 'Inspector reported possible false completion for your submitted work on complaint DG-20260601-30688. Ward Officer will review the claim.', 0, '2026-06-05 10:08:32'),
(60, 13, 7, 26, 'system', 'Demerit Issued', 'You received 1 demerit point because the false completion claim for complaint DG-20260601-30688 was confirmed true.', 0, '2026-06-05 10:10:58'),
(61, 14, 10, 72, 'system', 'Review Started', 'Inspector has started reviewing the completion proof you submitted for complaint DG-20260605-60416.', 0, '2026-06-05 10:14:06'),
(62, 14, 10, 72, 'system', 'False Completion Claim', 'Inspector reported possible false completion for your submitted work on complaint DG-20260605-60416. Ward Officer will review the claim.', 0, '2026-06-05 10:14:24'),
(63, 14, 6, 72, 'system', 'Claim Rejected', 'The false completion claim for complaint DG-20260605-60416 against your team was rejected. No penalties were applied.', 0, '2026-06-05 10:15:33'),
(64, 11, 8, 37, 'system', 'Review Started', 'Inspector has started reviewing the completion proof you submitted for complaint DG-20260605-64450.', 0, '2026-06-05 11:50:10'),
(65, 12, 8, 37, 'system', 'Review Started', 'Inspector has started reviewing the completion proof you submitted for complaint DG-20260605-64450.', 0, '2026-06-05 11:50:10'),
(66, 11, 8, 56, 'system', 'Review Started', 'Inspector has started reviewing the completion proof you submitted for complaint DG-20260605-40954.', 1, '2026-06-05 11:50:16'),
(67, 12, 8, 56, 'system', 'Review Started', 'Inspector has started reviewing the completion proof you submitted for complaint DG-20260605-40954.', 0, '2026-06-05 11:50:16'),
(68, 11, 8, 37, 'system', 'Work Approved', 'Inspector approved your completed work for complaint DG-20260605-64450.', 1, '2026-06-05 11:50:21'),
(69, 12, 8, 37, 'system', 'Work Approved', 'Inspector approved your completed work for complaint DG-20260605-64450.', 0, '2026-06-05 11:50:21'),
(70, 11, 8, 56, 'system', 'Work Approved', 'Inspector approved your completed work for complaint DG-20260605-40954.', 1, '2026-06-05 11:50:26'),
(71, 12, 8, 56, 'system', 'Work Approved', 'Inspector approved your completed work for complaint DG-20260605-40954.', 0, '2026-06-05 11:50:26'),
(72, 11, NULL, 56, 'system', 'New Citizen Review', 'Your team received a new citizen review for complaint DG-20260605-40954.', 1, '2026-06-05 11:50:52'),
(74, 11, 5, 64, 'task_assigned', 'New Task Assigned', 'Complaint #DG-20260605-50954 has been assigned to your team \"team mars rover\". Please review and start work.', 0, '2026-06-05 14:22:16'),
(75, 11, 5, 37, 'task_assigned', 'New Task Assigned', 'Complaint #DG-20260605-64450 has been assigned to your team \"team mars rover\". Please review and start work.', 0, '2026-06-05 14:22:28'),
(76, 11, 5, 69, 'system', 'Support Request Replied', 'Ward Officer replied to your support request for DG-20260605-70215', 0, '2026-06-05 14:24:50'),
(77, 11, 5, 69, 'system', 'Support Request Replied', 'Ward Officer replied to your support request for DG-20260605-70215', 0, '2026-06-05 15:47:29'),
(78, 11, 8, 69, 'system', 'Review Started', 'Inspector has started reviewing the completion proof you submitted for complaint DG-20260605-70215.', 0, '2026-06-05 17:45:08'),
(79, 11, 8, 64, 'system', 'Review Started', 'Inspector has started reviewing the completion proof you submitted for complaint DG-20260605-50954.', 0, '2026-06-05 17:45:15'),
(80, 11, 8, 69, 'system', 'False Completion Claim', 'Inspector reported possible false completion for your submitted work on complaint DG-20260605-70215. Ward Officer will review the claim.', 0, '2026-06-05 17:45:38'),
(81, 11, 8, 64, 'system', 'Work Approved', 'Inspector approved your completed work for complaint DG-20260605-50954.', 0, '2026-06-05 17:45:48'),
(82, 11, 5, 69, 'system', 'Demerit Issued', 'You received 1 demerit point because the false completion claim for complaint DG-20260605-70215 was confirmed true.', 0, '2026-06-05 17:54:05'),
(83, 11, NULL, 64, 'system', 'New Citizen Review', 'Your team received a new citizen review for complaint ID:64.', 0, '2026-06-05 18:02:17'),
(84, 11, 17, 86, 'task_assigned', 'New Task Assigned', 'Complaint #DG-20260605-65882 has been assigned to your team \"team mars rover\". Please review and start work.', 1, '2026-06-05 23:31:57'),
(85, 19, 17, 83, 'task_assigned', 'New Task Assigned', 'Complaint #DG-20260605-61171 has been assigned to your team \"Uttara Falcon\". Please review and start work.', 1, '2026-06-05 23:35:38'),
(86, 18, 17, 81, 'task_assigned', 'New Task Assigned', 'Complaint #DG-20260605-44561 has been assigned to your team \"Uttara kings\". Please review and start work.', 1, '2026-06-05 23:35:53'),
(87, 19, 17, 80, 'task_assigned', 'New Task Assigned', 'Complaint #DG-20260605-68188 has been assigned to your team \"Uttara Falcon\". Please review and start work.', 1, '2026-06-05 23:36:05'),
(88, 18, 17, 81, 'ward_reply_support_request', 'Ward Officer Replied to Support Request', 'Ward Officer replied to your support request for complaint DG-20260605-44561. Please check the related complaint.', 1, '2026-06-05 23:53:57'),
(89, 18, 17, 81, 'ward_reply_support_request', 'Ward Officer Replied to Support Request', 'Ward Officer replied to your support request for complaint DG-20260605-44561. Please check the related complaint.', 1, '2026-06-05 23:59:06'),
(90, 19, 17, 79, 'task_assigned', 'New Task Assigned', 'Complaint #DG-20260605-55724 has been assigned to your team \"Uttara Falcon\". Please review and start work.', 1, '2026-06-05 23:59:38'),
(91, 11, 16, 86, 'system', 'Review Started', 'Inspector has started reviewing the completion proof you submitted for complaint DG-20260605-65882.', 1, '2026-06-06 00:39:27'),
(92, 11, 16, 86, 'inspector_work_approved', 'Work Approved by Inspector', 'Inspector approved the completed work for complaint DG-20260605-65882. The complaint is now closed/solved.', 1, '2026-06-06 00:59:14'),
(93, 19, 16, 83, 'inspector_review_started', 'Inspector Review Started', 'Inspector has started reviewing complaint DG-20260605-61171.', 1, '2026-06-06 01:15:59'),
(94, 19, 16, 80, 'inspector_review_started', 'Inspector Review Started', 'Inspector has started reviewing complaint DG-20260605-68188.', 1, '2026-06-06 01:16:06'),
(95, 19, 16, 79, 'inspector_review_started', 'Inspector Review Started', 'Inspector has started reviewing complaint DG-20260605-55724.', 1, '2026-06-06 01:19:50'),
(96, 19, 16, 83, 'inspector_work_approved', 'Work Approved by Inspector', 'Inspector approved the completed work for complaint DG-20260605-61171. The complaint is now closed/solved.', 1, '2026-06-06 01:20:05'),
(97, 19, 16, 80, 'inspector_false_completion_confirmed', 'False Completion Confirmed', 'Inspector confirmed false completion for complaint DG-20260605-68188. The case has been reopened/disputed.', 1, '2026-06-06 01:24:16'),
(98, 19, 16, 79, 'inspector_work_approved', 'Work Approved by Inspector', 'Inspector approved the completed work for complaint DG-20260605-55724. The complaint is now closed/solved.', 0, '2026-06-06 01:24:32'),
(99, 18, 16, 81, 'inspector_review_started', 'Inspector Review Started', 'Inspector has started reviewing complaint DG-20260605-44561.', 0, '2026-06-06 01:34:38'),
(100, 18, 16, 81, 'inspector_false_completion_confirmed', 'False Completion Confirmed', 'Inspector confirmed false completion for complaint DG-20260605-44561. The case has been reopened/disputed.', 0, '2026-06-06 01:35:04'),
(101, 19, 15, 79, 'citizen_feedback_satisfied', 'Citizen Satisfied with Work', 'Citizen marked complaint DG-20260605-55724 as satisfied. Please check the feedback.', 1, '2026-06-06 02:05:46'),
(102, 19, 15, 83, 'citizen_objection_submitted', 'Citizen Submitted Objection', 'Citizen submitted an objection for complaint DG-20260605-61171. Please review the objection details.', 1, '2026-06-06 02:06:13'),
(103, 11, 15, 86, 'citizen_feedback_satisfied', 'Citizen Satisfied with Work', 'Citizen marked complaint DG-20260605-65882 as satisfied. Please check the feedback.', 0, '2026-06-06 02:09:17'),
(104, 18, 17, 81, 'ward_confirm_inspector_claim', 'Inspector Claim Confirmed by Ward Officer', 'Ward Officer confirmed the inspector claim for complaint DG-20260605-44561. You received 1 demerit. Complaint is reopened.', 0, '2026-06-06 02:52:22'),
(105, 19, 17, 80, 'ward_reject_inspector_claim', 'Inspector Claim Rejected by Ward Officer', 'Ward Officer rejected the false completion claim for complaint DG-20260605-68188. No penalties were applied to your team.', 0, '2026-06-06 02:52:29'),
(106, 25, 24, 96, 'task_assigned', 'New Task Assigned', 'Complaint #DG-20260606-41196 has been assigned to your team \"Mohammadpur Drain Maintenance Unit\". Please review and start work.', 0, '2026-06-06 09:25:17'),
(107, 25, 24, 90, 'task_assigned', 'New Task Assigned', 'Complaint #DG-20260606-19649 has been assigned to your team \"Mohammadpur Drain Maintenance Unit\". Please review and start work.', 0, '2026-06-06 09:25:39'),
(108, 25, 24, 88, 'task_assigned', 'New Task Assigned', 'Complaint #DG-20260606-76261 has been assigned to your team \"Mohammadpur Drain Maintenance Unit\". Please review and start work.', 1, '2026-06-06 09:25:50'),
(109, 26, 24, 87, 'task_assigned', 'New Task Assigned', 'Complaint #DG-20260606-63863 has been assigned to your team \"Mohammadpur Drainage Response Team\". Please review and start work.', 1, '2026-06-06 09:26:05'),
(110, 26, 24, 93, 'task_assigned', 'New Task Assigned', 'Complaint #DG-20260606-15711 has been assigned to your team \"Mohammadpur Drainage Response Team\". Please review and start work.', 1, '2026-06-06 09:26:15'),
(111, 25, 24, 88, 'ward_reply_support_request', 'Ward Officer Replied to Support Request', 'Ward Officer replied to your support request for complaint DG-20260606-76261. Please check the related complaint.', 1, '2026-06-06 09:31:18'),
(112, 25, 24, 90, 'ward_reply_support_request', 'Ward Officer Replied to Support Request', 'Ward Officer replied to your support request for complaint DG-20260606-19649. Please check the related complaint.', 1, '2026-06-06 09:37:33'),
(113, 26, 23, 87, 'inspector_review_started', 'Inspector Review Started', 'Inspector has started reviewing complaint DG-20260606-63863.', 1, '2026-06-06 09:41:20'),
(114, 25, 23, 96, 'inspector_review_started', 'Inspector Review Started', 'Inspector has started reviewing complaint DG-20260606-41196.', 0, '2026-06-06 09:41:33'),
(115, 25, 23, 88, 'inspector_review_started', 'Inspector Review Started', 'Inspector has started reviewing complaint DG-20260606-76261.', 1, '2026-06-06 09:41:46'),
(116, 26, 23, 87, 'inspector_work_approved', 'Work Approved by Inspector', 'Inspector approved the completed work for complaint DG-20260606-63863. The complaint is now closed/solved.', 1, '2026-06-06 09:43:32'),
(117, 25, 23, 96, 'inspector_work_approved', 'Work Approved by Inspector', 'Inspector approved the completed work for complaint DG-20260606-41196. The complaint is now closed/solved.', 1, '2026-06-06 09:43:39'),
(118, 25, 23, 88, 'inspector_false_completion_confirmed', 'False Completion Confirmed', 'Inspector confirmed false completion for complaint DG-20260606-76261. The case has been reopened/disputed.', 1, '2026-06-06 09:43:51'),
(119, 25, 23, 90, 'inspector_review_started', 'Inspector Review Started', 'Inspector has started reviewing complaint DG-20260606-19649.', 0, '2026-06-06 09:47:03'),
(120, 25, 23, 90, 'inspector_false_completion_confirmed', 'False Completion Confirmed', 'Inspector confirmed false completion for complaint DG-20260606-19649. The case has been reopened/disputed.', 0, '2026-06-06 09:47:19'),
(121, 25, 21, 96, 'citizen_feedback_satisfied', 'Citizen Satisfied with Work', 'Citizen marked complaint DG-20260606-41196 as satisfied. Please check the feedback.', 1, '2026-06-06 09:48:12'),
(122, 26, 21, 87, 'citizen_objection_submitted', 'Citizen Submitted Objection', 'Citizen submitted an objection for complaint DG-20260606-63863. Please review the objection details.', 1, '2026-06-06 09:48:25'),
(123, 25, 24, 90, 'ward_confirm_inspector_claim', 'Inspector Claim Confirmed by Ward Officer', 'Ward Officer confirmed the inspector claim for complaint DG-20260606-19649. You received 1 demerit. Complaint is reopened.', 0, '2026-06-06 09:49:18'),
(124, 25, 24, 88, 'ward_reject_inspector_claim', 'Inspector Claim Rejected by Ward Officer', 'Ward Officer rejected the false completion claim for complaint DG-20260606-76261. No penalties were applied to your team.', 0, '2026-06-06 09:49:29'),
(125, 25, 21, 88, 'citizen_objection_submitted', 'Citizen Submitted Objection', 'Citizen submitted an objection for complaint DG-20260606-76261. Please review the objection details.', 0, '2026-06-06 09:50:37'),
(126, 31, 30, 99, 'task_assigned', 'New Task Assigned', 'Complaint #DG-20260606-56475 has been assigned to your team \"Emergency Cleaning Unit\". Please review and start work.', 1, '2026-06-06 22:50:03'),
(127, 31, 30, 99, 'ward_reply_support_request', 'Ward Officer Replied to Support Request', 'Ward Officer replied to your support request for complaint DG-20260606-56475. Please check the related complaint.', 0, '2026-06-06 22:55:36'),
(128, 31, 30, 102, 'task_assigned', 'New Task Assigned', 'Complaint #DG-20260606-41105 has been assigned to your team \"Emergency Cleaning Unit\". Please review and start work.', 0, '2026-06-06 22:56:10'),
(129, 31, 30, 100, 'task_assigned', 'New Task Assigned', 'Complaint #DG-20260606-34119 has been assigned to your team \"Emergency Cleaning Unit\". Please review and start work.', 0, '2026-06-06 22:56:21'),
(130, 32, 30, 98, 'task_assigned', 'New Task Assigned', 'Complaint #DG-20260606-21337 has been assigned to your team \"Rapid Drainage Team\". Please review and start work.', 0, '2026-06-06 22:56:47'),
(131, 32, 30, 105, 'task_assigned', 'New Task Assigned', 'Complaint #DG-20260606-59215 has been assigned to your team \"Rapid Drainage Team\". Please review and start work.', 0, '2026-06-06 22:56:58'),
(132, 32, 30, 101, 'task_assigned', 'New Task Assigned', 'Complaint #DG-20260606-38440 has been assigned to your team \"Rapid Drainage Team\". Please review and start work.', 0, '2026-06-06 22:57:09'),
(133, 31, 30, 99, 'ward_reply_support_request', 'Ward Officer Replied to Support Request', 'Ward Officer replied to your support request for complaint DG-20260606-56475. Please check the related complaint.', 0, '2026-06-06 22:58:25'),
(134, 31, 29, 99, 'inspector_review_started', 'Inspector Review Started', 'Inspector has started reviewing complaint DG-20260606-56475.', 0, '2026-06-06 23:04:09'),
(135, 31, 29, 102, 'inspector_review_started', 'Inspector Review Started', 'Inspector has started reviewing complaint DG-20260606-41105.', 0, '2026-06-06 23:04:25'),
(136, 31, 29, 100, 'inspector_review_started', 'Inspector Review Started', 'Inspector has started reviewing complaint DG-20260606-34119.', 1, '2026-06-06 23:04:50'),
(137, 31, 29, 99, 'inspector_work_approved', 'Work Approved by Inspector', 'Inspector approved the completed work for complaint DG-20260606-56475. The complaint is now closed/solved.', 0, '2026-06-06 23:07:05'),
(138, 31, 29, 102, 'inspector_false_completion_confirmed', 'False Completion Confirmed', 'Inspector confirmed false completion for complaint DG-20260606-41105. The case has been reopened/disputed.', 0, '2026-06-06 23:07:17'),
(139, 31, 29, 100, 'inspector_work_approved', 'Work Approved by Inspector', 'Inspector approved the completed work for complaint DG-20260606-34119. The complaint is now closed/solved.', 0, '2026-06-06 23:09:21'),
(140, 31, 27, 100, 'citizen_feedback_satisfied', 'Citizen Satisfied with Work', 'Citizen marked complaint DG-20260606-34119 as satisfied. Please check the feedback.', 0, '2026-06-06 23:10:25'),
(141, 31, 27, 99, 'citizen_objection_submitted', 'Citizen Submitted Objection', 'Citizen submitted an objection for complaint DG-20260606-56475. Please review the objection details.', 0, '2026-06-06 23:10:54'),
(142, 32, 29, 98, 'inspector_review_started', 'Inspector Review Started', 'Inspector has started reviewing complaint DG-20260606-21337.', 0, '2026-06-06 23:15:31'),
(143, 32, 29, 101, 'inspector_review_started', 'Inspector Review Started', 'Inspector has started reviewing complaint DG-20260606-38440.', 0, '2026-06-06 23:15:36'),
(144, 32, 29, 98, 'inspector_false_completion_confirmed', 'False Completion Confirmed', 'Inspector confirmed false completion for complaint DG-20260606-21337. The case has been reopened/disputed.', 0, '2026-06-06 23:15:46'),
(145, 32, 29, 101, 'inspector_work_approved', 'Work Approved by Inspector', 'Inspector approved the completed work for complaint DG-20260606-38440. The complaint is now closed/solved.', 0, '2026-06-06 23:15:51'),
(146, 32, 30, 98, 'ward_confirm_inspector_claim', 'Inspector Claim Confirmed by Ward Officer', 'Ward Officer confirmed the inspector claim for complaint DG-20260606-21337. You received 1 demerit. Complaint is reopened.', 1, '2026-06-06 23:20:09'),
(147, 31, 30, 102, 'ward_reject_inspector_claim', 'Inspector Claim Rejected by Ward Officer', 'Ward Officer rejected the false completion claim for complaint DG-20260606-41105. No penalties were applied to your team.', 0, '2026-06-06 23:20:31'),
(148, 31, 27, 102, 'citizen_objection_submitted', 'Citizen Submitted Objection', 'Citizen submitted an objection for complaint DG-20260606-41105. Please review the objection details.', 0, '2026-06-06 23:21:28'),
(152, 32, 30, 105, 'ward_team_transfer_removed', 'Task Transferred Away', 'Complaint #DG-20260606-59215 was transferred to another maintenance team by Ward Officer. Your team can no longer update or upload proof for this task.', 1, '2026-06-07 19:00:50'),
(153, 31, 30, 105, 'ward_in_progress_team_transfer', 'In-Progress Task Transferred', 'Complaint #DG-20260606-59215 has been transferred to your team while in progress. Please continue the work and follow the Ward Officer instruction. Reason: amar icca Instruction: sddfdsg', 0, '2026-06-07 19:00:50'),
(154, 31, 30, 102, 'task_assigned', 'New Task Assigned', 'Complaint #DG-20260606-41105 has been assigned to your team \"Emergency Cleaning Unit\". Please review and start work.', 0, '2026-06-07 19:01:58'),
(155, 31, 30, 102, 'ward_team_reassign_removed', 'Task Reassigned Away', 'Complaint #DG-20260606-41105 was reassigned by Ward Officer before work started. Your team is no longer responsible for this complaint.', 0, '2026-06-07 19:02:08'),
(156, 32, 30, 102, 'ward_team_reassigned', 'Task Assigned to Your Team', 'Complaint #DG-20260606-41105 has been assigned to your team. Please review the Ward Officer instruction and start work. Reason: fghfgh Instruction: fghfggf', 1, '2026-06-07 19:02:08'),
(158, 31, 30, 98, 'task_assigned', 'New Task Assigned', 'Complaint #DG-20260606-21337 has been assigned to your team \"Emergency Cleaning Unit\". Please review and start work.', 0, '2026-06-07 19:12:47'),
(159, 31, 30, NULL, 'ward_team_instruction', 'Ward Officer Instruction', 'Verify New Complaint: Please review the new complaint details and verify the field condition as soon as possible.', 1, '2026-06-07 19:12:55'),
(160, 32, 30, NULL, 'ward_team_instruction', 'Ward Officer Instruction', 'Verify New Complaint: Please review the new complaint details and verify the field condition as soon as possible.', 1, '2026-06-07 19:14:17'),
(161, 32, 30, 102, 'ward_team_reassign_removed', 'Task Reassigned Away', 'Complaint #DG-20260606-41105 was reassigned by Ward Officer before work started. Your team is no longer responsible for this complaint.', 1, '2026-06-07 19:14:31'),
(162, 31, 30, 102, 'ward_team_reassigned', 'Task Assigned to Your Team', 'Complaint #DG-20260606-41105 has been assigned to your team. Please review the Ward Officer instruction and start work. Reason: sadsdasd Instruction: asasdsad', 1, '2026-06-07 19:14:31'),
(163, 32, 30, NULL, 'ward_team_instruction', 'Ward Officer Instruction', 'Verify New Complaint: Please review the new complaint details and verify the field condition as soon as possible.', 1, '2026-06-07 19:14:44'),
(164, 31, 30, 102, 'ward_team_transfer_removed', 'Task Transferred Away', 'Complaint #DG-20260606-41105 was transferred to another maintenance team by Ward Officer. Your team can no longer update or upload proof for this task.', 1, '2026-06-07 19:16:59'),
(165, 32, 30, 102, 'ward_in_progress_team_transfer', 'In-Progress Task Transferred', 'Complaint #DG-20260606-41105 has been transferred to your team while in progress. Please continue the work and follow the Ward Officer instruction. Reason: hfgh Instruction: ghhgf', 1, '2026-06-07 19:16:59'),
(166, 31, 30, 98, 'ward_team_reassign_removed', 'Task Reassigned Away', 'This task has been reassigned by the Ward Officer. Your team is no longer responsible for this complaint.', 1, '2026-06-07 22:01:07'),
(167, 32, 30, 98, 'ward_team_reassigned', 'Task Reassigned to Your Team', 'A task has been reassigned to your team by the Ward Officer. Please check Assigned Tasks and start work.', 1, '2026-06-07 22:01:07'),
(168, 11, 5, 69, 'task_assigned', 'New Task Assigned', 'Complaint #DG-20260605-70215 has been assigned to your team \"team mars rover\". Please review and start work.', 1, '2026-06-08 00:46:57'),
(169, 11, 5, 108, 'task_assigned', 'New Task Assigned', 'Complaint #DG-20260608-52779 has been assigned to your team \"team mars rover\". Please review and start work.', 1, '2026-06-08 09:35:34'),
(170, 37, 36, NULL, 'ward_team_instruction', 'Ward Officer Instruction', 'Verify New Complaint: Please review the new complaint details and verify the field condition as soon as possible.', 1, '2026-06-08 12:47:52'),
(171, 39, 36, NULL, 'ward_team_instruction', 'Ward Officer Instruction', 'Verify New Complaint: Please review the new complaint details and verify the field condition as soon as possible.', 0, '2026-06-08 12:47:52'),
(173, 37, 36, 117, 'ward_reply_support_request', 'Ward Officer Replied to Support Request', 'Ward Officer replied to your support request for complaint DG-20260608-54305. Please check the related complaint.', 1, '2026-06-08 12:50:08'),
(174, 37, 36, 117, 'ward_team_reassign_removed', 'Task Reassigned Away', 'This task has been reassigned by the Ward Officer. Your team is no longer responsible for this complaint.', 1, '2026-06-08 12:51:18'),
(175, 39, 36, 117, 'ward_team_reassign_removed', 'Task Reassigned Away', 'This task has been reassigned by the Ward Officer. Your team is no longer responsible for this complaint.', 0, '2026-06-08 12:51:18'),
(176, 38, 36, 117, 'ward_team_reassigned', 'Task Reassigned to Your Team', 'A task has been reassigned to your team by the Ward Officer. Please check Assigned Tasks and start work.', 1, '2026-06-08 12:51:18'),
(177, 38, 36, 117, 'ward_team_reassign_removed', 'Task Reassigned Away', 'This task has been reassigned by the Ward Officer. Your team is no longer responsible for this complaint.', 1, '2026-06-08 12:53:14'),
(184, 37, 36, 115, 'ward_reply_support_request', 'Ward Officer Replied to Support Request', 'Ward Officer replied to your support request for complaint DG-20260608-63720. Please check the related complaint.', 1, '2026-06-08 13:00:10'),
(193, 38, 35, 110, 'inspector_work_approved', 'Work Approved by Inspector', 'Inspector approved the completed work for complaint DG-20260608-34853. The complaint is now closed/solved.', 1, '2026-06-08 13:05:20'),
(194, 38, 35, 116, 'inspector_work_approved', 'Work Approved by Inspector', 'Inspector approved the completed work for complaint DG-20260608-95690. The complaint is now closed/solved.', 1, '2026-06-08 13:05:26'),
(195, 37, 35, 117, 'inspector_false_completion_confirmed', 'False Completion Confirmed', 'Inspector confirmed false completion for complaint DG-20260608-54305. The case has been reopened/disputed.', 1, '2026-06-08 13:05:49'),
(196, 39, 35, 117, 'inspector_false_completion_confirmed', 'False Completion Confirmed', 'Inspector confirmed false completion for complaint DG-20260608-54305. The case has been reopened/disputed.', 0, '2026-06-08 13:05:49'),
(198, 39, 35, 112, 'inspector_false_completion_confirmed', 'False Completion Confirmed', 'Inspector confirmed false completion for complaint DG-20260608-30312. The case has been reopened/disputed.', 0, '2026-06-08 13:06:02'),
(199, 38, 33, 116, 'citizen_objection_submitted', 'Citizen Submitted Objection', 'Citizen submitted an objection for complaint DG-20260608-95690. Please review the objection details.', 1, '2026-06-08 13:07:27'),
(200, 38, 33, 110, 'citizen_feedback_satisfied', 'Citizen Satisfied with Work', 'Citizen marked complaint DG-20260608-34853 as satisfied. Please check the feedback.', 1, '2026-06-08 13:07:40'),
(201, 37, 35, 115, 'inspector_work_approved', 'Work Approved by Inspector', 'Inspector approved the completed work for complaint DG-20260608-63720. The complaint is now closed/solved.', 1, '2026-06-08 13:08:57'),
(202, 39, 35, 115, 'inspector_work_approved', 'Work Approved by Inspector', 'Inspector approved the completed work for complaint DG-20260608-63720. The complaint is now closed/solved.', 0, '2026-06-08 13:08:57'),
(203, 37, 33, 115, 'citizen_objection_submitted', 'Citizen Submitted Objection', 'Citizen submitted an objection for complaint DG-20260608-63720. Please review the objection details.', 1, '2026-06-08 13:09:23'),
(204, 37, 36, 112, 'ward_confirm_inspector_claim', 'Inspector Claim Confirmed by Ward Officer', 'Ward Officer confirmed the inspector claim for complaint DG-20260608-30312. You received 1 demerit. Complaint is reopened.', 0, '2026-06-08 13:14:09'),
(205, 39, 36, 112, 'ward_confirm_inspector_claim', 'Inspector Claim Confirmed by Ward Officer', 'Ward Officer confirmed the inspector claim for complaint DG-20260608-30312. A warning has been issued to your team.', 0, '2026-06-08 13:14:09'),
(206, 37, 36, 117, 'ward_reject_inspector_claim', 'Inspector Claim Rejected by Ward Officer', 'Ward Officer rejected the false completion claim for complaint DG-20260608-54305. No penalties were applied to your team.', 0, '2026-06-08 13:14:15'),
(207, 39, 36, 117, 'ward_reject_inspector_claim', 'Inspector Claim Rejected by Ward Officer', 'Inspector claim rejected for complaint DG-20260608-54305. Your completion is accepted. Check Task History.', 0, '2026-06-08 13:14:15'),
(208, 37, 36, 112, 'task_assigned', 'New Task Assigned', 'Complaint #DG-20260608-30312 has been assigned to your team \"Drain Response Team Bravo\". Please review and start work.', 0, '2026-06-08 13:40:07');

-- --------------------------------------------------------

--
-- Table structure for table `maintenance_proofs`
--

CREATE TABLE `maintenance_proofs` (
  `proof_id` int(11) NOT NULL,
  `assignment_id` int(11) NOT NULL,
  `complaint_id` int(11) NOT NULL,
  `maintenance_team_id` int(11) NOT NULL,
  `uploaded_by` int(11) DEFAULT NULL,
  `proof_stage` enum('before','after') NOT NULL DEFAULT 'after',
  `media_type` enum('image','video') NOT NULL DEFAULT 'image',
  `media_path` varchar(255) NOT NULL,
  `original_name` varchar(255) DEFAULT NULL,
  `file_size` int(11) DEFAULT NULL,
  `mime_type` varchar(100) DEFAULT NULL,
  `proof_note` text DEFAULT NULL,
  `proof_status` enum('submitted','accepted','rejected') NOT NULL DEFAULT 'submitted',
  `uploaded_at` datetime NOT NULL DEFAULT current_timestamp()
) ENGINE=InnoDB DEFAULT CHARSET=utf8mb4 COLLATE=utf8mb4_general_ci;

--
-- Dumping data for table `maintenance_proofs`
--

INSERT INTO `maintenance_proofs` (`proof_id`, `assignment_id`, `complaint_id`, `maintenance_team_id`, `uploaded_by`, `proof_stage`, `media_type`, `media_path`, `original_name`, `file_size`, `mime_type`, `proof_note`, `proof_status`, `uploaded_at`) VALUES
(1, 23, 25, 14, 11, 'after', 'image', 'assets/uploads/maintenance_proofs/proof_23_1780586869_268c582afa.png', 'Screenshot 2026-06-04 212652.png', 402339, 'image/png', 'complete', 'accepted', '2026-06-04 21:27:49'),
(3, 22, 32, 15, 13, 'after', 'image', 'assets/uploads/maintenance_proofs/proof_22_1780597434_46c016b739.png', 'Screenshot 2026-06-04 212652.png', 402339, 'image/png', 'completely ok', 'submitted', '2026-06-05 00:23:54'),
(5, 29, 37, 14, 11, 'after', 'image', 'assets/uploads/maintenance_proofs/proof_29_1780604648_6f5cc27b35.png', 'Screenshot 2026-06-03 204603.png', 207439, 'image/png', 'fine', 'rejected', '2026-06-05 02:24:08'),
(6, 29, 37, 14, 11, 'after', 'image', 'assets/uploads/maintenance_proofs/proof_29_1780604945_c08b968739.png', 'Screenshot 2026-06-03 204722.png', 109471, 'image/png', 'rfdfg', 'rejected', '2026-06-05 02:29:05'),
(7, 37, 26, 15, 13, 'after', 'image', 'assets/uploads/maintenance_proofs/proof_37_1780632376_34d86e4c1d.png', 'Screenshot 2026-06-03 204722.png', 109471, 'image/png', 'complete', 'rejected', '2026-06-05 10:06:16'),
(8, 33, 71, 15, 13, 'after', 'image', 'assets/uploads/maintenance_proofs/proof_33_1780632389_8e20d3ce5e.png', 'Screenshot 2026-06-03 215008.png', 40369, 'image/png', 'complete', 'accepted', '2026-06-05 10:06:29'),
(9, 30, 58, 15, 13, 'after', 'image', 'assets/uploads/maintenance_proofs/proof_30_1780632755_5949e63b85.png', 'Screenshot 2026-06-03 215008.png', 40369, 'image/png', 'proof is submitted', 'submitted', '2026-06-05 10:12:35'),
(10, 32, 72, 16, 14, 'after', 'image', 'assets/uploads/maintenance_proofs/proof_32_1780632825_6d0de413ec.png', 'Screenshot 2026-06-03 230925.png', 286897, 'image/png', 'submitted by team', 'accepted', '2026-06-05 10:13:45'),
(11, 31, 56, 14, 11, 'after', 'image', 'assets/uploads/maintenance_proofs/proof_31_1780638567_291b92c09a.png', 'Screenshot 2026-06-03 204603.png', 207439, 'image/png', 'complete', 'accepted', '2026-06-05 11:49:27'),
(12, 29, 37, 14, 11, 'after', 'image', 'assets/uploads/maintenance_proofs/proof_29_1780638584_ef06b9154e.png', 'Screenshot 2026-06-04 022444.png', 344922, 'image/png', 'ok', 'rejected', '2026-06-05 11:49:44'),
(13, 41, 64, 14, 11, 'after', 'image', 'assets/uploads/maintenance_proofs/proof_41_1780659849_de969abaa7.jpg', '🛫Towards moonlight 🌙 4k dark wallpaper - Copy.jpg', 63883, 'image/jpeg', 'complete', 'accepted', '2026-06-05 17:44:09'),
(14, 40, 69, 14, 11, 'after', 'image', 'assets/uploads/maintenance_proofs/proof_40_1780659871_9aa931ab75.jpg', 'download.jpg', 98800, 'image/jpeg', 'work done', 'rejected', '2026-06-05 17:44:31'),
(15, 44, 86, 14, 11, 'after', 'image', 'assets/uploads/maintenance_proofs/proof_44_1780684335_7d44d1e3a6.jpeg', 'WhatsApp Image 2026-06-05 at 8.10.14 PM.jpeg', 880474, 'image/jpeg', 'completed', 'accepted', '2026-06-06 00:32:15'),
(16, 51, 79, 18, 19, 'after', 'image', 'assets/uploads/maintenance_proofs/proof_51_1780686539_5451ead9c3.jpeg', 'WhatsApp Image 2026-06-05 at 8.10.08 PM (1).jpeg', 63150, 'image/jpeg', 'ereer', 'accepted', '2026-06-06 01:08:59'),
(17, 49, 80, 18, 19, 'after', 'image', 'assets/uploads/maintenance_proofs/proof_49_1780686565_c75dd3af27.jpeg', 'WhatsApp Image 2026-06-05 at 8.10.00 PM (1).jpeg', 267507, 'image/jpeg', 'eertreert', 'accepted', '2026-06-06 01:09:25'),
(18, 45, 83, 18, 19, 'after', 'image', 'assets/uploads/maintenance_proofs/proof_45_1780686575_760817af4e.jpeg', 'WhatsApp Image 2026-06-05 at 8.10.04 PM.jpeg', 124541, 'image/jpeg', 'rtrterert', 'rejected', '2026-06-06 01:09:35'),
(19, 48, 81, 17, 18, 'after', 'image', 'assets/uploads/maintenance_proofs/proof_48_1780688064_0df122150a.jpeg', 'WhatsApp Image 2026-06-05 at 8.10.10 PM.jpeg', 203096, 'image/jpeg', 'complete my work', 'rejected', '2026-06-06 01:34:24'),
(20, 56, 90, 20, 25, 'after', 'image', 'assets/uploads/maintenance_proofs/proof_56_1780717107_71155ab014.jpeg', 'WhatsApp Image 2026-06-05 at 8.10.14 PM.jpeg', 880474, 'image/jpeg', 'complete', 'rejected', '2026-06-06 09:38:27'),
(21, 58, 88, 20, 25, 'after', 'image', 'assets/uploads/maintenance_proofs/proof_58_1780717125_6831b37da8.jpeg', 'WhatsApp Image 2026-06-05 at 8.10.17 PM.jpeg', 994354, 'image/jpeg', 'complete kra hoyece', 'rejected', '2026-06-06 09:38:45'),
(22, 52, 96, 20, 25, 'after', 'image', 'assets/uploads/maintenance_proofs/proof_52_1780717136_46c8d1b93f.jpeg', 'WhatsApp Image 2026-06-05 at 8.10.17 PM (1).jpeg', 417267, 'image/jpeg', 'dfdfdfdfdfs', 'accepted', '2026-06-06 09:38:56'),
(23, 59, 87, 19, 26, 'after', 'image', 'assets/uploads/maintenance_proofs/proof_59_1780717253_5144cf625c.jpeg', 'WhatsApp Image 2026-06-05 at 8.10.04 PM.jpeg', 124541, 'image/jpeg', 'sddasasda', 'accepted', '2026-06-06 09:40:53'),
(24, 70, 100, 22, 31, 'after', 'image', 'assets/uploads/maintenance_proofs/proof_70_1780765250_8a077e8a71.jpeg', 'WhatsApp Image 2026-06-05 at 8.10.10 PM.jpeg', 203096, 'image/jpeg', 'work complete', 'accepted', '2026-06-06 23:00:51'),
(25, 69, 102, 22, 31, 'after', 'image', 'assets/uploads/maintenance_proofs/proof_69_1780765402_f08184c83a.jpeg', 'WhatsApp Image 2026-06-05 at 8.10.04 PM.jpeg', 124541, 'image/jpeg', 'gghfhgdfh', 'rejected', '2026-06-06 23:03:22'),
(26, 65, 99, 22, 31, 'after', 'image', 'assets/uploads/maintenance_proofs/proof_65_1780765412_e0264de993.jpeg', 'WhatsApp Image 2026-06-05 at 8.10.16 PM (2).jpeg', 966435, 'image/jpeg', 'ffgfdfd', 'accepted', '2026-06-06 23:03:32'),
(27, 73, 101, 21, 32, 'after', 'image', 'assets/uploads/maintenance_proofs/proof_73_1780766099_8e0ed0dcc3.jpeg', 'WhatsApp Image 2026-06-05 at 8.10.08 PM.jpeg', 182827, 'image/jpeg', 'fds', 'accepted', '2026-06-06 23:14:59'),
(28, 71, 98, 21, 32, 'after', 'image', 'assets/uploads/maintenance_proofs/proof_71_1780766110_1f11804d30.jpeg', 'WhatsApp Image 2026-06-05 at 8.10.17 PM.jpeg', 994354, 'image/jpeg', 'dfsdsfds', 'rejected', '2026-06-06 23:15:10'),
(29, 74, 108, 14, 11, 'after', 'image', 'assets/uploads/maintenance_proofs/proof_74_1780889969_4dcc8dcdcd.jpeg', 'WhatsApp Image 2026-06-05 at 8.09.57 PM.jpeg', 158100, 'image/jpeg', 'dssdlfsd', 'submitted', '2026-06-08 09:39:29'),
(30, 40, 69, 14, 11, 'after', 'image', 'assets/uploads/maintenance_proofs/proof_40_1780890242_b12d17fad1.jpeg', 'WhatsApp Image 2026-06-05 at 8.10.17 PM.jpeg', 994354, 'image/jpeg', 'work completed', 'submitted', '2026-06-08 09:44:02'),
(31, 81, 115, 23, 37, 'after', 'image', 'assets/uploads/maintenance_proofs/proof_81_1780902074_111e02be10.jpeg', 'WhatsApp Image 2026-06-05 at 8.09.57 PM.jpeg', 158100, 'image/jpeg', 'kre felci', 'rejected', '2026-06-08 13:01:14'),
(32, 79, 112, 23, 37, 'after', 'image', 'assets/uploads/maintenance_proofs/proof_79_1780902096_c920f0b323.jpeg', 'WhatsApp Image 2026-06-05 at 8.10.00 PM (1).jpeg', 267507, 'image/jpeg', 'kre felbo', 'rejected', '2026-06-08 13:01:36'),
(33, 76, 117, 23, 37, 'after', 'image', 'assets/uploads/maintenance_proofs/proof_76_1780902108_9ad9ac50f6.jpeg', 'WhatsApp Image 2026-06-05 at 8.10.16 PM (1).jpeg', 759372, 'image/jpeg', 'ok boss', 'accepted', '2026-06-08 13:01:48'),
(34, 80, 116, 24, 38, 'after', 'image', 'assets/uploads/maintenance_proofs/proof_80_1780902215_9bce0ec4e4.jpeg', 'WhatsApp Image 2026-06-05 at 8.10.15 PM (1).jpeg', 464209, 'image/jpeg', 'ok', 'accepted', '2026-06-08 13:03:35'),
(35, 82, 110, 24, 38, 'after', 'image', 'assets/uploads/maintenance_proofs/proof_82_1780902223_04261f7b8c.jpeg', 'WhatsApp Image 2026-06-05 at 8.10.00 PM.jpeg', 122580, 'image/jpeg', 'ij', 'accepted', '2026-06-08 13:03:43');

-- --------------------------------------------------------

--
-- Table structure for table `maintenance_support_requests`
--

CREATE TABLE `maintenance_support_requests` (
  `support_request_id` int(11) NOT NULL,
  `assignment_id` int(11) NOT NULL,
  `complaint_id` int(11) NOT NULL,
  `maintenance_team_id` int(11) NOT NULL,
  `requested_by` int(11) DEFAULT NULL,
  `ward_officer_user_id` int(11) NOT NULL,
  `support_reason` enum('equipment_needed','extra_manpower_needed','location_access_problem','complaint_info_unclear','safety_risk','large_work_scope','others') NOT NULL,
  `other_reason` varchar(255) DEFAULT NULL,
  `support_details` text DEFAULT NULL,
  `support_message` varchar(255) NOT NULL,
  `request_status` enum('pending','seen','replied','resolved','rejected') NOT NULL DEFAULT 'pending',
  `ward_reply` text DEFAULT NULL,
  `replied_at` datetime DEFAULT NULL,
  `requested_at` datetime NOT NULL DEFAULT current_timestamp()
) ENGINE=InnoDB DEFAULT CHARSET=utf8mb4 COLLATE=utf8mb4_general_ci;

--
-- Dumping data for table `maintenance_support_requests`
--

INSERT INTO `maintenance_support_requests` (`support_request_id`, `assignment_id`, `complaint_id`, `maintenance_team_id`, `requested_by`, `ward_officer_user_id`, `support_reason`, `other_reason`, `support_details`, `support_message`, `request_status`, `ward_reply`, `replied_at`, `requested_at`) VALUES
(4, 23, 25, 14, 11, 5, 'equipment_needed', '', 'equipment lagbe karon onk kajjAXLdmdoopMdaJ<d', 'Equipment Needed requested for DG-20260601-66917', 'replied', 'hhjgjh', '2026-06-04 20:28:54', '2026-06-04 20:15:37'),
(5, 23, 25, 14, 11, 5, 'equipment_needed', '', 'sefrdnjtfh', 'Equipment Needed requested for DG-20260601-66917', 'replied', 'dffddfd', '2026-06-04 20:28:18', '2026-06-04 20:18:39'),
(6, 23, 25, 14, 11, 5, 'location_access_problem', '', 'yuyrterret', 'Location / Access Problem requested for DG-20260601-66917', 'replied', 'dfdfsdfsdf', '2026-06-04 20:35:51', '2026-06-04 20:35:24'),
(7, 23, 25, 14, 11, 5, 'large_work_scope', '', '566756', 'Large Work Scope requested for DG-20260601-66917', 'replied', 'asersdfsdf', '2026-06-04 20:47:05', '2026-06-04 20:42:16'),
(10, 30, 58, 15, 13, 7, 'complaint_info_unclear', '', 'gguijj', 'Complaint Info Unclear requested for DG-20260605-81889', 'replied', 'dfyughgjkjkjkj', '2026-06-05 10:04:45', '2026-06-05 10:01:28'),
(11, 30, 58, 15, 13, 7, 'extra_manpower_needed', '', '9099', 'Extra Manpower Needed requested for DG-20260605-81889', 'pending', NULL, NULL, '2026-06-05 10:05:38'),
(12, 40, 69, 14, 11, 5, 'extra_manpower_needed', '', 'ggfg', 'Extra Manpower Needed requested for DG-20260605-70215', 'replied', 'dfdfdf', '2026-06-05 14:24:50', '2026-06-05 14:24:23'),
(13, 40, 69, 14, 11, 5, 'safety_risk', '', 'sdsdsds', 'Safety Risk requested for DG-20260605-70215', 'replied', 'ffg', '2026-06-05 15:47:29', '2026-06-05 14:25:40'),
(14, 48, 81, 17, 18, 17, 'equipment_needed', '', 'ewewweewwe', 'Equipment Needed requested for DG-20260605-44561', 'pending', NULL, NULL, '2026-06-05 23:38:09'),
(15, 48, 81, 17, 18, 17, 'equipment_needed', '', 'ewewweewwe', 'Equipment Needed requested for DG-20260605-44561', 'pending', NULL, NULL, '2026-06-05 23:38:10'),
(16, 48, 81, 17, 18, 17, 'equipment_needed', '', 'ewewweewwedfggtffh', 'Equipment Needed requested for DG-20260605-44561', 'pending', NULL, NULL, '2026-06-05 23:38:14'),
(17, 48, 81, 17, 18, 17, 'equipment_needed', '', 'ewewweewwedfggtffh', 'Equipment Needed requested for DG-20260605-44561', 'pending', NULL, NULL, '2026-06-05 23:38:15'),
(18, 48, 81, 17, 18, 17, 'equipment_needed', '', 'ewewweewwedfggtffh', 'Equipment Needed requested for DG-20260605-44561', 'pending', NULL, NULL, '2026-06-05 23:38:16'),
(19, 48, 81, 17, 18, 17, 'equipment_needed', '', 'ewewweewwedfggtffh', 'Equipment Needed requested for DG-20260605-44561', 'pending', NULL, NULL, '2026-06-05 23:38:16'),
(20, 29, 37, 14, 11, 5, 'equipment_needed', '', 'test debug', 'Equipment Needed requested for DG-20260605-64450', 'pending', NULL, NULL, '2026-06-05 23:46:11'),
(21, 48, 81, 17, 18, 17, 'equipment_needed', '', 'ewewweewwedfggtffh', 'Equipment Needed requested for DG-20260605-44561', 'pending', NULL, NULL, '2026-06-05 23:48:17'),
(22, 48, 81, 17, 18, 17, 'extra_manpower_needed', '', 'ygyug', 'Extra Manpower Needed requested for DG-20260605-44561', 'replied', 'jhdfjdsops', '2026-06-05 23:53:57', '2026-06-05 23:48:29'),
(23, 48, 81, 17, 18, 17, 'large_work_scope', '', 'fgfgfghfgghgffd', 'Large Work Scope requested for DG-20260605-44561', 'replied', 'dfdf', '2026-06-05 23:59:06', '2026-06-05 23:55:03'),
(24, 48, 81, 17, 18, 17, 'extra_manpower_needed', '', 'yttyty', 'Extra Manpower Needed requested for DG-20260605-44561', 'pending', NULL, NULL, '2026-06-06 00:09:11'),
(25, 58, 88, 20, 25, 24, 'extra_manpower_needed', '', 'extra manpower lagbe', 'Extra Manpower Needed requested for DG-20260606-76261', 'replied', 'acca arekta team pathiye dicci', '2026-06-06 09:31:18', '2026-06-06 09:30:45'),
(26, 56, 90, 20, 25, 24, 'safety_risk', '', 'safety risk ace', 'Safety Risk requested for DG-20260606-19649', 'replied', 'fdfdf', '2026-06-06 09:37:33', '2026-06-06 09:33:34'),
(27, 65, 99, 22, 31, 30, 'location_access_problem', '', 'fdfdgfjgjhkjdf', 'Location / Access Problem requested for DG-20260606-56475', 'replied', 'gfdfggdfsd', '2026-06-06 22:55:36', '2026-06-06 22:54:51'),
(28, 65, 99, 22, 31, 30, 'complaint_info_unclear', '', 'edfdsfsfsdfds', 'Complaint Info Unclear requested for DG-20260606-56475', 'replied', 'dfdfs', '2026-06-06 22:58:25', '2026-06-06 22:58:10'),
(29, 76, 117, 23, 37, 36, 'extra_manpower_needed', '', 'extra man power lagbe', 'Extra Manpower Needed requested for DG-20260608-54305', 'replied', 'ok ami tahole onno team k dicci', '2026-06-08 12:50:08', '2026-06-08 12:49:19'),
(30, 81, 115, 23, 37, 36, 'location_access_problem', '', 'ok', 'Location / Access Problem requested for DG-20260608-63720', 'replied', 'ok', '2026-06-08 13:00:10', '2026-06-08 12:58:51');

-- --------------------------------------------------------

--
-- Table structure for table `maintenance_teams`
--

CREATE TABLE `maintenance_teams` (
  `maintenance_team_id` int(11) NOT NULL,
  `team_name` varchar(150) NOT NULL,
  `city_cor_id` int(11) NOT NULL,
  `anchal_id` int(11) NOT NULL,
  `availability_status` enum('available','busy') NOT NULL DEFAULT 'available',
  `assistant_login_access` enum('yes','no') NOT NULL DEFAULT 'no'
) ENGINE=InnoDB DEFAULT CHARSET=utf8mb4 COLLATE=utf8mb4_general_ci;

--
-- Dumping data for table `maintenance_teams`
--

INSERT INTO `maintenance_teams` (`maintenance_team_id`, `team_name`, `city_cor_id`, `anchal_id`, `availability_status`, `assistant_login_access`) VALUES
(14, 'team mars rover', 1, 11, 'available', 'yes'),
(15, 'team mongol tori', 1, 17, 'available', 'no'),
(16, 'Team night fighters', 2, 4, 'available', 'no'),
(17, 'Uttara kings', 1, 11, 'available', 'no'),
(18, 'Uttara Falcon', 1, 11, 'available', 'no'),
(19, 'Mohammadpur Drainage Response Team', 1, 15, 'available', 'no'),
(20, 'Mohammadpur Drain Maintenance Unit', 1, 15, 'available', 'no'),
(21, 'Rapid Drainage Team', 2, 1, 'available', 'no'),
(22, 'Emergency Cleaning Unit', 2, 1, 'available', 'no'),
(23, 'Drain Response Team Bravo', 2, 6, 'available', 'no'),
(24, 'Stormwater Clearing Team Delta', 2, 6, 'available', 'no');

-- --------------------------------------------------------

--
-- Table structure for table `maintenance_team_members`
--

CREATE TABLE `maintenance_team_members` (
  `member_id` int(11) NOT NULL,
  `maintenance_team_id` int(11) NOT NULL,
  `user_id` int(11) DEFAULT NULL,
  `full_name` varchar(150) NOT NULL,
  `phone_number` varchar(20) NOT NULL,
  `user_mail` varchar(150) DEFAULT NULL,
  `employee_code` varchar(50) DEFAULT NULL,
  `gender` enum('male','female','other') NOT NULL,
  `address` text NOT NULL,
  `profile_image` varchar(255) DEFAULT NULL,
  `role` enum('team_leader','assistant_team_leader','worker') NOT NULL,
  `status` enum('active','inactive') NOT NULL DEFAULT 'active',
  `demerit_points` int(11) NOT NULL DEFAULT 0,
  `warning_count` int(11) NOT NULL DEFAULT 0,
  `member_status` enum('active','under_review','suspended') NOT NULL DEFAULT 'active'
) ENGINE=InnoDB DEFAULT CHARSET=utf8mb4 COLLATE=utf8mb4_general_ci;

--
-- Dumping data for table `maintenance_team_members`
--

INSERT INTO `maintenance_team_members` (`member_id`, `maintenance_team_id`, `user_id`, `full_name`, `phone_number`, `user_mail`, `employee_code`, `gender`, `address`, `profile_image`, `role`, `status`, `demerit_points`, `warning_count`, `member_status`) VALUES
(11, 14, 11, 'Kanon', '01715616578', 'kanon@gmail.com', 'TL-0011', 'male', 'United Airways Corporate Office, 1 Jasimuddin Avenue, Uttara Tower (5th Floor), Uttara, Dhaka-1230', 'assets/uploads/maintenance_profiles/maintenance_profile_11_1780656235.jpg', 'team_leader', 'active', 0, 0, 'active'),
(13, 15, 13, 'Anik Sarkar', '01319 967462', 'anik@gmail.com', 'TL-0013', 'male', 'Robi Axiata Limited Corporate Office, 187 The Forum, 188B Bir Uttam Mir Shawkat Sarak, Tejgaon, Dhaka-1208', NULL, 'team_leader', 'active', 0, 0, 'active'),
(14, 16, 14, 'Anis', '01766728953', 'anis@gmail.com', 'TL-0014', 'male', 'Bashundhara City Shopping Complex, 3 West Panthapath, Karwan Bazar, Dhaka-1215', NULL, 'team_leader', 'active', 0, 0, 'active'),
(15, 15, NULL, 'Asik', '01717311335', 'asik@gmail.com', 'WRK-0015', 'male', 'Administrative Building, University Street, Nilkhet Road, Dhaka-1000', NULL, 'worker', 'active', 0, 0, 'active'),
(16, 17, 18, 'Rabiul', '01924327645', 'rabiul@gmail.com', 'TL-0016', 'male', 'House 12, Road 3, near Abdullahpur Bus Stand, main road side drain.', NULL, 'team_leader', 'active', 0, 0, 'active'),
(17, 18, 19, 'Riad', '01545454545', 'riad@gmail.com', 'TL-0017', 'male', 'House 14, Road 2, Sector 1, near Uttara local park.', NULL, 'team_leader', 'active', 0, 0, 'active'),
(18, 20, 25, 'Md. Rafiul Karim', '01783492615', 'rafiul.karim31@gmail.com', 'TL-0018', 'male', 'House 12, Road 4, Mohammadia Housing Society, Mohammadpur, Dhaka', NULL, 'team_leader', 'active', 0, 0, 'active'),
(19, 19, 26, 'Md. Imran Hossain', '01867259413', 'imran.hossain42@gmail.com', 'TL-0019', 'male', 'House 25, Road 7, Tajmahal Road, Mohammadpur, Dhaka', NULL, 'team_leader', 'active', 0, 0, 'active'),
(20, 22, 31, 'Salman Hossain', '01758493621', 'salman.leader21@gmail.com', 'TL-0020', 'male', 'House 14, Road 6, Lalbagh, Dhaka', NULL, 'team_leader', 'active', 0, 0, 'active'),
(21, 21, 32, 'Mehedi Hasan', '01872945163', 'mehedi.assistant21@gmail.com', 'TL-0021', 'male', 'House 22, Nazirabazar Lane, Chawkbazar, Dhaka', NULL, 'team_leader', 'active', 0, 0, 'active'),
(22, 23, 37, 'Mamunur Rashid', '01731425678', 'mamunurrashid@gmail.com', 'TL-0022', 'male', 'House 21, Road 5, Meradia, Khilgaon, Dhaka', NULL, 'team_leader', 'active', 0, 0, 'active'),
(23, 24, 38, 'Shahriar Alam', '01842536789', 'shahriaralam@gmail.com', 'TL-0023', 'male', 'House 14, Block B, South Banasree, Rampura, Dhaka', NULL, 'team_leader', 'active', 0, 0, 'active'),
(24, 23, 39, 'Abdullah Noman', '01664758901', 'abdullahnoman@gmail.com', 'ATL-0024', 'male', 'House 9, Trimohoni Road, Khilgaon, Dhaka', NULL, 'assistant_team_leader', 'active', 0, 0, 'active');

-- --------------------------------------------------------

--
-- Table structure for table `maintenance_team_reviews`
--

CREATE TABLE `maintenance_team_reviews` (
  `review_id` int(11) NOT NULL,
  `complaint_id` int(11) NOT NULL,
  `citizen_user_id` int(11) NOT NULL,
  `maintenance_team_id` int(11) NOT NULL,
  `rating` int(11) NOT NULL,
  `review_text` text DEFAULT NULL,
  `review_type` enum('satisfied','good_work','objection') DEFAULT 'satisfied',
  `created_at` datetime DEFAULT current_timestamp()
) ENGINE=InnoDB DEFAULT CHARSET=utf8mb4 COLLATE=utf8mb4_general_ci;

--
-- Dumping data for table `maintenance_team_reviews`
--

INSERT INTO `maintenance_team_reviews` (`review_id`, `complaint_id`, `citizen_user_id`, `maintenance_team_id`, `rating`, `review_text`, `review_type`, `created_at`) VALUES
(1, 56, 1, 14, 4, 'good work', 'good_work', '2026-06-05 11:50:52'),
(2, 64, 1, 14, 2, 'false info still same problem exist', 'objection', '2026-06-05 18:02:17'),
(3, 79, 15, 18, 4, 'good work', 'good_work', '2026-06-06 02:05:46'),
(4, 83, 15, 18, 1, 'khub kharap hoyece', 'objection', '2026-06-06 02:06:13'),
(5, 86, 15, 14, 1, 'ddsgfdsdg', 'satisfied', '2026-06-06 02:09:17'),
(6, 96, 21, 20, 5, 'very good work', 'good_work', '2026-06-06 09:48:12'),
(7, 87, 21, 19, 1, 'very bad work', 'objection', '2026-06-06 09:48:25'),
(8, 88, 21, 20, 1, 'hgffghffghgfffgfg', 'objection', '2026-06-06 09:50:37'),
(9, 100, 27, 22, 4, 'kaj valo hoyece', 'good_work', '2026-06-06 23:10:25'),
(10, 99, 27, 22, 1, 'valo hoy ni', 'objection', '2026-06-06 23:10:54'),
(11, 102, 27, 22, 1, 'bfgdfgdffgdfgdfdfg', 'objection', '2026-06-06 23:21:28'),
(12, 116, 33, 24, 1, 'ok kro nai', 'objection', '2026-06-08 13:07:27'),
(13, 110, 33, 24, 5, 'best hoyece', 'good_work', '2026-06-08 13:07:40'),
(14, 115, 33, 23, 3, 'ggdddfgdff', 'objection', '2026-06-08 13:09:23');

-- --------------------------------------------------------

--
-- Table structure for table `maintenance_updates`
--

CREATE TABLE `maintenance_updates` (
  `update_id` int(11) NOT NULL,
  `complaint_id` int(11) NOT NULL,
  `assignment_id` int(11) DEFAULT NULL,
  `maintenance_team_id` int(11) DEFAULT NULL,
  `updated_by_user_id` int(11) DEFAULT NULL,
  `work_status` enum('assigned','started','in_progress','completed','delayed','rejected','reopened') NOT NULL DEFAULT 'assigned',
  `work_note` text DEFAULT NULL,
  `proof_file_path` varchar(255) DEFAULT NULL,
  `proof_file_type` enum('image','video','document') DEFAULT NULL,
  `started_at` datetime DEFAULT NULL,
  `completed_at` datetime DEFAULT NULL,
  `delayed_at` datetime DEFAULT NULL,
  `delay_reason` text DEFAULT NULL,
  `created_at` timestamp NOT NULL DEFAULT current_timestamp(),
  `updated_at` timestamp NOT NULL DEFAULT current_timestamp() ON UPDATE current_timestamp()
) ENGINE=InnoDB DEFAULT CHARSET=utf8mb4 COLLATE=utf8mb4_general_ci;

-- --------------------------------------------------------

--
-- Table structure for table `objection_reviews`
--

CREATE TABLE `objection_reviews` (
  `review_id` int(11) NOT NULL,
  `reopen_id` int(11) NOT NULL,
  `complaint_id` int(11) NOT NULL,
  `reviewed_by` int(11) NOT NULL,
  `reviewer_role` enum('ward_officer','inspector') NOT NULL,
  `review_action` enum('forward_to_inspector','reject_objection','site_visit_required','reopen_complaint','reject_reopen','false_completion','resolved') NOT NULL,
  `review_note` text DEFAULT NULL,
  `created_at` timestamp NOT NULL DEFAULT current_timestamp()
) ENGINE=InnoDB DEFAULT CHARSET=utf8mb4 COLLATE=utf8mb4_general_ci;

-- --------------------------------------------------------

--
-- Table structure for table `remember_tokens`
--

CREATE TABLE `remember_tokens` (
  `token_id` int(11) NOT NULL,
  `user_id` int(11) NOT NULL,
  `selector` varchar(64) NOT NULL,
  `hashed_validator` varchar(255) NOT NULL,
  `expires_at` datetime NOT NULL,
  `created_at` timestamp NOT NULL DEFAULT current_timestamp()
) ENGINE=InnoDB DEFAULT CHARSET=utf8mb4 COLLATE=utf8mb4_general_ci;

--
-- Dumping data for table `remember_tokens`
--

INSERT INTO `remember_tokens` (`token_id`, `user_id`, `selector`, `hashed_validator`, `expires_at`, `created_at`) VALUES
(20, 4, 'e0f45dea2e95bce15b860ef3b22fca23', '6dcfa1317b30a59cf31cfd9d6a2a9e296acd9affb181056c55ed81cc226d012f', '2026-07-01 16:53:50', '2026-06-01 10:53:50'),
(31, 1, 'd5e01171ea7894fac0a831e023f06aeb', 'dafb2c897bcf40b2ef6e836f8e6e729c4d4d0ae9bdf8bb0c4a73ee35dabb8a85', '2026-07-04 11:05:07', '2026-06-04 05:05:07'),
(188, 5, '1b7528fef7a6910e9ba39fc7fead5c44', 'e61bd9c2d88b793988e5927594292cc2659571d1028eae8f2de77e9800d3cbf5', '2026-07-05 02:55:25', '2026-06-04 20:55:25'),
(196, 6, 'e23fd5377eb4dbdae71295f12cdb9976', '249df502bad435828a41b71f99df200f6a8f75db778380b058ce5f44fd0b6bb0', '2026-07-05 09:34:58', '2026-06-05 03:34:58'),
(345, 17, '1d5c1c9349cb82cfa5ea2ee32f427347', '87c52f20cb9dcb5b72d581c32fcfbce9f1f6e40a183edf339c58522d3aeefa2a', '2026-07-05 22:42:27', '2026-06-05 16:42:27'),
(445, 3, '7df54dae191ba1eba0b5be5422174fce', 'f2db44c155493718d7fa14b8f2df4ec279bce682f4d0dd76bdc54da3e6bbe290', '2026-07-06 04:30:38', '2026-06-05 22:30:38'),
(510, 23, '955f1007e435af228f328fa3cb9363c8', '4e8db9534b4d8d895cbfe599e7a4400723e294d134ba5962484a1389e6c31596', '2026-07-06 09:52:12', '2026-06-06 03:52:12'),
(549, 30, '0e546483a5e93ef8f1c0e513f3d6a04c', 'ca1f34b9d125395b6d5bb0a7e3afbda5f0663ea8f715fdb2ba619286771a7905', '2026-07-06 22:23:59', '2026-06-06 16:23:59'),
(558, 27, 'e5d003f3637a5778ac8586bb8ede34cc', '135aee473ac6a83b2386e6f81632c2be3bdfd7cff309a98aba8d1987e11dbcca', '2026-07-06 23:08:39', '2026-06-06 17:08:39'),
(565, 28, '1d9622723dfd9582783cdaa496d8865e', '07a7572444d0a797b670173e8c323ee42d64ceb4659d26572e1da1fe8527f6ed', '2026-07-06 23:43:16', '2026-06-06 17:43:16'),
(586, 32, '7ab8652577704abeb1194e95924d497c', '26fde61ef8a38590eb7431e6ceaef3ada5b95749b6882511b2b61fe2444b4af8', '2026-07-07 19:17:45', '2026-06-07 13:17:45'),
(600, 4, '56185731714f05051835a1674f5090f2', '8c5b5c89b33783a40a04c6b4fb056b2d5f2e7b6fde2e055ce631e1f5c9ca773c', '2026-07-07 23:13:58', '2026-06-07 17:13:58'),
(622, 5, 'f7cd8aaa41aff35faa47944cd53e3da1', '1c1d61ccbb0ffbbe1a8fc51557a6be51112e1e73d06e18f2f950c1d1cc0b9bcf', '2026-07-08 01:40:01', '2026-06-07 19:40:01'),
(626, 4, 'eaac8ec6cb57688e8f91c882bd03c0e0', 'f596c15e4b68444342e828a1a2e46b6980d6558ed157cc6906438a7cef36349f', '2026-07-08 09:27:47', '2026-06-08 03:27:47'),
(627, 5, '7c1dd64c684b0644e3cf87caa8b33c5d', '5ea38491cae70d7555833b7324a2092d9f02f3e86ed6fd904c4f47ee555a2510', '2026-07-08 09:28:00', '2026-06-08 03:28:00'),
(635, 8, '290d75b4352a9a480c9fd5d51407bc9c', '95e0770eec56bc42efdbc8c0247752247c4898eb82153e56846589d9aff6725d', '2026-07-08 09:44:12', '2026-06-08 03:44:12'),
(638, 34, '2b2a095f6aad843239a514f0c4c021b7', 'e3483c8753799b9a8b344e36227a2bc8aced0b59bf14272120d5eefee194d6c6', '2026-07-08 11:34:10', '2026-06-08 05:34:10'),
(639, 35, '63f2c096054474c09d1daabb0f950580', '1467d0530a9481c0aab6608624316e5fe378b98da25918efc961a9bf0e1f0982', '2026-07-08 11:39:52', '2026-06-08 05:39:52'),
(644, 33, 'fcbcb7eecb83f7fa2e80fc3f608a55f7', 'd3c3df58938a6fda7afab7fc3e1c1c58a325495327f2f75e60a6ea23a4af78c3', '2026-07-08 12:38:28', '2026-06-08 06:38:28'),
(653, 38, '4e75fad231306e06cd37c8c6f99d085b', 'cb952087feab857437bf68d37a8b1d68463fa26b8db2f004edbdc732027f3573', '2026-07-08 13:12:27', '2026-06-08 07:12:27');

-- --------------------------------------------------------

--
-- Table structure for table `reopen_requests`
--

CREATE TABLE `reopen_requests` (
  `reopen_id` int(11) NOT NULL,
  `complaint_id` int(11) NOT NULL,
  `requested_by` int(11) NOT NULL,
  `request_type` enum('citizen_objection','inspector_reopen_request','false_completion','disputed','reopened') NOT NULL DEFAULT 'citizen_objection',
  `reason` text NOT NULL,
  `ward_note` text DEFAULT NULL,
  `inspector_note` text DEFAULT NULL,
  `request_status` enum('pending','sent_to_inspector','sent_to_ward_for_reassign','reassigned_same_team','reassigned_different_team','rejected','resolved') NOT NULL DEFAULT 'pending',
  `handled_by` int(11) DEFAULT NULL,
  `handled_at` datetime DEFAULT NULL,
  `forwarded_at` datetime DEFAULT NULL,
  `created_at` timestamp NOT NULL DEFAULT current_timestamp()
) ENGINE=InnoDB DEFAULT CHARSET=utf8mb4 COLLATE=utf8mb4_general_ci;

--
-- Dumping data for table `reopen_requests`
--

INSERT INTO `reopen_requests` (`reopen_id`, `complaint_id`, `requested_by`, `request_type`, `reason`, `ward_note`, `inspector_note`, `request_status`, `handled_by`, `handled_at`, `forwarded_at`, `created_at`) VALUES
(1, 32, 7, 'false_completion', 'false proof', 'false proof', NULL, 'reassigned_different_team', 7, '2026-06-05 01:01:29', NULL, '2026-06-04 18:30:36'),
(6, 37, 5, 'false_completion', 'dffddffdg', 'dffddffdg', NULL, 'reassigned_different_team', 5, '2026-06-05 02:25:50', NULL, '2026-06-04 20:25:44'),
(7, 37, 1, 'citizen_objection', 'uyyuyuiuiyuyiuiyu', 'gjghgghj', NULL, '', 5, NULL, '2026-06-05 02:55:41', '2026-06-04 20:54:51'),
(8, 71, 1, 'citizen_objection', 'yes problem is not solve yet', NULL, NULL, 'pending', NULL, NULL, NULL, '2026-06-05 04:09:33'),
(9, 26, 7, 'false_completion', 'true objection', 'true objection', NULL, 'reassigned_different_team', 7, '2026-06-05 10:11:06', NULL, '2026-06-05 04:10:58'),
(10, 37, 1, 'citizen_objection', 'bad work eelle', 'gfgdfgjyjjhjhgjh', NULL, '', 5, NULL, '2026-06-05 11:52:43', '2026-06-05 05:51:13'),
(11, 69, 5, 'false_completion', 'ami inspect kreci and false peyeci', 'ami inspect kreci and false peyeci', NULL, 'pending', NULL, NULL, NULL, '2026-06-05 11:54:05'),
(12, 64, 1, 'citizen_objection', 'false info still same problem exist', NULL, NULL, 'pending', NULL, NULL, NULL, '2026-06-05 12:02:17'),
(13, 83, 15, 'citizen_objection', 'khub kharap hoyece', 'gfhfghfghfg', NULL, 'resolved', 17, NULL, '2026-06-06 02:52:43', '2026-06-05 20:06:13'),
(14, 81, 17, 'false_completion', 'rteytyrtryerer', 'rteytyrtryerer', NULL, 'reassigned_different_team', 17, '2026-06-06 02:53:13', NULL, '2026-06-05 20:52:22'),
(15, 87, 21, 'citizen_objection', 'very bad work', 'fgdgdffdfdf', NULL, 'rejected', 24, '2026-06-06 09:51:09', NULL, '2026-06-06 03:48:25'),
(16, 90, 24, 'false_completion', 'hhhfggf', 'hhhfggf', NULL, 'reassigned_different_team', 24, '2026-06-06 09:49:51', NULL, '2026-06-06 03:49:18'),
(17, 88, 21, 'citizen_objection', 'hgffghffghgfffgfg', 'ffdffdgdfdg', NULL, 'resolved', 24, NULL, '2026-06-06 09:51:04', '2026-06-06 03:50:37'),
(18, 99, 27, 'citizen_objection', 'valo hoy ni', 'gfdfdfg', NULL, 'rejected', 30, '2026-06-06 23:22:54', NULL, '2026-06-06 17:10:54'),
(19, 98, 30, 'false_completion', 'fdssdfasdfas', 'fdssdfasdfas', NULL, 'reassigned_different_team', 30, '2026-06-06 23:24:41', NULL, '2026-06-06 17:20:09'),
(20, 102, 27, 'citizen_objection', 'bfgdfgdffgdfgdfdfg', 'fgfgdf', NULL, 'resolved', 30, NULL, '2026-06-06 23:22:49', '2026-06-06 17:21:28'),
(21, 116, 33, 'citizen_objection', 'ok kro nai', 'moouiuy', NULL, 'rejected', 36, '2026-06-08 13:11:16', NULL, '2026-06-08 07:07:27'),
(22, 115, 33, 'citizen_objection', 'ggdddfgdff', 'okkkjh', NULL, 'reassigned_different_team', 36, '2026-06-08 13:15:43', '2026-06-08 13:11:09', '2026-06-08 07:09:23'),
(23, 112, 36, 'false_completion', 'dasasdad', 'dasasdad', NULL, 'reassigned_different_team', 36, '2026-06-08 13:39:33', NULL, '2026-06-08 07:14:09');

-- --------------------------------------------------------

--
-- Table structure for table `risk`
--

CREATE TABLE `risk` (
  `risk_id` int(11) NOT NULL,
  `risk_area_key` varchar(255) NOT NULL,
  `city_id` int(11) DEFAULT NULL,
  `city_cor_id` int(11) DEFAULT NULL,
  `thana_id` int(11) DEFAULT NULL,
  `ward_id` int(11) DEFAULT NULL,
  `area_id` int(11) DEFAULT NULL,
  `urgency_level` enum('High','Medium','Low') NOT NULL DEFAULT 'Low',
  `risk_status` enum('Active','Resolved') NOT NULL DEFAULT 'Active',
  `complaint_count_7_days` int(11) NOT NULL DEFAULT 0,
  `complaint_count_30_days` int(11) NOT NULL DEFAULT 0,
  `complaint_count_this_week` int(11) NOT NULL DEFAULT 0,
  `last_complaint_id` int(11) DEFAULT NULL,
  `first_reported_at` datetime DEFAULT current_timestamp(),
  `last_reported_at` datetime DEFAULT current_timestamp()
) ENGINE=InnoDB DEFAULT CHARSET=utf8mb4 COLLATE=utf8mb4_general_ci;

--
-- Dumping data for table `risk`
--

INSERT INTO `risk` (`risk_id`, `risk_area_key`, `city_id`, `city_cor_id`, `thana_id`, `ward_id`, `area_id`, `urgency_level`, `risk_status`, `complaint_count_7_days`, `complaint_count_30_days`, `complaint_count_this_week`, `last_complaint_id`, `first_reported_at`, `last_reported_at`) VALUES
(1, 'dhaka north city corporation|bhatara|17|kuril', 1, 1, 5, 12, 19, 'High', 'Active', 1, 1, 1, 34, '2026-05-23 13:48:12', '2026-06-04 12:55:58'),
(2, 'dhaka north city corporation|bhatara|17|khilkhet', NULL, NULL, NULL, NULL, NULL, 'Medium', 'Active', 1, 1, 1, NULL, '2026-05-27 11:51:01', '2026-05-27 11:51:01'),
(3, 'dhaka north city corporation|bhatara|17|kuratoli', 1, 1, 5, 12, 20, 'Medium', 'Active', 2, 2, 2, 37, '2026-06-01 13:39:59', '2026-06-05 02:21:37'),
(4, 'dhaka north city corporation|khilkhet|48|দক্ষিণখান', 1, 1, 14, 27, 465, 'High', 'Active', 3, 3, 3, 36, '2026-06-01 15:01:13', '2026-06-04 15:57:57'),
(5, 'dhaka south city corporation|sutrapur|43|মালাকার টোলা রোড', 1, 2, 52, 127, 1053, 'Medium', 'Active', 1, 1, 1, 27, '2026-06-01 15:03:21', '2026-06-01 15:03:21'),
(6, 'dhaka north city corporation|kafrul|4|section 13 a', 1, 1, 13, 24, 49, 'Medium', 'Active', 1, 1, 1, 29, '2026-06-01 15:06:05', '2026-06-01 15:06:05'),
(7, 'dhaka north city corporation|bhatara|17|nikunj 1', 1, 1, 5, 12, 24, 'Medium', 'Active', 1, 1, 1, 30, '2026-06-01 15:09:58', '2026-06-01 15:09:58'),
(8, 'dhaka south city corporation|sutrapur|43|ফরাশগঞ্জ রোড', NULL, NULL, NULL, NULL, NULL, 'Medium', 'Active', 1, 1, 1, NULL, '2026-06-01 15:11:21', '2026-06-01 15:11:21'),
(9, 'dhaka north city corporation|bhatara|17|tanpara', 1, 1, 5, 12, 26, 'High', 'Active', 1, 1, 1, 33, '2026-06-01 15:14:00', '2026-06-01 15:14:00'),
(10, 'dhaka north city corporation|khilkhet|43|তলনা', 1, 1, 14, 26, 522, 'Medium', 'Active', 1, 1, 1, 35, '2026-06-04 15:51:55', '2026-06-04 15:51:55'),
(13, 'mymensingh city corporation|mymensingh sadar|1|mymensingh sadar central area', 11, 12, 86, 166, 1373, 'Medium', 'Active', 1, 1, 1, 78, '2026-06-05 20:19:26', '2026-06-05 20:19:26'),
(14, 'dhaka north city corporation|uttara purba|1|abdullahpur partial', 1, 1, 27, 54, 11, 'Medium', 'Active', 1, 1, 1, 79, '2026-06-05 20:56:54', '2026-06-05 20:56:54'),
(15, 'dhaka north city corporation|uttara purba|1|baunia partial', 1, 1, 27, 54, 15, 'Medium', 'Active', 1, 1, 1, 80, '2026-06-05 20:58:37', '2026-06-05 20:58:37'),
(16, 'dhaka north city corporation|uttara purba|1|dakshin khan partial', 1, 1, 27, 54, 16, 'Medium', 'Active', 1, 1, 1, 81, '2026-06-05 20:59:46', '2026-06-05 20:59:46'),
(17, 'dhaka north city corporation|uttara purba|1|faydabad partial', 1, 1, 27, 54, 14, 'High', 'Active', 1, 1, 1, 82, '2026-06-05 21:01:11', '2026-06-05 21:01:11'),
(18, 'dhaka north city corporation|uttara purba|1|ranavola partial', 1, 1, 27, 54, 17, 'High', 'Active', 1, 1, 1, 83, '2026-06-05 21:02:43', '2026-06-05 21:02:43'),
(19, 'dhaka north city corporation|uttara purba|1|shailpur partial', 1, 1, 27, 54, 13, 'Medium', 'Active', 1, 1, 1, 84, '2026-06-05 21:05:44', '2026-06-05 21:05:44'),
(20, 'dhaka north city corporation|uttara purba|1|uttara model town sector 1', 1, 1, 27, 54, 1, 'High', 'Active', 1, 1, 1, 85, '2026-06-05 21:06:49', '2026-06-05 21:06:49'),
(21, 'dhaka north city corporation|uttara purba|1|uttara model town sector 7', 1, 1, 27, 54, 7, 'High', 'Active', 1, 1, 1, 86, '2026-06-05 21:08:00', '2026-06-05 21:08:00'),
(22, 'dhaka north city corporation|mohammadpur|33|বছিলা সিটি ডেভেলপার্স', 1, 1, 16, 35, 406, 'Medium', 'Active', 1, 1, 1, 87, '2026-06-06 08:43:07', '2026-06-06 08:43:07'),
(23, 'dhaka north city corporation|mohammadpur|33|বছিলা রোড', 1, 1, 16, 35, 397, 'Medium', 'Active', 1, 1, 1, 88, '2026-06-06 08:44:51', '2026-06-06 08:44:51'),
(24, 'dhaka north city corporation|mohammadpur|33|মোহাম্মদীয়া হাউজিং সোসাইটি', 1, 1, 16, 35, 391, 'Medium', 'Active', 1, 1, 1, 89, '2026-06-06 08:46:04', '2026-06-06 08:46:04'),
(25, 'dhaka north city corporation|mohammadpur|33|মোহাম্মদীয়া হাউজিং লিমিটেড', 1, 1, 16, 35, 390, 'Medium', 'Active', 2, 2, 2, 93, '2026-06-06 08:47:24', '2026-06-06 08:51:28'),
(26, 'dhaka north city corporation|mohammadpur|33|সাতমসজিদ গৃহনির্মাণ সমবায় সমিতি লিঃ', 1, 1, 16, 35, 407, 'High', 'Active', 1, 1, 1, 91, '2026-06-06 08:48:44', '2026-06-06 08:48:44'),
(27, 'dhaka north city corporation|mohammadpur|33|জাপান গার্ডেন সিটি', 1, 1, 16, 35, 408, 'Medium', 'Active', 1, 1, 1, 92, '2026-06-06 08:49:53', '2026-06-06 08:49:53'),
(28, 'dhaka north city corporation|mohammadpur|33|কাদেরাবাদ হাউজিং এস্টেট', 1, 1, 16, 35, 392, 'Medium', 'Active', 1, 1, 1, 94, '2026-06-06 08:52:35', '2026-06-06 08:52:35'),
(29, 'dhaka north city corporation|mohammadpur|33|ঢাকা উদ্যান', 1, 1, 16, 35, 399, 'Medium', 'Active', 1, 1, 1, 95, '2026-06-06 08:53:50', '2026-06-06 08:53:50'),
(30, 'dhaka north city corporation|mohammadpur|33|চাঁনমিয়া হাউজিং', 1, 1, 16, 35, 395, 'High', 'Active', 1, 1, 1, 96, '2026-06-06 08:55:10', '2026-06-06 08:55:10'),
(31, 'narayanganj city corporation|narayanganj sadar|1|narayanganj sadar central area', 8, 9, 83, 163, 1370, 'High', 'Active', 1, 1, 1, 97, '2026-06-06 18:31:07', '2026-06-06 18:31:07'),
(32, 'dhaka south city corporation|shahbagh|21|পরীবাগ শাহ সাহেব রোড', 1, 2, 48, 119, 676, 'Medium', 'Active', 1, 1, 1, 98, '2026-06-06 21:30:41', '2026-06-06 21:30:41'),
(33, 'dhaka south city corporation|shahbagh|21|ময়মনসিংহ রোড', 1, 2, 48, 119, 668, 'High', 'Active', 1, 1, 1, 99, '2026-06-06 21:32:32', '2026-06-06 21:32:32'),
(34, 'dhaka south city corporation|shahbagh|21|ঢাকা বিশ্ববিদ্যালয় আবাসিক এলাকা', 1, 2, 48, 119, 656, 'Medium', 'Active', 1, 1, 1, 100, '2026-06-06 21:33:41', '2026-06-06 21:33:41'),
(35, 'dhaka south city corporation|shahbagh|21|পি জি হাসপাতাল', 1, 2, 48, 119, 671, 'Medium', 'Active', 1, 1, 1, 101, '2026-06-06 21:34:36', '2026-06-06 21:34:36'),
(36, 'dhaka south city corporation|shahbagh|21|মুক্তিযোদ্ধা জিয়াউর রহমান হল', 1, 2, 48, 119, 663, 'Medium', 'Active', 1, 1, 1, 102, '2026-06-06 21:36:14', '2026-06-06 21:36:14'),
(37, 'dhaka south city corporation|shahbagh|21|জাতীয় জাদুঘর অফিসার্স কোয়ার্টার', 1, 2, 48, 119, 670, 'Medium', 'Active', 1, 1, 1, 103, '2026-06-06 21:38:08', '2026-06-06 21:38:08'),
(38, 'dhaka south city corporation|shahbagh|21|শামসুন নাহার হল', 1, 2, 48, 119, 660, 'High', 'Active', 1, 1, 1, 104, '2026-06-06 21:39:04', '2026-06-06 21:39:04'),
(39, 'dhaka south city corporation|shahbagh|21|ময়মনসিংহ লেন', 1, 2, 48, 119, 667, 'Medium', 'Active', 1, 1, 1, 106, '2026-06-06 22:12:36', '2026-06-06 22:12:36'),
(40, 'khulna city corporation|khulna sadar|1|khulna sadar central area', 5, 6, 80, 160, 1367, 'High', 'Active', 1, 1, 1, 107, '2026-06-07 22:38:46', '2026-06-07 22:38:46'),
(41, 'dhaka north city corporation|bhatara|17|jagannathpur', 1, 1, 5, 12, 23, 'High', 'Active', 2, 2, 1, 108, '2026-06-08 00:32:14', '2026-06-08 00:32:14'),
(42, 'dhaka south city corporation|khilgaon|75|ইদারকান্দি', 1, 2, 39, 96, 1192, 'Medium', 'Active', 1, 1, 1, 109, '2026-06-08 12:17:59', '2026-06-08 12:17:59'),
(43, 'dhaka south city corporation|khilgaon|75|ইমামবাগ', 1, 2, 39, 96, 1201, 'Medium', 'Active', 1, 1, 1, 110, '2026-06-08 12:21:40', '2026-06-08 12:21:40'),
(44, 'dhaka south city corporation|khilgaon|75|উত্তরগাও', 1, 2, 39, 96, 1203, 'Medium', 'Active', 1, 1, 1, 111, '2026-06-08 12:22:34', '2026-06-08 12:22:34'),
(45, 'dhaka south city corporation|khilgaon|75|গৌরনগর ইসলামবাগ', 1, 2, 39, 96, 1206, 'High', 'Active', 1, 1, 1, 112, '2026-06-08 12:23:33', '2026-06-08 12:23:33'),
(46, 'dhaka south city corporation|khilgaon|75|উচ্চদেবপুর', 1, 2, 39, 96, 1202, 'High', 'Active', 1, 1, 1, 113, '2026-06-08 12:24:52', '2026-06-08 12:24:52'),
(47, 'dhaka south city corporation|khilgaon|75|জোড়ভিটা', 1, 2, 39, 96, 1197, 'High', 'Active', 1, 1, 1, 114, '2026-06-08 12:26:13', '2026-06-08 12:26:13'),
(48, 'dhaka south city corporation|khilgaon|75|ত্রি মোহিনী পুর্বপাড়া', 1, 2, 39, 96, 1198, 'Medium', 'Active', 1, 1, 1, 115, '2026-06-08 12:27:04', '2026-06-08 12:27:04'),
(49, 'dhaka south city corporation|khilgaon|75|ত্রিমোহনী টেকপাড়া', 1, 2, 39, 96, 1204, 'Medium', 'Active', 1, 1, 1, 116, '2026-06-08 12:28:10', '2026-06-08 12:28:10'),
(50, 'dhaka south city corporation|khilgaon|75|ত্রিমোহনী ৬ নং ওয়ার্ড', 1, 2, 39, 96, 1205, 'High', 'Active', 1, 1, 1, 117, '2026-06-08 12:29:10', '2026-06-08 12:29:10'),
(51, 'dhaka south city corporation|khilgaon|75|ত্রিমোহিনী', 1, 2, 39, 96, 1200, 'Medium', 'Active', 1, 1, 1, 118, '2026-06-08 12:30:14', '2026-06-08 12:30:14'),
(52, 'dhaka south city corporation|khilgaon|3|মেরাদিয়া', 1, 2, 39, 95, 681, 'High', 'Active', 1, 1, 1, 119, '2026-06-08 12:31:11', '2026-06-08 12:31:11');

-- --------------------------------------------------------

--
-- Table structure for table `role_instructions`
--

CREATE TABLE `role_instructions` (
  `instruction_id` int(11) NOT NULL,
  `sender_user_id` int(11) NOT NULL,
  `receiver_user_id` int(11) DEFAULT NULL,
  `receiver_role` enum('ward_officer','inspector') NOT NULL,
  `ward_id` int(11) NOT NULL,
  `instruction_title` varchar(150) NOT NULL,
  `instruction_message` text NOT NULL,
  `priority` enum('Normal','Urgent','Emergency') NOT NULL DEFAULT 'Normal',
  `instruction_status` enum('Sent','Seen','In Progress','Completed') NOT NULL DEFAULT 'Sent',
  `created_at` timestamp NOT NULL DEFAULT current_timestamp()
) ENGINE=InnoDB DEFAULT CHARSET=utf8mb4 COLLATE=utf8mb4_general_ci;

--
-- Dumping data for table `role_instructions`
--

INSERT INTO `role_instructions` (`instruction_id`, `sender_user_id`, `receiver_user_id`, `receiver_role`, `ward_id`, `instruction_title`, `instruction_message`, `priority`, `instruction_status`, `created_at`) VALUES
(3, 4, 5, 'ward_officer', 12, 'Assign Maintenance Team', 'Please assign an available maintenance team for the verified drainage issue in this ward.', 'Normal', 'Sent', '2026-06-05 06:53:28'),
(4, 4, 8, 'inspector', 12, 'Recheck Reopened Complaint', 'Please recheck the reopened complaint after maintenance follow-up and submit your inspection decision.', 'Normal', 'Sent', '2026-06-05 06:55:28'),
(5, 4, 5, 'ward_officer', 12, 'Review Reopened Complaint', 'Please review the reopened complaint and decide whether further maintenance action is required.', 'Normal', 'Sent', '2026-06-05 13:26:39'),
(6, 28, 30, 'ward_officer', 119, 'Assign Maintenance Team', 'Please assign an available maintenance team for the verified drainage issue in this ward.', 'Normal', 'Sent', '2026-06-06 16:41:51'),
(7, 28, 29, 'inspector', 119, 'Recheck Reopened Complaint', 'Please recheck the reopened complaint after maintenance follow-up and submit your inspection decision.', 'Normal', 'Sent', '2026-06-06 16:42:11');

-- --------------------------------------------------------

--
-- Table structure for table `thanas`
--

CREATE TABLE `thanas` (
  `thana_id` int(11) NOT NULL,
  `city_cor_id` int(11) NOT NULL,
  `thana_name` varchar(100) NOT NULL
) ENGINE=InnoDB DEFAULT CHARSET=utf8mb4 COLLATE=utf8mb4_general_ci;

--
-- Dumping data for table `thanas`
--

INSERT INTO `thanas` (`thana_id`, `city_cor_id`, `thana_name`) VALUES
(1, 1, 'Adabor'),
(2, 1, 'Badda'),
(3, 1, 'Banani'),
(4, 1, 'Bhasantek'),
(5, 1, 'Bhatara'),
(6, 1, 'Biman Bandar'),
(7, 1, 'Cantonment'),
(8, 1, 'Dakshinkhan'),
(9, 1, 'Darus Salam'),
(10, 1, 'Dhanmondi'),
(11, 1, 'Gulshan'),
(12, 1, 'Hatirjheel'),
(13, 1, 'Kafrul'),
(14, 1, 'Khilkhet'),
(15, 1, 'Mirpur'),
(16, 1, 'Mohammadpur'),
(17, 1, 'Pallabi'),
(18, 1, 'Ramna'),
(19, 1, 'Rampura'),
(20, 1, 'Rupnagar'),
(21, 1, 'Shah Ali'),
(22, 1, 'Sher-e-Bangla Nagar'),
(23, 1, 'Tejgaon'),
(24, 1, 'Tejgaon Shilpa Elaka'),
(25, 1, 'Turag'),
(26, 1, 'Uttara Pashchim'),
(27, 1, 'Uttara Purba'),
(28, 1, 'Uttar Khan'),
(29, 2, 'Bangshal'),
(30, 2, 'Chawkbazar'),
(31, 2, 'Demra'),
(32, 2, 'Dhanmondi'),
(33, 2, 'Gendaria'),
(34, 2, 'Hazaribagh'),
(35, 2, 'Jatrabari'),
(36, 2, 'Kadamtali'),
(37, 2, 'Kalabagan'),
(38, 2, 'Kamrangirchar'),
(39, 2, 'Khilgaon'),
(40, 2, 'Kotwali'),
(41, 2, 'Lalbagh'),
(42, 2, 'Motijheel'),
(43, 2, 'Mugda'),
(44, 2, 'New Market'),
(45, 2, 'Paltan'),
(46, 2, 'Ramna'),
(47, 2, 'Sabujbagh'),
(48, 2, 'Shahbagh'),
(49, 2, 'Shahjahanpur'),
(50, 2, 'Sher-e-Bangla Nagar'),
(51, 2, 'Shyampur'),
(52, 2, 'Sutrapur'),
(53, 2, 'Wari'),
(54, 3, 'Akbar Shah'),
(55, 3, 'EPZ'),
(56, 3, 'Karnaphuli'),
(57, 3, 'Kotwali Chattogram'),
(58, 3, 'Khulshi'),
(59, 3, 'Chawkbazar'),
(60, 3, 'Chandgaon'),
(61, 3, 'Double Mooring'),
(62, 3, 'Patenga'),
(63, 3, 'Panchlaish'),
(64, 3, 'Pahartali'),
(65, 3, 'Bayezid Bostami'),
(66, 3, 'Bandar Chattogram'),
(67, 3, 'Bakalia'),
(68, 3, 'Sadarghat'),
(69, 3, 'Halishahar'),
(70, 4, 'Kotwali Sylhet'),
(71, 4, 'Jalalabad'),
(72, 4, 'Dakshin Surma'),
(73, 4, 'Bimanbandar Sylhet'),
(74, 4, 'Moglabazar'),
(75, 4, 'Shahporan'),
(76, 5, 'Kaunia Barishal'),
(77, 5, 'Kotwali Barishal'),
(78, 5, 'Bandar Barishal'),
(79, 5, 'Bimanbandar Barishal'),
(80, 6, 'Khulna Sadar'),
(81, 7, 'Rajshahi Sadar'),
(82, 8, 'Gazipur Sadar'),
(83, 9, 'Narayanganj Sadar'),
(84, 10, 'Rangpur Sadar'),
(85, 11, 'Cumilla Sadar'),
(86, 12, 'Mymensingh Sadar');

-- --------------------------------------------------------

--
-- Table structure for table `users`
--

CREATE TABLE `users` (
  `user_id` int(11) NOT NULL,
  `user_name` varchar(100) NOT NULL,
  `user_mail` varchar(150) NOT NULL,
  `user_password` varchar(255) NOT NULL,
  `user_role` enum('citizen','central_officer','ward_officer','inspector','team_leader','assistant_team_leader') NOT NULL,
  `user_status` enum('active','inactive','suspended','banned') NOT NULL DEFAULT 'active',
  `login_access` tinyint(1) NOT NULL DEFAULT 1,
  `last_active` datetime DEFAULT NULL,
  `reset_token` varchar(255) DEFAULT NULL,
  `reset_time` datetime DEFAULT NULL
) ENGINE=InnoDB DEFAULT CHARSET=utf8mb4 COLLATE=utf8mb4_general_ci;

--
-- Dumping data for table `users`
--

INSERT INTO `users` (`user_id`, `user_name`, `user_mail`, `user_password`, `user_role`, `user_status`, `login_access`, `last_active`, `reset_token`, `reset_time`) VALUES
(1, 'Munjil Islam', 'munjilislambd17@gmail.com', '$2y$10$qQ1J2k/Se.EANF9VFQX.auDUj3Ru/m/WT2FuVTtuWwaZXxPPvfbFC', 'citizen', 'active', 1, '2026-06-08 12:37:37', '4db9a7e2c9555d969a7eb0fdc811b1d81983efa08fd08c2811f20764501aca9d', '2026-06-07 00:28:46'),
(2, 'Munsur Islam', 'munsur@gmail.com', '$2y$10$rVCAIFuWT9dve2lWpiHCLuCunqQtyDx42zakVC0jJeQrpwyW9/JzW', 'citizen', 'active', 1, '2026-06-05 09:18:18', NULL, NULL),
(3, 'Rayhan Islam', 'rayhan@drainguard.com', '$2y$10$6MXLwkfowf8pDlzQivavOugX5cPIblgN4on59hf75GvVMLrv1NUom', 'central_officer', 'active', 1, '2026-06-06 12:54:09', NULL, NULL),
(4, 'Afsana Afrin Mihi', 'afsana@gmail.com', '$2y$10$5TEvacr0k/wSKsNO6354nehW0OwjI1Tb8PutVuziou5GO1C0DTXam', 'central_officer', 'active', 1, '2026-06-08 11:20:28', NULL, NULL),
(5, 'Jobaida Mojumdar Ruku', 'ruku@gmail.com', '$2y$10$yCsgPhibC1F8P4sWX1wA1.60ztceL8H3e1xrkTDfPxyi.yU0Vo1WK', 'ward_officer', 'active', 1, '2026-06-08 09:28:00', NULL, NULL),
(6, 'Nadiba Farhat', 'nadiba@gmail.com', '$2y$10$vxm061Hr8hEPUgn87qVr.uY1l9FsLhGAxILsb3dhV2QGalOFTtgKq', 'ward_officer', 'active', 1, '2026-06-05 19:27:44', NULL, NULL),
(7, 'Kabir', 'kabir@drainguard.ac.bd', '$2y$10$BSgp5DSH1b5sVPWtTZPfHehjXEWMgPc3nyOba.1VR/jL6kiIbiIl.', 'ward_officer', 'active', 1, '2026-06-05 19:27:57', NULL, NULL),
(8, 'Fatema Sadia', 'sadia@drainguard.ac.bd', '$2y$10$oYrAHaLDawY95GJYDX7jA.FWCVeuSYF538SGU.uzSYyeBIdUtuDoW', 'inspector', 'active', 1, '2026-06-08 09:44:12', NULL, NULL),
(9, 'Khadiza Attahiya', 'khadiza@yahoo.com', '$2y$10$y1ekdfVjjs5uUOy7To7Pped1jvzcQJN7NHf6MyDjdlvVSSxmQ5Bya', 'inspector', 'active', 1, '2026-06-05 10:07:57', NULL, NULL),
(10, 'Santo Sarkar', 'santo@gmail.com', '$2y$10$ERaivNLg3L9C8puy11LIFuOW.KUM6dnCeIH0hpPohp3wMylJp5Wuu', 'inspector', 'suspended', 1, '2026-06-05 10:13:58', NULL, NULL),
(11, 'Kanon', 'kanon@gmail.com', '$2y$10$x5TQ3hFktVElDbgw0rsIYO4l88v6G.WNK9jZho4zQUszFl.FKj1Y6', 'team_leader', 'active', 1, '2026-06-08 09:43:30', NULL, NULL),
(13, 'Anik Sarkar', 'anik@gmail.com', '$2y$10$sUeJFR.RR32XsJbcEypRhOYMwJz7pHBmf.2S8wkqUdbHz7rRHAn.y', 'team_leader', 'active', 1, '2026-06-05 10:12:13', NULL, NULL),
(14, 'Anis', 'anis@gmail.com', '$2y$10$JrysGp6Om8C7HvyimPho3.rW2FAg5hNcZb2kAe5v2aCf3EtRhMQJm', 'team_leader', 'active', 1, '2026-06-05 10:13:27', NULL, NULL),
(15, 'Munna', 'munna@gmail.com', '$2y$10$/Ks7fDU0MHO9YdDXlNTNxeVK1FabmXMw1NzoKaT30bw/SjixNSPp2', 'citizen', 'active', 1, '2026-06-08 09:26:45', NULL, NULL),
(16, 'Zubayer Islam', 'zubayer@gmail.com', '$2y$10$TjZj.nIJYSe9j/fAms9iDOBfsgQY2wohjw.UMf7Y8bTeOy9zBD5wm', 'inspector', 'active', 1, '2026-06-06 02:53:57', NULL, NULL),
(17, 'Saif Hasan', 'saif@gmail.com', '$2y$10$d5qV40HSr77pymtOK8czzeoZIuNVY6QcUbuTZfecUApIxJYIwnOrK', 'ward_officer', 'active', 1, '2026-06-06 19:15:10', NULL, NULL),
(18, 'Rabiul', 'rabiul@gmail.com', '$2y$10$R5KmeRhsu99Hw1FZUteSEORv.mdvSFxbRvM/.T62dilcktLw/rNEi', 'team_leader', 'active', 1, '2026-06-07 18:19:46', NULL, NULL),
(19, 'Riad', 'riad@gmail.com', '$2y$10$IG3DA2iRHrENIGh07pjvaeoYzw0X3IAPQxDJQnkMvPtzw9EJYhJle', 'team_leader', 'active', 1, '2026-06-06 13:01:48', NULL, NULL),
(20, 'Md. Rahim Uddin', 'rahim.uddin24@gmail.com', '$2y$10$DcJ4nNP8pKjqXt3c0qU8I.ZAKgCDBHZVRmKQnDmK9ROB4JL3bob0S', 'citizen', 'active', 1, '2026-06-06 07:56:12', NULL, NULL),
(21, 'Md. Hasan Mahmud', 'hasan.mahmud27@gmail.com', '$2y$10$Yvg/YLfj.gP3OGeG6hN..Of5qd4/D6ljKQ5psCuHDkUlXxqbtuL3G', 'citizen', 'active', 1, '2026-06-06 09:51:39', NULL, NULL),
(22, 'Md. Tanvir Ahmed', 'tanvir.ahmed29@gmail.com', '$2y$10$SIe1wgRO3d0KwWgfCcGywuWOC7AUwl73Yhcla4113SpApPsixkQtK', 'central_officer', 'active', 1, '2026-06-06 09:44:58', NULL, NULL),
(23, 'Md. Ariful Islam', 'ariful.islam33@gmail.com', '$2y$10$otRWRbeTUdbc7qzSKXi7Aepx10/V/PooSavtQbDGDYd8qQHt3bV/S', 'inspector', 'active', 1, '2026-06-06 09:52:12', NULL, NULL),
(24, 'Nusrat Jahan', 'nusrat.jahan33@gmail.com', '$2y$10$j1pveiK3HwMKGvDRJEzy0u56H9NuvE3CEL6LN9lJhaBxDPEv6slU2', 'ward_officer', 'active', 1, '2026-06-06 09:51:15', NULL, NULL),
(25, 'Md. Rafiul Karim', 'rafiul.karim31@gmail.com', '$2y$10$m42fWolEMHQCZNGQvJGa9eN3QA9H9Ror3.tYjZhpxbXcH0O.jc3LO', 'team_leader', 'active', 1, '2026-06-07 18:19:29', NULL, NULL),
(26, 'Md. Imran Hossain', 'imran.hossain42@gmail.com', '$2y$10$aJm6f8aosFYOHR9wxGK3Cup0KdFPim0lXWQ83RzZptKeTp4qt/2J6', 'team_leader', 'active', 1, '2026-06-06 19:15:38', NULL, NULL),
(27, 'Nusrat Jahan', 'nusrat.jahan@gmail.com', '$2y$10$i4K7vJRjSM4A/cpkgu4Ty..BvLsB2NX6WkIcfTmj8T3I1Oj/udeD6', 'citizen', 'active', 1, '2026-06-06 23:08:39', NULL, NULL),
(28, 'Rakib Hasan', 'rakib.hasan.office@gmail.com', '$2y$10$JtSo/aBTchFP/CYO2HgPTOq9gMyn2Zh6th2zj7qUf8SjrXP3HfciK', 'central_officer', 'active', 1, '2026-06-06 23:43:16', NULL, NULL),
(29, 'Mahmudul Karim', 'mahmudul.inspector@gmail.com', '$2y$10$bad8QTGyfCQlgqRdg46EqOmYI4oXOeS4s3Zz7cnBnMyc6g5fToOOq', 'inspector', 'active', 1, '2026-06-08 09:38:28', NULL, NULL),
(30, 'Arif Hossain', 'arif.ward21@gmail.com', '$2y$10$53uyor4IU2d1OYohatLkkuGsz4yWvaj9h3fOeKSNdn8KNq8KD1c1K', 'ward_officer', 'active', 1, '2026-06-07 22:03:22', NULL, NULL),
(31, 'Salman Hossain', 'salman.leader21@gmail.com', '$2y$10$koeg9.l.vySG6iVX5Q5hgeg5gvIy2z0o4eVUCJHiWTvC.//AEbL/a', 'team_leader', 'active', 1, '2026-06-07 22:02:57', NULL, NULL),
(32, 'Mehedi Hasan', 'mehedi.assistant21@gmail.com', '$2y$10$YD.0aE8.tlr5o7YPNU7kV.WEwqpo2QGtAQE7MtrtERCiTFs4yjXz6', 'team_leader', 'active', 1, '2026-06-07 22:01:53', NULL, NULL),
(33, 'Farzana Akter', 'farzanaakter@gmail.com', '$2y$10$41MzSu/S4T7MrRzul2m87epwC2T8GjKgwgYnfmfOF6VTwQQkmvQvC', 'citizen', 'active', 1, '2026-06-08 12:38:28', NULL, NULL),
(34, 'Shakib Rahman', 'shakibrahman@gmail.com', '$2y$10$VV.atxKPMm7K2n8kSXV9N.1BROE54kvXVOaU/5PlKIuWTB9YKt51S', 'central_officer', 'active', 1, '2026-06-08 11:34:10', NULL, NULL),
(35, 'Samia Noor', 'samianoor@gmail.com', '$2y$10$Jn3Cuvfcf4jutfu5L8hMJOb/0WKBb1/nmxI0iWrY3K32izauc741G', 'inspector', 'active', 1, '2026-06-08 11:39:52', NULL, NULL),
(36, 'Aminul Haque', 'aminulhaque@gmail.com', '$2y$10$fOQuas9KHpprXo9uzS0jLeK7cCafyUTzH5fIuuFrUSI.SiBpbJAVe', 'ward_officer', 'active', 1, '2026-06-08 11:45:25', NULL, NULL),
(37, 'Mamunur Rashid', 'mamunurrashid@gmail.com', '$2y$10$omdJOpXe51RmPuBuhansIOUi34k0wMLyTtkkLtNnMqoBeil5F97xy', 'team_leader', 'active', 1, '2026-06-08 13:10:10', NULL, NULL),
(38, 'Shahriar Alam', 'shahriaralam@gmail.com', '$2y$10$M5k6TQIGP8epx4Y4wEy2i.fDkm/ps/tQv7HRbMTTATHtyLiohOeei', 'team_leader', 'active', 1, '2026-06-08 13:12:27', NULL, NULL),
(39, 'Abdullah Noman', 'abdullahnoman@gmail.com', '$2y$10$61zlu/9wmor8PRK8MfmDxOCNFYg1LfIbG/uM.hS0cyPQ2JKkwb/oy', 'assistant_team_leader', 'active', 0, NULL, NULL, NULL);

-- --------------------------------------------------------

--
-- Table structure for table `wards`
--

CREATE TABLE `wards` (
  `ward_id` int(11) NOT NULL,
  `city_cor_id` int(11) NOT NULL,
  `thana_id` int(11) NOT NULL,
  `anchal_id` int(11) DEFAULT NULL,
  `ward_no` int(11) NOT NULL,
  `ward_name` varchar(100) NOT NULL
) ENGINE=InnoDB DEFAULT CHARSET=utf8mb4 COLLATE=utf8mb4_general_ci;

--
-- Dumping data for table `wards`
--

INSERT INTO `wards` (`ward_id`, `city_cor_id`, `thana_id`, `anchal_id`, `ward_no`, `ward_name`) VALUES
(1, 1, 1, 15, 30, 'Ward 30'),
(2, 1, 2, 13, 21, 'Ward 21'),
(3, 1, 2, 20, 37, 'Ward 37'),
(4, 1, 2, 20, 38, 'Ward 38'),
(5, 1, 2, 20, 41, 'Ward 41'),
(6, 1, 2, 20, 42, 'Ward 42'),
(7, 1, 3, 13, 19, 'Ward 19'),
(8, 1, 3, 13, 20, 'Ward 20'),
(9, 1, 4, 12, 15, 'Ward 15'),
(10, 1, 5, 19, 39, 'Ward 39'),
(11, 1, 5, 19, 40, 'Ward 40'),
(12, 1, 5, 11, 17, 'Ward 17'),
(14, 1, 6, 17, 50, 'Ward 50'),
(16, 1, 8, 17, 47, 'Ward 47'),
(17, 1, 8, 17, 49, 'Ward 49'),
(19, 1, 9, 14, 9, 'Ward 9'),
(20, 1, 9, 14, 10, 'Ward 10'),
(21, 1, 10, 15, 34, 'Ward 34'),
(22, 1, 11, 13, 18, 'Ward 18'),
(23, 1, 12, 13, 22, 'Ward 22'),
(24, 1, 13, 12, 4, 'Ward 4'),
(25, 1, 13, 14, 16, 'Ward 16'),
(26, 1, 14, 19, 43, 'Ward 43'),
(27, 1, 14, 17, 48, 'Ward 48'),
(28, 1, 15, 14, 11, 'Ward 11'),
(29, 1, 15, 14, 12, 'Ward 12'),
(30, 1, 15, 14, 13, 'Ward 13'),
(31, 1, 15, 14, 14, 'Ward 14'),
(32, 1, 16, 15, 29, 'Ward 29'),
(33, 1, 16, 15, 31, 'Ward 31'),
(34, 1, 16, 15, 32, 'Ward 32'),
(35, 1, 16, 15, 33, 'Ward 33'),
(36, 1, 17, 12, 2, 'Ward 2'),
(37, 1, 17, 12, 3, 'Ward 3'),
(38, 1, 17, 12, 5, 'Ward 5'),
(39, 1, 18, 13, 35, 'Ward 35'),
(40, 1, 18, 13, 36, 'Ward 36'),
(41, 1, 19, 13, 23, 'Ward 23'),
(42, 1, 20, 12, 6, 'Ward 6'),
(43, 1, 20, 12, 7, 'Ward 7'),
(44, 1, 21, 12, 8, 'Ward 8'),
(45, 1, 22, 15, 27, 'Ward 27'),
(46, 1, 22, 15, 28, 'Ward 28'),
(47, 1, 23, 15, 26, 'Ward 26'),
(48, 1, 24, 13, 24, 'Ward 24'),
(49, 1, 24, 13, 25, 'Ward 25'),
(50, 1, 25, 16, 52, 'Ward 52'),
(51, 1, 25, 16, 53, 'Ward 53'),
(52, 1, 25, 16, 54, 'Ward 54'),
(53, 1, 26, 16, 51, 'Ward 51'),
(54, 1, 27, 11, 1, 'Ward 1'),
(55, 1, 28, 18, 44, 'Ward 44'),
(56, 1, 28, 18, 45, 'Ward 45'),
(57, 1, 28, 18, 46, 'Ward 46'),
(58, 1, 7, 12, 98, 'Ward 98'),
(59, 2, 29, 4, 33, 'Ward 33'),
(60, 2, 29, 4, 34, 'Ward 34'),
(61, 2, 29, 4, 35, 'Ward 35'),
(62, 2, 29, 4, 30, 'Ward 30'),
(63, 2, 30, 3, 27, 'Ward 27'),
(64, 2, 30, 3, 28, 'Ward 28'),
(65, 2, 30, 3, 29, 'Ward 29'),
(66, 2, 30, 4, 31, 'Ward 31'),
(67, 2, 31, 8, 66, 'Ward 66'),
(68, 2, 31, 8, 67, 'Ward 67'),
(69, 2, 31, 8, 68, 'Ward 68'),
(70, 2, 31, 8, 69, 'Ward 69'),
(71, 2, 31, 6, 70, 'Ward 70'),
(72, 2, 31, 9, 65, 'Ward 65'),
(73, 2, 32, 1, 15, 'Ward 15'),
(74, 2, 33, 5, 40, 'Ward 40'),
(75, 2, 33, 5, 44, 'Ward 44'),
(76, 2, 33, 5, 45, 'Ward 45'),
(77, 2, 33, 5, 46, 'Ward 46'),
(78, 2, 34, 3, 14, 'Ward 14'),
(79, 2, 34, 3, 22, 'Ward 22'),
(80, 2, 35, 5, 48, 'Ward 48'),
(81, 2, 35, 5, 49, 'Ward 49'),
(82, 2, 35, 5, 50, 'Ward 50'),
(83, 2, 35, 9, 62, 'Ward 62'),
(84, 2, 35, 9, 63, 'Ward 63'),
(85, 2, 35, 9, 64, 'Ward 64'),
(86, 2, 36, 5, 52, 'Ward 52'),
(87, 2, 36, 5, 53, 'Ward 53'),
(88, 2, 36, 10, 58, 'Ward 58'),
(89, 2, 37, 1, 16, 'Ward 16'),
(90, 2, 38, 3, 55, 'Ward 55'),
(91, 2, 38, 3, 56, 'Ward 56'),
(92, 2, 38, 3, 57, 'Ward 57'),
(93, 2, 39, 2, 1, 'Ward 1'),
(94, 2, 39, 2, 2, 'Ward 2'),
(95, 2, 39, 2, 3, 'Ward 3'),
(96, 2, 39, 6, 75, 'Ward 75'),
(97, 2, 40, 4, 32, 'Ward 32'),
(98, 2, 40, 4, 36, 'Ward 36'),
(99, 2, 40, 4, 37, 'Ward 37'),
(100, 2, 41, 3, 23, 'Ward 23'),
(101, 2, 41, 3, 24, 'Ward 24'),
(102, 2, 41, 3, 25, 'Ward 25'),
(103, 2, 41, 3, 26, 'Ward 26'),
(104, 2, 42, 2, 8, 'Ward 8'),
(105, 2, 42, 2, 9, 'Ward 9'),
(106, 2, 42, 2, 10, 'Ward 10'),
(107, 2, 43, 2, 6, 'Ward 6'),
(108, 2, 43, 5, 7, 'Ward 7'),
(109, 2, 43, 7, 71, 'Ward 71'),
(110, 2, 43, 7, 72, 'Ward 72'),
(111, 2, 44, 1, 18, 'Ward 18'),
(112, 2, 45, 2, 13, 'Ward 13'),
(113, 2, 45, 1, 20, 'Ward 20'),
(114, 2, 46, 1, 19, 'Ward 19'),
(115, 2, 47, 2, 4, 'Ward 4'),
(116, 2, 47, 2, 5, 'Ward 5'),
(117, 2, 47, 7, 73, 'Ward 73'),
(118, 2, 47, 6, 74, 'Ward 74'),
(119, 2, 48, 1, 21, 'Ward 21'),
(120, 2, 49, 2, 11, 'Ward 11'),
(121, 2, 49, 2, 12, 'Ward 12'),
(122, 2, 50, 1, 17, 'Ward 17'),
(123, 2, 51, 5, 47, 'Ward 47'),
(124, 2, 51, 5, 51, 'Ward 51'),
(125, 2, 51, 5, 54, 'Ward 54'),
(126, 2, 52, 4, 42, 'Ward 42'),
(127, 2, 52, 4, 43, 'Ward 43'),
(128, 2, 53, 4, 38, 'Ward 38'),
(129, 2, 53, 5, 39, 'Ward 39'),
(130, 2, 53, 5, 41, 'Ward 41'),
(131, 2, 36, 10, 59, 'Ward 59'),
(132, 2, 36, 10, 60, 'Ward 60'),
(133, 2, 36, 10, 61, 'Ward 61'),
(134, 3, 54, 21, 1, 'Ward 1'),
(135, 3, 55, 21, 1, 'Ward 1'),
(136, 3, 56, 21, 1, 'Ward 1'),
(137, 3, 57, 21, 1, 'Ward 1'),
(138, 3, 58, 21, 1, 'Ward 1'),
(139, 3, 59, 21, 1, 'Ward 1'),
(140, 3, 60, 21, 1, 'Ward 1'),
(141, 3, 61, 21, 1, 'Ward 1'),
(142, 3, 62, 21, 1, 'Ward 1'),
(143, 3, 63, 21, 1, 'Ward 1'),
(144, 3, 64, 21, 1, 'Ward 1'),
(145, 3, 65, 21, 1, 'Ward 1'),
(146, 3, 66, 21, 1, 'Ward 1'),
(147, 3, 67, 21, 1, 'Ward 1'),
(148, 3, 68, 21, 1, 'Ward 1'),
(149, 3, 69, 21, 1, 'Ward 1'),
(150, 4, 70, 22, 1, 'Ward 1'),
(151, 4, 71, 22, 1, 'Ward 1'),
(152, 4, 72, 22, 1, 'Ward 1'),
(153, 4, 73, 22, 1, 'Ward 1'),
(154, 4, 74, 22, 1, 'Ward 1'),
(155, 4, 75, 22, 1, 'Ward 1'),
(156, 5, 76, 23, 1, 'Ward 1'),
(157, 5, 77, 23, 1, 'Ward 1'),
(158, 5, 78, 23, 1, 'Ward 1'),
(159, 5, 79, 23, 1, 'Ward 1'),
(160, 6, 80, 24, 1, 'Ward 1'),
(161, 7, 81, 25, 1, 'Ward 1'),
(162, 8, 82, 26, 1, 'Ward 1'),
(163, 9, 83, 27, 1, 'Ward 1'),
(164, 10, 84, 28, 1, 'Ward 1'),
(165, 11, 85, 29, 1, 'Ward 1'),
(166, 12, 86, 30, 1, 'Ward 1');

-- --------------------------------------------------------

--
-- Table structure for table `ward_notifications`
--

CREATE TABLE `ward_notifications` (
  `notification_id` int(11) NOT NULL,
  `recipient_user_id` int(11) NOT NULL,
  `sender_user_id` int(11) DEFAULT NULL,
  `related_complaint_id` int(11) DEFAULT NULL,
  `notification_type` varchar(80) NOT NULL DEFAULT 'system',
  `notification_title` varchar(150) NOT NULL,
  `notification_message` text NOT NULL,
  `is_read` tinyint(1) NOT NULL DEFAULT 0,
  `created_at` datetime NOT NULL DEFAULT current_timestamp()
) ENGINE=InnoDB DEFAULT CHARSET=utf8mb4 COLLATE=utf8mb4_general_ci;

--
-- Dumping data for table `ward_notifications`
--

INSERT INTO `ward_notifications` (`notification_id`, `recipient_user_id`, `sender_user_id`, `related_complaint_id`, `notification_type`, `notification_title`, `notification_message`, `is_read`, `created_at`) VALUES
(1, 5, 4, 34, 'complaint_routed', 'New Complaint Assigned', 'Central Control has routed complaint #DG-20260604-63993 to your ward for verification.', 1, '2026-06-04 12:56:37'),
(2, 5, 1, 34, 'comment_reply', 'New Comment on Complaint', 'A new comment was added to complaint DG-20260604-63993.', 1, '2026-06-04 13:39:36'),
(3, 5, 4, 34, 'comment_reply', 'New Comment on Complaint', 'A new comment was added to complaint DG-20260604-63993.', 1, '2026-06-04 13:59:37'),
(4, 6, 1, 27, 'comment_reply', 'New Comment on Complaint', 'A new comment was added to complaint DG-20260601-35614.', 1, '2026-06-04 15:39:09'),
(5, 6, 4, 27, 'comment_reply', 'New Reply to Your Comment', 'Someone replied to your comment on complaint DG-20260601-35614.', 1, '2026-06-04 15:39:46'),
(6, 7, 4, 36, 'complaint_routed', 'New Complaint Assigned', 'Central Control has routed complaint #DG-20260604-46464 to your ward for verification.', 1, '2026-06-04 15:58:39'),
(7, 5, 11, 25, 'system', 'Maintenance Support Required', 'Support requested for task DG-20260601-66917 by Maintenance Team.', 1, '2026-06-04 20:15:37'),
(8, 5, 11, 25, 'system', 'Maintenance Support Required', 'Support requested for task DG-20260601-66917 by Maintenance Team.', 1, '2026-06-04 20:18:39'),
(9, 5, 11, 25, 'system', 'Maintenance Support Required', 'Support requested for task DG-20260601-66917 by Maintenance Team.', 1, '2026-06-04 20:35:24'),
(10, 5, 11, 25, 'system', 'Maintenance Support Required', 'Support requested for task DG-20260601-66917 by Maintenance Team.', 1, '2026-06-04 20:42:16'),
(11, 5, 11, 25, 'system', 'Proof Submitted', 'Maintenance team team mars rover submitted completion proof for your assigned complaint.', 1, '2026-06-04 21:27:49'),
(12, 5, 8, 25, 'system', 'Review Started', 'Inspector has started reviewing the completion proof for assigned complaint DG-20260601-66917.', 1, '2026-06-04 22:14:52'),
(13, 5, 8, 25, 'system', 'Work Approved', 'Inspector approved the completed work for your assigned ward complaint DG-20260601-66917.', 0, '2026-06-04 22:47:51'),
(23, 7, 13, 32, 'system', 'Proof Submitted', 'Maintenance team team mongol tori submitted completion proof for your assigned complaint.', 0, '2026-06-05 00:23:54'),
(24, 7, 9, 32, 'system', 'Review Started', 'Inspector has started reviewing the completion proof for assigned complaint DG-20260601-42274.', 0, '2026-06-05 00:24:15'),
(25, 7, 9, 32, 'system', 'False Completion Claim', 'Inspector reported possible false completion for complaint DG-20260601-42274. Please review this claim.', 1, '2026-06-05 00:24:32'),
(29, 5, 4, 37, 'complaint_routed', 'New Complaint Assigned', 'Central Control has routed complaint #DG-20260605-64450 to your ward for verification.', 1, '2026-06-05 02:22:25'),
(30, 5, 11, 37, 'system', 'Proof Submitted', 'Maintenance team team mars rover submitted completion proof for your assigned complaint.', 0, '2026-06-05 02:24:08'),
(31, 5, 8, 37, 'system', 'Review Started', 'Inspector has started reviewing the completion proof for assigned complaint DG-20260605-64450.', 0, '2026-06-05 02:24:49'),
(32, 5, 8, 37, 'system', 'False Completion Claim', 'Inspector reported possible false completion for complaint DG-20260605-64450. Please review this claim.', 0, '2026-06-05 02:25:20'),
(33, 5, 11, 37, 'system', 'Proof Submitted', 'Maintenance team team mars rover submitted completion proof for your assigned complaint.', 0, '2026-06-05 02:29:05'),
(34, 5, 8, 37, 'system', 'Review Started', 'Inspector has started reviewing the completion proof for assigned complaint DG-20260605-64450.', 0, '2026-06-05 02:29:22'),
(35, 5, 8, 37, 'system', 'Work Approved', 'Inspector approved the completed work for your assigned ward complaint DG-20260605-64450.', 0, '2026-06-05 02:29:32'),
(36, 7, 4, 58, 'complaint_routed', 'New Complaint Assigned', 'Central Control has routed complaint #DG-20260605-81889 to your ward for verification.', 0, '2026-06-05 09:25:37'),
(37, 5, 4, 56, 'complaint_routed', 'New Complaint Assigned', 'Central Control has routed complaint #DG-20260605-40954 to your ward for verification.', 0, '2026-06-05 09:25:39'),
(38, 6, 4, 72, 'complaint_routed', 'New Complaint Assigned', 'Central Control has routed complaint #DG-20260605-60416 to your ward for verification.', 1, '2026-06-05 09:25:47'),
(39, 7, 4, 71, 'complaint_routed', 'New Complaint Assigned', 'Central Control has routed complaint #DG-20260605-63522 to your ward for verification.', 0, '2026-06-05 09:25:50'),
(40, 5, 4, 57, 'complaint_routed', 'New Complaint Assigned', 'Central Control has routed complaint #DG-20260605-22380 to your ward for verification.', 0, '2026-06-05 09:25:54'),
(41, 5, 4, 30, 'complaint_routed', 'New Complaint Assigned', 'Central Control has routed complaint #DG-20260601-59321 to your ward for verification.', 0, '2026-06-05 09:25:55'),
(42, 7, 4, 26, 'complaint_routed', 'New Complaint Assigned', 'Central Control has routed complaint #DG-20260601-30688 to your ward for verification.', 0, '2026-06-05 09:26:00'),
(43, 7, 13, 58, 'system', 'Maintenance Support Required', 'Support requested for task DG-20260605-81889 by Maintenance Team.', 1, '2026-06-05 10:01:28'),
(44, 7, 13, 58, 'system', 'Maintenance Support Required', 'Support requested for task DG-20260605-81889 by Maintenance Team.', 0, '2026-06-05 10:05:38'),
(45, 7, 13, 26, 'system', 'Proof Submitted', 'Maintenance team team mongol tori submitted completion proof for your assigned complaint.', 0, '2026-06-05 10:06:16'),
(46, 7, 13, 71, 'system', 'Proof Submitted', 'Maintenance team team mongol tori submitted completion proof for your assigned complaint.', 0, '2026-06-05 10:06:29'),
(47, 7, 9, 71, 'system', 'Review Started', 'Inspector has started reviewing the completion proof for assigned complaint DG-20260605-63522.', 0, '2026-06-05 10:07:16'),
(48, 7, 9, 26, 'system', 'Review Started', 'Inspector has started reviewing the completion proof for assigned complaint DG-20260601-30688.', 0, '2026-06-05 10:07:22'),
(49, 7, 9, 71, 'system', 'Work Approved', 'Inspector approved the completed work for your assigned ward complaint DG-20260605-63522.', 0, '2026-06-05 10:08:13'),
(50, 7, 9, 26, 'system', 'False Completion Claim', 'Inspector reported possible false completion for complaint DG-20260601-30688. Please review this claim.', 0, '2026-06-05 10:08:32'),
(51, 7, 13, 58, 'system', 'Proof Submitted', 'Maintenance team team mongol tori submitted completion proof for your assigned complaint.', 0, '2026-06-05 10:12:35'),
(52, 6, 14, 72, 'system', 'Proof Submitted', 'Maintenance team Team night fighters submitted completion proof for your assigned complaint.', 0, '2026-06-05 10:13:45'),
(53, 6, 10, 72, 'system', 'Review Started', 'Inspector has started reviewing the completion proof for assigned complaint DG-20260605-60416.', 0, '2026-06-05 10:14:06'),
(54, 6, 10, 72, 'system', 'False Completion Claim', 'Inspector reported possible false completion for complaint DG-20260605-60416. Please review this claim.', 1, '2026-06-05 10:14:24'),
(55, 5, 11, 56, 'system', 'Proof Submitted', 'Maintenance team team mars rover submitted completion proof for your assigned complaint.', 0, '2026-06-05 11:49:27'),
(56, 5, 11, 37, 'system', 'Proof Submitted', 'Maintenance team team mars rover submitted completion proof for your assigned complaint.', 0, '2026-06-05 11:49:44'),
(57, 5, 8, 37, 'system', 'Review Started', 'Inspector has started reviewing the completion proof for assigned complaint DG-20260605-64450.', 0, '2026-06-05 11:50:10'),
(58, 5, 8, 56, 'system', 'Review Started', 'Inspector has started reviewing the completion proof for assigned complaint DG-20260605-40954.', 0, '2026-06-05 11:50:16'),
(59, 5, 8, 37, 'system', 'Work Approved', 'Inspector approved the completed work for your assigned ward complaint DG-20260605-64450.', 1, '2026-06-05 11:50:21'),
(60, 5, 8, 56, 'system', 'Work Approved', 'Inspector approved the completed work for your assigned ward complaint DG-20260605-40954.', 1, '2026-06-05 11:50:26'),
(62, 5, 4, NULL, 'central_instruction', 'New instruction from Central Officer for Ward 17.', 'Please assign an available maintenance team for the verified drainage issue in this ward.', 1, '2026-06-05 12:53:28'),
(64, 5, 4, 64, 'complaint_routed', 'New Complaint Assigned', 'Central Control has routed complaint #DG-20260605-50954 to your ward for verification.', 0, '2026-06-05 14:14:26'),
(65, 5, 4, 70, 'complaint_routed', 'New Complaint Assigned', 'Central Control has routed complaint #DG-20260605-10983 to your ward for verification.', 1, '2026-06-05 14:14:29'),
(66, 5, 11, 69, 'system', 'Maintenance Support Required', 'Support requested for task DG-20260605-70215 by Maintenance Team.', 1, '2026-06-05 14:24:23'),
(67, 5, 11, 69, 'system', 'Maintenance Support Required', 'Support requested for task DG-20260605-70215 by Maintenance Team.', 0, '2026-06-05 14:25:40'),
(68, 5, 11, 64, 'system', 'Proof Submitted', 'Maintenance team team mars rover submitted completion proof for your assigned complaint.', 0, '2026-06-05 17:44:09'),
(69, 5, 11, 69, 'system', 'Proof Submitted', 'Maintenance team team mars rover submitted completion proof for your assigned complaint.', 1, '2026-06-05 17:44:31'),
(70, 5, 8, 69, 'system', 'Review Started', 'Inspector has started reviewing the completion proof for assigned complaint DG-20260605-70215.', 1, '2026-06-05 17:45:08'),
(71, 5, 8, 64, 'system', 'Review Started', 'Inspector has started reviewing the completion proof for assigned complaint DG-20260605-50954.', 0, '2026-06-05 17:45:15'),
(72, 5, 8, 69, 'system', 'False Completion Claim', 'Inspector reported possible false completion for complaint DG-20260605-70215. Please review this claim.', 1, '2026-06-05 17:45:38'),
(73, 5, 8, 64, 'system', 'Work Approved', 'Inspector approved the completed work for your assigned ward complaint DG-20260605-50954.', 1, '2026-06-05 17:45:48'),
(74, 5, 4, NULL, 'central_instruction', 'New instruction from Central Officer for Ward 17.', 'Please review the reopened complaint and decide whether further maintenance action is required.', 1, '2026-06-05 19:26:39'),
(75, 7, 4, 60, 'complaint_routed', 'New Complaint Assigned', 'Central Control has routed complaint #DG-20260605-77372 to your ward for verification.', 0, '2026-06-05 19:27:31'),
(76, 17, 3, 86, 'complaint_routed', 'New Complaint Assigned', 'Central Control has routed complaint #DG-20260605-65882 to your ward for verification.', 1, '2026-06-05 22:07:19'),
(77, 17, 3, 83, 'complaint_routed', 'New Complaint Assigned', 'Central Control has routed complaint #DG-20260605-61171 to your ward for verification.', 1, '2026-06-05 22:19:12'),
(78, 17, 3, 82, 'complaint_routed', 'New Complaint Assigned for Verification', 'Central Control has routed complaint #DG-20260605-76234 to your ward for verification.', 1, '2026-06-05 22:30:39'),
(79, 17, 3, 84, 'complaint_routed', 'New Complaint Assigned for Verification', 'Central Control has routed complaint #DG-20260605-37588 to your ward for verification.', 1, '2026-06-05 22:39:02'),
(80, 17, 3, 81, 'complaint_routed', 'New Complaint Assigned for Verification', 'Central Control has routed complaint #DG-20260605-44561 to your ward for verification.', 1, '2026-06-05 22:39:07'),
(81, 17, 3, 80, 'complaint_routed', 'New Complaint Assigned for Verification', 'Central Control has routed complaint #DG-20260605-68188 to your ward for verification.', 1, '2026-06-05 22:39:11'),
(82, 17, 3, 79, 'complaint_routed', 'New Complaint Assigned for Verification', 'Central Control has routed complaint #DG-20260605-55724 to your ward for verification.', 1, '2026-06-05 22:39:20'),
(83, 17, 15, 82, 'comment_reply', 'New Comment on Complaint', 'A new comment was added to complaint DG-20260605-76234.', 1, '2026-06-05 23:25:01'),
(84, 17, 15, 84, 'comment_reply', 'New Comment on Complaint', 'A new comment was added to complaint DG-20260605-37588.', 1, '2026-06-05 23:25:19'),
(85, 17, 18, 81, 'system', 'Maintenance Support Required', 'Support requested for task DG-20260605-44561 by Maintenance Team.', 0, '2026-06-05 23:38:09'),
(86, 17, 18, 81, 'system', 'Maintenance Support Required', 'Support requested for task DG-20260605-44561 by Maintenance Team.', 0, '2026-06-05 23:38:10'),
(87, 17, 18, 81, 'system', 'Maintenance Support Required', 'Support requested for task DG-20260605-44561 by Maintenance Team.', 0, '2026-06-05 23:38:14'),
(88, 17, 18, 81, 'system', 'Maintenance Support Required', 'Support requested for task DG-20260605-44561 by Maintenance Team.', 0, '2026-06-05 23:38:15'),
(89, 17, 18, 81, 'system', 'Maintenance Support Required', 'Support requested for task DG-20260605-44561 by Maintenance Team.', 0, '2026-06-05 23:38:16'),
(90, 17, 18, 81, 'system', 'Maintenance Support Required', 'Support requested for task DG-20260605-44561 by Maintenance Team.', 0, '2026-06-05 23:38:16'),
(91, 5, 11, 37, 'system', 'Maintenance Support Required', 'Support requested for task DG-20260605-64450 by Maintenance Team.', 1, '2026-06-05 23:46:11'),
(92, 17, 18, 81, 'system', 'Maintenance Support Required', 'Support requested for task DG-20260605-44561 by Maintenance Team.', 1, '2026-06-05 23:48:17'),
(93, 17, 18, 81, 'system', 'Maintenance Support Required', 'Support requested for task DG-20260605-44561 by Maintenance Team.', 1, '2026-06-05 23:48:29'),
(94, 17, 18, 81, 'maintenance_support_assigned_task', 'Support Requested for Assigned Task', 'Maintenance Team requested support for assigned complaint DG-20260605-44561. Please check Local Team Assignment.', 1, '2026-06-05 23:55:03'),
(95, 17, 18, 81, 'maintenance_support_in_progress', 'Support Requested for In Progress Work', 'Maintenance Team requested support for in-progress complaint DG-20260605-44561. Please check In Progress Cases.', 1, '2026-06-06 00:09:11'),
(96, 3, 19, 83, 'maintenance_start_work', 'Maintenance Work Started', 'Maintenance Team has started work on complaint DG-20260605-61171.', 0, '2026-06-06 00:23:01'),
(97, 3, 19, 80, 'maintenance_start_work', 'Maintenance Work Started', 'Maintenance Team has started work on complaint DG-20260605-68188.', 0, '2026-06-06 00:23:14'),
(98, 3, 19, 79, 'maintenance_start_work', 'Maintenance Work Started', 'Maintenance Team has started work on complaint DG-20260605-55724.', 0, '2026-06-06 00:23:21'),
(99, 17, 11, 86, 'maintenance_start_work', 'Maintenance Work Started', 'Maintenance Team has started work on complaint DG-20260605-65882.', 0, '2026-06-06 00:30:38'),
(100, 5, 11, 37, 'maintenance_start_work', 'Maintenance Work Started', 'Maintenance Team has started work on complaint DG-20260605-64450.', 1, '2026-06-06 00:30:44'),
(101, 17, 11, 86, 'system', 'Proof Submitted', 'Maintenance team team mars rover submitted completion proof for your assigned complaint.', 1, '2026-06-06 00:32:15'),
(102, 17, 16, 86, 'system', 'Review Started', 'Inspector has started reviewing the completion proof for assigned complaint DG-20260605-65882.', 1, '2026-06-06 00:39:27'),
(103, 17, 16, 86, 'inspector_work_approved', 'Work Approved by Inspector', 'Inspector approved the completed work for complaint DG-20260605-65882. The complaint is now closed/solved.', 1, '2026-06-06 00:59:14'),
(104, 17, 19, 79, 'maintenance_completion_proof_submitted', 'Completion Proof Submitted', 'Maintenance Team submitted completion proof for complaint DG-20260605-55724. The complaint is now waiting for inspector review.', 0, '2026-06-06 01:08:59'),
(105, 17, 19, 80, 'maintenance_completion_proof_submitted', 'Completion Proof Submitted', 'Maintenance Team submitted completion proof for complaint DG-20260605-68188. The complaint is now waiting for inspector review.', 0, '2026-06-06 01:09:25'),
(106, 17, 19, 83, 'maintenance_completion_proof_submitted', 'Completion Proof Submitted', 'Maintenance Team submitted completion proof for complaint DG-20260605-61171. The complaint is now waiting for inspector review.', 1, '2026-06-06 01:09:35'),
(107, 17, 16, 83, 'inspector_review_started', 'Inspector Review Started', 'Inspector has started reviewing complaint DG-20260605-61171.', 1, '2026-06-06 01:15:59'),
(108, 17, 16, 80, 'inspector_review_started', 'Inspector Review Started', 'Inspector has started reviewing complaint DG-20260605-68188.', 1, '2026-06-06 01:16:06'),
(109, 17, 16, 79, 'inspector_review_started', 'Inspector Review Started', 'Inspector has started reviewing complaint DG-20260605-55724.', 1, '2026-06-06 01:19:50'),
(110, 17, 16, 83, 'inspector_work_approved', 'Work Approved by Inspector', 'Inspector approved the completed work for complaint DG-20260605-61171. The complaint is now closed/solved.', 1, '2026-06-06 01:20:05'),
(111, 17, 16, 80, 'inspector_false_completion_confirmed', 'False Completion Confirmed', 'Inspector confirmed false completion for complaint DG-20260605-68188. The case has been reopened/disputed.', 1, '2026-06-06 01:24:16'),
(112, 17, 16, 79, 'inspector_work_approved', 'Work Approved by Inspector', 'Inspector approved the completed work for complaint DG-20260605-55724. The complaint is now closed/solved.', 1, '2026-06-06 01:24:32'),
(113, 17, 18, 81, 'maintenance_completion_proof_submitted', 'Completion Proof Submitted', 'Maintenance Team submitted completion proof for complaint DG-20260605-44561. The complaint is now waiting for inspector review.', 1, '2026-06-06 01:34:24'),
(114, 17, 16, 81, 'inspector_review_started', 'Inspector Review Started', 'Inspector has started reviewing complaint DG-20260605-44561.', 1, '2026-06-06 01:34:38'),
(115, 17, 16, 81, 'inspector_false_completion_confirmed', 'False Completion Confirmed', 'Inspector confirmed false completion for complaint DG-20260605-44561. The case has been reopened/disputed.', 1, '2026-06-06 01:35:04'),
(116, 17, 15, 83, 'citizen_objection_submitted', 'Citizen Submitted Objection', 'Citizen submitted an objection for complaint DG-20260605-61171. Please review the objection details.', 1, '2026-06-06 02:06:13'),
(117, 24, 22, 96, 'complaint_routed', 'New Complaint Assigned for Verification', 'Central Control has routed complaint #DG-20260606-41196 to your ward for verification.', 0, '2026-06-06 09:06:52'),
(118, 24, 22, 91, 'complaint_routed', 'New Complaint Assigned for Verification', 'Central Control has routed complaint #DG-20260606-81123 to your ward for verification.', 0, '2026-06-06 09:06:57'),
(119, 24, 22, 92, 'complaint_routed', 'New Complaint Assigned for Verification', 'Central Control has routed complaint #DG-20260606-66666 to your ward for verification.', 0, '2026-06-06 09:07:09'),
(120, 6, 22, 63, 'complaint_routed', 'New Complaint Assigned for Verification', 'Central Control has routed complaint #DG-20260605-39582 to your ward for verification.', 0, '2026-06-06 09:07:12'),
(121, 24, 22, 90, 'complaint_routed', 'New Complaint Assigned for Verification', 'Central Control has routed complaint #DG-20260606-19649 to your ward for verification.', 1, '2026-06-06 09:07:16'),
(122, 24, 22, 88, 'complaint_routed', 'New Complaint Assigned for Verification', 'Central Control has routed complaint #DG-20260606-76261 to your ward for verification.', 0, '2026-06-06 09:08:13'),
(123, 24, 22, 87, 'complaint_routed', 'New Complaint Assigned for Verification', 'Central Control has routed complaint #DG-20260606-63863 to your ward for verification.', 0, '2026-06-06 09:08:17'),
(124, 24, 22, 93, 'complaint_routed', 'New Complaint Assigned for Verification', 'Central Control has routed complaint #DG-20260606-15711 to your ward for verification.', 0, '2026-06-06 09:08:29'),
(125, 24, 22, 89, 'complaint_routed', 'New Complaint Assigned for Verification', 'Central Control has routed complaint #DG-20260606-18858 to your ward for verification.', 1, '2026-06-06 09:08:37'),
(126, 24, 21, 91, 'comment_reply', 'New Comment on Complaint', 'A new comment was added to complaint DG-20260606-81123.', 1, '2026-06-06 09:11:30'),
(127, 24, 22, 91, 'comment_reply', 'New Reply to Your Comment', 'Someone replied to your comment on complaint DG-20260606-81123.', 1, '2026-06-06 09:12:04'),
(128, 24, 25, 96, 'maintenance_start_work', 'Maintenance Work Started', 'Maintenance Team has started work on complaint DG-20260606-41196.', 1, '2026-06-06 09:30:25'),
(129, 24, 25, 88, 'maintenance_support_assigned_task', 'Support Requested for Assigned Task', 'Maintenance Team requested support for assigned complaint DG-20260606-76261. Please check Local Team Assignment.', 1, '2026-06-06 09:30:45'),
(130, 24, 25, 88, 'maintenance_start_work', 'Maintenance Work Started', 'Maintenance Team has started work on complaint DG-20260606-76261.', 0, '2026-06-06 09:33:05'),
(131, 24, 25, 90, 'maintenance_start_work', 'Maintenance Work Started', 'Maintenance Team has started work on complaint DG-20260606-19649.', 1, '2026-06-06 09:33:11'),
(132, 24, 25, 90, 'maintenance_support_in_progress', 'Support Requested for In Progress Work', 'Maintenance Team requested support for in-progress complaint DG-20260606-19649. Please check In Progress Cases.', 1, '2026-06-06 09:33:34'),
(133, 24, 25, 90, 'maintenance_completion_proof_submitted', 'Completion Proof Submitted', 'Maintenance Team submitted completion proof for complaint DG-20260606-19649. The complaint is now waiting for inspector review.', 0, '2026-06-06 09:38:27'),
(134, 24, 25, 88, 'maintenance_completion_proof_submitted', 'Completion Proof Submitted', 'Maintenance Team submitted completion proof for complaint DG-20260606-76261. The complaint is now waiting for inspector review.', 0, '2026-06-06 09:38:45'),
(135, 24, 25, 96, 'maintenance_completion_proof_submitted', 'Completion Proof Submitted', 'Maintenance Team submitted completion proof for complaint DG-20260606-41196. The complaint is now waiting for inspector review.', 1, '2026-06-06 09:38:56'),
(136, 24, 26, 87, 'maintenance_start_work', 'Maintenance Work Started', 'Maintenance Team has started work on complaint DG-20260606-63863.', 0, '2026-06-06 09:40:29'),
(137, 24, 26, 87, 'maintenance_completion_proof_submitted', 'Completion Proof Submitted', 'Maintenance Team submitted completion proof for complaint DG-20260606-63863. The complaint is now waiting for inspector review.', 0, '2026-06-06 09:40:53'),
(138, 24, 23, 87, 'inspector_review_started', 'Inspector Review Started', 'Inspector has started reviewing complaint DG-20260606-63863.', 0, '2026-06-06 09:41:20'),
(139, 24, 23, 96, 'inspector_review_started', 'Inspector Review Started', 'Inspector has started reviewing complaint DG-20260606-41196.', 0, '2026-06-06 09:41:33'),
(140, 24, 23, 88, 'inspector_review_started', 'Inspector Review Started', 'Inspector has started reviewing complaint DG-20260606-76261.', 1, '2026-06-06 09:41:46'),
(141, 24, 23, 87, 'inspector_work_approved', 'Work Approved by Inspector', 'Inspector approved the completed work for complaint DG-20260606-63863. The complaint is now closed/solved.', 0, '2026-06-06 09:43:32'),
(142, 24, 23, 96, 'inspector_work_approved', 'Work Approved by Inspector', 'Inspector approved the completed work for complaint DG-20260606-41196. The complaint is now closed/solved.', 1, '2026-06-06 09:43:39'),
(143, 24, 23, 88, 'inspector_false_completion_confirmed', 'False Completion Confirmed', 'Inspector confirmed false completion for complaint DG-20260606-76261. The case has been reopened/disputed.', 1, '2026-06-06 09:43:51'),
(144, 24, 23, 90, 'inspector_review_started', 'Inspector Review Started', 'Inspector has started reviewing complaint DG-20260606-19649.', 0, '2026-06-06 09:47:03'),
(145, 24, 23, 90, 'inspector_false_completion_confirmed', 'False Completion Confirmed', 'Inspector confirmed false completion for complaint DG-20260606-19649. The case has been reopened/disputed.', 0, '2026-06-06 09:47:19'),
(146, 24, 21, 87, 'citizen_objection_submitted', 'Citizen Submitted Objection', 'Citizen submitted an objection for complaint DG-20260606-63863. Please review the objection details.', 0, '2026-06-06 09:48:25'),
(147, 24, 21, 88, 'citizen_objection_submitted', 'Citizen Submitted Objection', 'Citizen submitted an objection for complaint DG-20260606-76261. Please review the objection details.', 0, '2026-06-06 09:50:37'),
(148, 5, 4, 67, 'complaint_routed', 'New Complaint Assigned for Verification', 'Central Control has routed complaint #DG-20260605-39334 to your ward for verification.', 1, '2026-06-06 19:06:33'),
(149, 30, 28, NULL, 'central_instruction', 'New instruction from Central Officer for Ward 21.', 'Please assign an available maintenance team for the verified drainage issue in this ward.', 1, '2026-06-06 22:41:51'),
(150, 30, 28, 99, 'complaint_routed', 'New Complaint Assigned for Verification', 'Central Control has routed complaint #DG-20260606-56475 to your ward for verification.', 1, '2026-06-06 22:43:08'),
(151, 24, 28, 94, 'complaint_routed', 'New Complaint Assigned for Verification', 'Central Control has routed complaint #DG-20260606-88399 to your ward for verification.', 0, '2026-06-06 22:43:17'),
(152, 30, 28, 106, 'complaint_routed', 'New Complaint Assigned for Verification', 'Central Control has routed complaint #DG-20260606-21770 to your ward for verification.', 0, '2026-06-06 22:44:41'),
(153, 30, 28, 103, 'complaint_routed', 'New Complaint Assigned for Verification', 'Central Control has routed complaint #DG-20260606-40540 to your ward for verification.', 0, '2026-06-06 22:44:44'),
(154, 30, 28, 102, 'complaint_routed', 'New Complaint Assigned for Verification', 'Central Control has routed complaint #DG-20260606-41105 to your ward for verification.', 0, '2026-06-06 22:44:47'),
(155, 30, 28, 100, 'complaint_routed', 'New Complaint Assigned for Verification', 'Central Control has routed complaint #DG-20260606-34119 to your ward for verification.', 0, '2026-06-06 22:44:50'),
(156, 30, 28, 98, 'complaint_routed', 'New Complaint Assigned for Verification', 'Central Control has routed complaint #DG-20260606-21337 to your ward for verification.', 0, '2026-06-06 22:44:53'),
(157, 30, 28, 105, 'complaint_routed', 'New Complaint Assigned for Verification', 'Central Control has routed complaint #DG-20260606-59215 to your ward for verification.', 0, '2026-06-06 22:44:55'),
(158, 30, 28, 101, 'complaint_routed', 'New Complaint Assigned for Verification', 'Central Control has routed complaint #DG-20260606-38440 to your ward for verification.', 0, '2026-06-06 22:44:58'),
(159, 30, 27, 106, 'comment_reply', 'New Comment on Complaint', 'A new comment was added to complaint DG-20260606-21770.', 0, '2026-06-06 22:46:56'),
(160, 30, 31, 99, 'maintenance_support_assigned_task', 'Support Requested for Assigned Task', 'Maintenance Team requested support for assigned complaint DG-20260606-56475. Please check Local Team Assignment.', 1, '2026-06-06 22:54:51'),
(161, 30, 31, 99, 'maintenance_start_work', 'Maintenance Work Started', 'Maintenance Team has started work on complaint DG-20260606-56475.', 0, '2026-06-06 22:57:49'),
(162, 30, 31, 99, 'maintenance_support_in_progress', 'Support Requested for In Progress Work', 'Maintenance Team requested support for in-progress complaint DG-20260606-56475. Please check In Progress Cases.', 0, '2026-06-06 22:58:10'),
(163, 30, 31, 102, 'maintenance_start_work', 'Maintenance Work Started', 'Maintenance Team has started work on complaint DG-20260606-41105.', 0, '2026-06-06 22:59:10'),
(164, 30, 31, 100, 'maintenance_start_work', 'Maintenance Work Started', 'Maintenance Team has started work on complaint DG-20260606-34119.', 0, '2026-06-06 22:59:16'),
(165, 30, 31, 100, 'maintenance_completion_proof_submitted', 'Completion Proof Submitted', 'Maintenance Team submitted completion proof for complaint DG-20260606-34119. The complaint is now waiting for inspector review.', 0, '2026-06-06 23:00:51'),
(166, 30, 31, 102, 'maintenance_completion_proof_submitted', 'Completion Proof Submitted', 'Maintenance Team submitted completion proof for complaint DG-20260606-41105. The complaint is now waiting for inspector review.', 0, '2026-06-06 23:03:22'),
(167, 30, 31, 99, 'maintenance_completion_proof_submitted', 'Completion Proof Submitted', 'Maintenance Team submitted completion proof for complaint DG-20260606-56475. The complaint is now waiting for inspector review.', 0, '2026-06-06 23:03:32'),
(168, 30, 29, 99, 'inspector_review_started', 'Inspector Review Started', 'Inspector has started reviewing complaint DG-20260606-56475.', 0, '2026-06-06 23:04:09'),
(169, 30, 29, 102, 'inspector_review_started', 'Inspector Review Started', 'Inspector has started reviewing complaint DG-20260606-41105.', 0, '2026-06-06 23:04:25'),
(170, 30, 29, 100, 'inspector_review_started', 'Inspector Review Started', 'Inspector has started reviewing complaint DG-20260606-34119.', 1, '2026-06-06 23:04:50'),
(171, 30, 29, 99, 'inspector_work_approved', 'Work Approved by Inspector', 'Inspector approved the completed work for complaint DG-20260606-56475. The complaint is now closed/solved.', 0, '2026-06-06 23:07:05'),
(172, 30, 29, 102, 'inspector_false_completion_confirmed', 'False Completion Confirmed', 'Inspector confirmed false completion for complaint DG-20260606-41105. The case has been reopened/disputed.', 0, '2026-06-06 23:07:17'),
(173, 30, 29, 100, 'inspector_work_approved', 'Work Approved by Inspector', 'Inspector approved the completed work for complaint DG-20260606-34119. The complaint is now closed/solved.', 0, '2026-06-06 23:09:21'),
(174, 30, 27, 99, 'citizen_objection_submitted', 'Citizen Submitted Objection', 'Citizen submitted an objection for complaint DG-20260606-56475. Please review the objection details.', 0, '2026-06-06 23:10:54'),
(175, 30, 32, 98, 'maintenance_start_work', 'Maintenance Work Started', 'Maintenance Team has started work on complaint DG-20260606-21337.', 0, '2026-06-06 23:12:58'),
(176, 30, 32, 101, 'maintenance_start_work', 'Maintenance Work Started', 'Maintenance Team has started work on complaint DG-20260606-38440.', 0, '2026-06-06 23:13:02'),
(177, 30, 32, 101, 'maintenance_completion_proof_submitted', 'Completion Proof Submitted', 'Maintenance Team submitted completion proof for complaint DG-20260606-38440. The complaint is now waiting for inspector review.', 0, '2026-06-06 23:14:59'),
(178, 30, 32, 98, 'maintenance_completion_proof_submitted', 'Completion Proof Submitted', 'Maintenance Team submitted completion proof for complaint DG-20260606-21337. The complaint is now waiting for inspector review.', 0, '2026-06-06 23:15:10'),
(179, 30, 29, 98, 'inspector_review_started', 'Inspector Review Started', 'Inspector has started reviewing complaint DG-20260606-21337.', 0, '2026-06-06 23:15:31'),
(180, 30, 29, 101, 'inspector_review_started', 'Inspector Review Started', 'Inspector has started reviewing complaint DG-20260606-38440.', 0, '2026-06-06 23:15:36'),
(181, 30, 29, 98, 'inspector_false_completion_confirmed', 'False Completion Confirmed', 'Inspector confirmed false completion for complaint DG-20260606-21337. The case has been reopened/disputed.', 0, '2026-06-06 23:15:46'),
(182, 30, 29, 101, 'inspector_work_approved', 'Work Approved by Inspector', 'Inspector approved the completed work for complaint DG-20260606-38440. The complaint is now closed/solved.', 0, '2026-06-06 23:15:51'),
(183, 30, 27, 102, 'citizen_objection_submitted', 'Citizen Submitted Objection', 'Citizen submitted an objection for complaint DG-20260606-41105. Please review the objection details.', 0, '2026-06-06 23:21:28'),
(184, 30, 32, 105, 'maintenance_start_work', 'Maintenance Work Started', 'Maintenance Team has started work on complaint DG-20260606-59215.', 1, '2026-06-07 18:32:39'),
(185, 30, 31, 102, 'maintenance_start_work', 'Maintenance Work Started', 'Maintenance Team has started work on complaint DG-20260606-41105.', 1, '2026-06-07 19:16:33'),
(186, 5, 15, 57, 'comment_reply', 'New Comment on Complaint', 'A new comment was added to complaint DG-20260605-22380.', 1, '2026-06-08 00:03:13'),
(190, 5, 11, 108, 'maintenance_completion_proof_submitted', 'Completion Proof Submitted', 'Maintenance Team submitted completion proof for complaint DG-20260608-52779. The complaint is now waiting for inspector review.', 0, '2026-06-08 09:39:29'),
(191, 5, 11, 69, 'maintenance_completion_proof_submitted', 'Completion Proof Submitted', 'Maintenance Team submitted completion proof for complaint DG-20260605-70215. The complaint is now waiting for inspector review.', 0, '2026-06-08 09:44:02'),
(193, 36, 34, 114, 'complaint_routed', 'New Complaint Assigned for Verification', 'Central Control has routed complaint #DG-20260608-17681 to your ward for verification.', 0, '2026-06-08 12:39:12'),
(194, 36, 34, 113, 'complaint_routed', 'New Complaint Assigned for Verification', 'Central Control has routed complaint #DG-20260608-93196 to your ward for verification.', 0, '2026-06-08 12:39:14'),
(199, 36, 34, 109, 'complaint_routed', 'New Complaint Assigned for Verification', 'Central Control has routed complaint #DG-20260608-66757 to your ward for verification.', 0, '2026-06-08 12:39:33'),
(200, 36, 34, 111, 'complaint_routed', 'New Complaint Assigned for Verification', 'Central Control has routed complaint #DG-20260608-53094 to your ward for verification.', 1, '2026-06-08 12:39:37'),
(201, 36, 33, 114, 'comment_reply', 'New Comment on Complaint', 'A new comment was added to complaint DG-20260608-17681.', 1, '2026-06-08 12:43:26'),
(202, 36, 37, 117, 'maintenance_support_assigned_task', 'Support Requested for Assigned Task', 'Maintenance Team requested support for assigned complaint DG-20260608-54305. Please check Local Team Assignment.', 1, '2026-06-08 12:49:19'),
(207, 36, 37, 115, 'maintenance_support_in_progress', 'Support Requested for In Progress Work', 'Maintenance Team requested support for in-progress complaint DG-20260608-63720. Please check In Progress Cases.', 1, '2026-06-08 12:58:51'),
(220, 36, 35, 110, 'inspector_work_approved', 'Work Approved by Inspector', 'Inspector approved the completed work for complaint DG-20260608-34853. The complaint is now closed/solved.', 1, '2026-06-08 13:05:20'),
(221, 36, 35, 116, 'inspector_work_approved', 'Work Approved by Inspector', 'Inspector approved the completed work for complaint DG-20260608-95690. The complaint is now closed/solved.', 1, '2026-06-08 13:05:26'),
(222, 36, 35, 117, 'inspector_false_completion_confirmed', 'False Completion Confirmed', 'Inspector confirmed false completion for complaint DG-20260608-54305. The case has been reopened/disputed.', 1, '2026-06-08 13:05:49'),
(223, 36, 35, 112, 'inspector_false_completion_confirmed', 'False Completion Confirmed', 'Inspector confirmed false completion for complaint DG-20260608-30312. The case has been reopened/disputed.', 1, '2026-06-08 13:06:02'),
(224, 36, 33, 116, 'citizen_objection_submitted', 'Citizen Submitted Objection', 'Citizen submitted an objection for complaint DG-20260608-95690. Please review the objection details.', 1, '2026-06-08 13:07:27'),
(225, 36, 35, 115, 'inspector_work_approved', 'Work Approved by Inspector', 'Inspector approved the completed work for complaint DG-20260608-63720. The complaint is now closed/solved.', 1, '2026-06-08 13:08:57'),
(226, 36, 33, 115, 'citizen_objection_submitted', 'Citizen Submitted Objection', 'Citizen submitted an objection for complaint DG-20260608-63720. Please review the objection details.', 1, '2026-06-08 13:09:23');

-- --------------------------------------------------------

--
-- Table structure for table `ward_officers`
--

CREATE TABLE `ward_officers` (
  `ward_officer_id` int(11) NOT NULL,
  `user_id` int(11) NOT NULL,
  `city_cor_id` int(11) NOT NULL,
  `assigned_ward_id` int(11) NOT NULL,
  `user_mail` varchar(150) DEFAULT NULL,
  `full_name` varchar(100) NOT NULL,
  `phone_number` varchar(20) DEFAULT NULL,
  `employee_code` varchar(50) DEFAULT NULL,
  `address` text NOT NULL,
  `gender` enum('male','female','other') NOT NULL,
  `designation` varchar(100) NOT NULL,
  `office_address` text NOT NULL,
  `profile_image` varchar(255) DEFAULT NULL
) ENGINE=InnoDB DEFAULT CHARSET=utf8mb4 COLLATE=utf8mb4_general_ci;

--
-- Dumping data for table `ward_officers`
--

INSERT INTO `ward_officers` (`ward_officer_id`, `user_id`, `city_cor_id`, `assigned_ward_id`, `user_mail`, `full_name`, `phone_number`, `employee_code`, `address`, `gender`, `designation`, `office_address`, `profile_image`) VALUES
(1, 5, 1, 12, 'ruku@gmail.com', 'Jobaida Mojumdar Ruku', '01325167791', 'WAR-001', 'Demra police station', 'female', 'Ward Officer', 'Solmaid high school, notun bazar , bhatara', 'assets/uploads/ward_officers/ward_5_20260605_152451.jpg'),
(2, 6, 2, 127, 'nadiba@gmail.com', 'Nadiba Farhat', '01552542551', 'WAR-002', 'Ajimpur , dhaka', 'female', 'Ward Officer', 'dia@drainguard.com', NULL),
(3, 7, 1, 27, 'kabir@drainguard.ac.bd', 'Kabir', '01753150783', 'WAR-003', 'asulia,savar', 'male', 'Ward Officer', 'ashulia,savar', NULL),
(4, 17, 1, 54, 'saif@gmail.com', 'Saif Hasan', '01725458930', 'WAR-004', 'House 12, Road 3, near Abdullahpur Bus Stand, main road side drain.', 'male', 'Ward Officer', 'Road 5, Ranavola residential area, beside community center drain.', NULL),
(5, 24, 1, 35, 'nusrat.jahan33@gmail.com', 'Nusrat Jahan', '01892573461', 'WAR-005', 'House 27, Road 5, Mohammadia Housing Society, Mohammadpur, Dhaka', 'female', 'Ward Officer', 'DNCC Ward Office, Ward 33, Mohammadpur, Dhaka', NULL),
(6, 30, 2, 119, 'arif.ward21@gmail.com', 'Arif Hossain', '01873452619', 'WAR-006', 'House 27, Road 3, Shahbagh, Dhaka', 'male', 'Ward Operations Officer', 'rakib.hasan.office@gmail.com', NULL),
(7, 36, 2, 96, 'aminulhaque@gmail.com', 'Aminul Haque', '01724680135', 'SEN-007', 'House 19, Road 5, Meradia, Khilgaon, Dhaka', 'male', 'Senior Ward Officer', 'DSCC Ward 75 Ward Office, Meradia Bazar, Khilgaon, Dhaka', NULL);

--
-- Indexes for dumped tables
--

--
-- Indexes for table `affected_areas`
--
ALTER TABLE `affected_areas`
  ADD PRIMARY KEY (`affected_area_id`),
  ADD UNIQUE KEY `affected_area_name` (`affected_area_name`);

--
-- Indexes for table `anchals`
--
ALTER TABLE `anchals`
  ADD PRIMARY KEY (`anchal_id`),
  ADD UNIQUE KEY `unique_city_cor_anchal` (`city_cor_id`,`anchal_name`);

--
-- Indexes for table `areas`
--
ALTER TABLE `areas`
  ADD PRIMARY KEY (`area_id`),
  ADD KEY `idx_ward_id` (`ward_id`);

--
-- Indexes for table `central_notifications`
--
ALTER TABLE `central_notifications`
  ADD PRIMARY KEY (`notification_id`),
  ADD KEY `idx_central_notifications_recipient` (`recipient_user_id`),
  ADD KEY `idx_central_notifications_sender` (`sender_user_id`),
  ADD KEY `idx_central_notifications_complaint` (`related_complaint_id`),
  ADD KEY `idx_central_notifications_type` (`notification_type`),
  ADD KEY `idx_central_notifications_read` (`is_read`),
  ADD KEY `idx_central_notifications_created` (`created_at`);

--
-- Indexes for table `central_officers`
--
ALTER TABLE `central_officers`
  ADD PRIMARY KEY (`central_officer_id`),
  ADD UNIQUE KEY `employee_id` (`employee_code`),
  ADD KEY `user_id` (`user_id`);

--
-- Indexes for table `cities`
--
ALTER TABLE `cities`
  ADD PRIMARY KEY (`city_id`),
  ADD UNIQUE KEY `unique_city_name` (`city_name`);

--
-- Indexes for table `citizens`
--
ALTER TABLE `citizens`
  ADD PRIMARY KEY (`citizen_id`),
  ADD KEY `fk_citizens_user` (`user_id`);

--
-- Indexes for table `citizen_notifications`
--
ALTER TABLE `citizen_notifications`
  ADD PRIMARY KEY (`notification_id`),
  ADD KEY `idx_citizen_notifications_recipient` (`recipient_user_id`),
  ADD KEY `idx_citizen_notifications_sender` (`sender_user_id`),
  ADD KEY `idx_citizen_notifications_complaint` (`related_complaint_id`),
  ADD KEY `idx_citizen_notifications_type` (`notification_type`),
  ADD KEY `idx_citizen_notifications_read` (`is_read`),
  ADD KEY `idx_citizen_notifications_created` (`created_at`);

--
-- Indexes for table `citizen_penalties`
--
ALTER TABLE `citizen_penalties`
  ADD PRIMARY KEY (`penalty_id`),
  ADD KEY `citizen_id` (`citizen_id`),
  ADD KEY `user_id` (`user_id`),
  ADD KEY `complaint_id` (`complaint_id`),
  ADD KEY `decided_by_user_id` (`decided_by_user_id`);

--
-- Indexes for table `citizen_settings`
--
ALTER TABLE `citizen_settings`
  ADD PRIMARY KEY (`setting_id`),
  ADD UNIQUE KEY `unique_user_settings` (`user_id`);

--
-- Indexes for table `city_corporations`
--
ALTER TABLE `city_corporations`
  ADD PRIMARY KEY (`city_cor_id`),
  ADD KEY `idx_city_id` (`city_id`);

--
-- Indexes for table `comment_likes`
--
ALTER TABLE `comment_likes`
  ADD PRIMARY KEY (`id`),
  ADD KEY `complaint_id` (`complaint_id`),
  ADD KEY `parent_id` (`parent_id`),
  ADD KEY `user_id` (`user_id`);

--
-- Indexes for table `complaints`
--
ALTER TABLE `complaints`
  ADD PRIMARY KEY (`complaint_id`),
  ADD UNIQUE KEY `complaint_code` (`complaint_code`),
  ADD KEY `idx_complaint_user` (`user_id`),
  ADD KEY `idx_complaint_location` (`loc_id`),
  ADD KEY `fk_complaints_drain` (`drain_id`),
  ADD KEY `fk_complaints_parent` (`parent_complaint_id`),
  ADD KEY `fk_complaints_issue` (`issue_id`),
  ADD KEY `fk_complaints_affected_area` (`affected_area_id`);

--
-- Indexes for table `complaint_assignments`
--
ALTER TABLE `complaint_assignments`
  ADD PRIMARY KEY (`assignment_id`),
  ADD KEY `idx_assignment_complaint` (`complaint_id`),
  ADD KEY `idx_assignment_ward` (`ward_id`),
  ADD KEY `idx_assignment_assigned_by` (`assigned_by`),
  ADD KEY `idx_assignment_maintenance_team` (`maintenance_team_id`);

--
-- Indexes for table `complaint_decisions`
--
ALTER TABLE `complaint_decisions`
  ADD PRIMARY KEY (`decision_id`),
  ADD KEY `complaint_id` (`complaint_id`),
  ADD KEY `decided_by_user_id` (`decided_by_user_id`),
  ADD KEY `reference_complaint_id` (`reference_complaint_id`);

--
-- Indexes for table `complaint_media`
--
ALTER TABLE `complaint_media`
  ADD PRIMARY KEY (`media_id`),
  ADD KEY `complaint_id` (`complaint_id`);

--
-- Indexes for table `complaint_status_logs`
--
ALTER TABLE `complaint_status_logs`
  ADD PRIMARY KEY (`log_id`),
  ADD KEY `complaint_id` (`complaint_id`),
  ADD KEY `action_by_user_id` (`action_by_user_id`);

--
-- Indexes for table `delay_requests`
--
ALTER TABLE `delay_requests`
  ADD PRIMARY KEY (`delay_request_id`),
  ADD KEY `idx_delay_assignment` (`assignment_id`),
  ADD KEY `idx_delay_complaint` (`complaint_id`),
  ADD KEY `idx_delay_team` (`maintenance_team_id`),
  ADD KEY `idx_delay_requested_by` (`requested_by`);

--
-- Indexes for table `disciplinary_records`
--
ALTER TABLE `disciplinary_records`
  ADD PRIMARY KEY (`record_id`);

--
-- Indexes for table `disciplinary_state`
--
ALTER TABLE `disciplinary_state`
  ADD PRIMARY KEY (`state_id`);

--
-- Indexes for table `drains`
--
ALTER TABLE `drains`
  ADD PRIMARY KEY (`drain_id`),
  ADD UNIQUE KEY `drain_code` (`drain_code`),
  ADD UNIQUE KEY `unique_location_drain_address` (`loc_id`,`drain_address_hash`),
  ADD KEY `fk_drains_condition_updated_by` (`condition_updated_by_user_id`);

--
-- Indexes for table `false_completion_reviews`
--
ALTER TABLE `false_completion_reviews`
  ADD PRIMARY KEY (`review_id`);

--
-- Indexes for table `feedbacks`
--
ALTER TABLE `feedbacks`
  ADD PRIMARY KEY (`feedback_id`),
  ADD KEY `idx_feedback_complaint` (`complaint_id`),
  ADD KEY `idx_feedback_user` (`user_id`);

--
-- Indexes for table `generated_reports`
--
ALTER TABLE `generated_reports`
  ADD PRIMARY KEY (`report_id`),
  ADD KEY `idx_report_type` (`report_type`),
  ADD KEY `idx_report_period` (`report_period`),
  ADD KEY `idx_city_cor_id` (`city_cor_id`),
  ADD KEY `idx_thana_id` (`thana_id`),
  ADD KEY `idx_ward_id` (`ward_id`),
  ADD KEY `idx_area_id` (`area_id`),
  ADD KEY `idx_generated_by` (`generated_by`);

--
-- Indexes for table `inspection_logs`
--
ALTER TABLE `inspection_logs`
  ADD PRIMARY KEY (`log_id`),
  ADD KEY `idx_complaint_id` (`complaint_id`),
  ADD KEY `idx_assignment_id` (`assignment_id`),
  ADD KEY `idx_inspector_user_id` (`inspector_user_id`),
  ADD KEY `idx_decision_type` (`decision_type`),
  ADD KEY `idx_created_at` (`created_at`);

--
-- Indexes for table `inspectors`
--
ALTER TABLE `inspectors`
  ADD PRIMARY KEY (`inspector_id`),
  ADD UNIQUE KEY `employee_id` (`employee_code`),
  ADD UNIQUE KEY `employee_code` (`employee_code`),
  ADD KEY `user_id` (`user_id`),
  ADD KEY `fk_inspectors_city_cor` (`city_cor_id`),
  ADD KEY `fk_inspectors_assigned_ward` (`assigned_ward_id`);

--
-- Indexes for table `inspector_notifications`
--
ALTER TABLE `inspector_notifications`
  ADD PRIMARY KEY (`notification_id`),
  ADD KEY `idx_inspector_notifications_recipient` (`recipient_user_id`),
  ADD KEY `idx_inspector_notifications_sender` (`sender_user_id`),
  ADD KEY `idx_inspector_notifications_complaint` (`related_complaint_id`),
  ADD KEY `idx_inspector_notifications_type` (`notification_type`),
  ADD KEY `idx_inspector_notifications_read` (`is_read`),
  ADD KEY `idx_inspector_notifications_created` (`created_at`);

--
-- Indexes for table `inspector_penalties`
--
ALTER TABLE `inspector_penalties`
  ADD PRIMARY KEY (`penalty_id`),
  ADD KEY `inspector_id` (`inspector_id`),
  ADD KEY `user_id` (`user_id`),
  ADD KEY `complaint_id` (`complaint_id`),
  ADD KEY `decided_by_user_id` (`decided_by_user_id`);

--
-- Indexes for table `inspector_settings`
--
ALTER TABLE `inspector_settings`
  ADD PRIMARY KEY (`setting_id`),
  ADD UNIQUE KEY `unique_inspector_setting_user` (`user_id`);

--
-- Indexes for table `instruction_notifications_map`
--
ALTER TABLE `instruction_notifications_map`
  ADD PRIMARY KEY (`map_id`);

--
-- Indexes for table `issues`
--
ALTER TABLE `issues`
  ADD PRIMARY KEY (`issue_id`),
  ADD UNIQUE KEY `issue_name` (`issue_name`);

--
-- Indexes for table `locations`
--
ALTER TABLE `locations`
  ADD PRIMARY KEY (`loc_id`),
  ADD UNIQUE KEY `unique_location_combination` (`city_id`,`city_cor_id`,`thana_id`,`ward_id`,`area_id`),
  ADD KEY `idx_location_city` (`city_id`),
  ADD KEY `idx_location_city_cor` (`city_cor_id`),
  ADD KEY `idx_location_thana` (`thana_id`),
  ADD KEY `idx_location_ward` (`ward_id`),
  ADD KEY `idx_location_area` (`area_id`);

--
-- Indexes for table `maintenance_member_penalties`
--
ALTER TABLE `maintenance_member_penalties`
  ADD PRIMARY KEY (`penalty_id`),
  ADD KEY `idx_complaint_id` (`complaint_id`),
  ADD KEY `idx_assignment_id` (`assignment_id`),
  ADD KEY `idx_maintenance_team_id` (`maintenance_team_id`),
  ADD KEY `idx_member_id` (`member_id`),
  ADD KEY `idx_issued_by` (`issued_by`);

--
-- Indexes for table `maintenance_notifications`
--
ALTER TABLE `maintenance_notifications`
  ADD PRIMARY KEY (`notification_id`),
  ADD KEY `idx_maintenance_notifications_recipient` (`recipient_user_id`),
  ADD KEY `idx_maintenance_notifications_sender` (`sender_user_id`),
  ADD KEY `idx_maintenance_notifications_complaint` (`related_complaint_id`),
  ADD KEY `idx_maintenance_notifications_type` (`notification_type`),
  ADD KEY `idx_maintenance_notifications_read` (`is_read`),
  ADD KEY `idx_maintenance_notifications_created` (`created_at`);

--
-- Indexes for table `maintenance_proofs`
--
ALTER TABLE `maintenance_proofs`
  ADD PRIMARY KEY (`proof_id`),
  ADD KEY `idx_maintenance_proofs_assignment_id` (`assignment_id`),
  ADD KEY `idx_maintenance_proofs_complaint_id` (`complaint_id`),
  ADD KEY `idx_maintenance_proofs_team_id` (`maintenance_team_id`),
  ADD KEY `idx_maintenance_proofs_uploaded_by` (`uploaded_by`),
  ADD KEY `idx_maintenance_proofs_stage` (`proof_stage`),
  ADD KEY `idx_maintenance_proofs_media_type` (`media_type`);

--
-- Indexes for table `maintenance_support_requests`
--
ALTER TABLE `maintenance_support_requests`
  ADD PRIMARY KEY (`support_request_id`),
  ADD KEY `idx_msr_assignment_id` (`assignment_id`),
  ADD KEY `idx_msr_complaint_id` (`complaint_id`),
  ADD KEY `idx_msr_maintenance_team_id` (`maintenance_team_id`),
  ADD KEY `idx_msr_requested_by` (`requested_by`),
  ADD KEY `idx_msr_ward_officer_user_id` (`ward_officer_user_id`),
  ADD KEY `idx_msr_request_status` (`request_status`);

--
-- Indexes for table `maintenance_teams`
--
ALTER TABLE `maintenance_teams`
  ADD PRIMARY KEY (`maintenance_team_id`),
  ADD UNIQUE KEY `unique_maintenance_team_name` (`team_name`),
  ADD KEY `fk_maintenance_teams_city_cor` (`city_cor_id`),
  ADD KEY `fk_maintenance_teams_anchal` (`anchal_id`);

--
-- Indexes for table `maintenance_team_members`
--
ALTER TABLE `maintenance_team_members`
  ADD PRIMARY KEY (`member_id`),
  ADD UNIQUE KEY `employee_code` (`employee_code`),
  ADD KEY `fk_maintenance_member_team` (`maintenance_team_id`),
  ADD KEY `fk_maintenance_member_user` (`user_id`);

--
-- Indexes for table `maintenance_team_reviews`
--
ALTER TABLE `maintenance_team_reviews`
  ADD PRIMARY KEY (`review_id`),
  ADD UNIQUE KEY `unique_review` (`complaint_id`,`citizen_user_id`,`maintenance_team_id`);

--
-- Indexes for table `maintenance_updates`
--
ALTER TABLE `maintenance_updates`
  ADD PRIMARY KEY (`update_id`),
  ADD KEY `idx_complaint_id` (`complaint_id`),
  ADD KEY `idx_assignment_id` (`assignment_id`),
  ADD KEY `idx_maintenance_team_id` (`maintenance_team_id`),
  ADD KEY `idx_updated_by_user_id` (`updated_by_user_id`),
  ADD KEY `idx_work_status` (`work_status`);

--
-- Indexes for table `objection_reviews`
--
ALTER TABLE `objection_reviews`
  ADD PRIMARY KEY (`review_id`),
  ADD KEY `idx_reopen_id` (`reopen_id`),
  ADD KEY `idx_complaint_id` (`complaint_id`),
  ADD KEY `idx_reviewed_by` (`reviewed_by`),
  ADD KEY `idx_reviewer_role` (`reviewer_role`),
  ADD KEY `idx_review_action` (`review_action`);

--
-- Indexes for table `remember_tokens`
--
ALTER TABLE `remember_tokens`
  ADD PRIMARY KEY (`token_id`),
  ADD KEY `fk_remember_tokens_user` (`user_id`);

--
-- Indexes for table `reopen_requests`
--
ALTER TABLE `reopen_requests`
  ADD PRIMARY KEY (`reopen_id`),
  ADD KEY `fk_reopen_requested_by` (`requested_by`),
  ADD KEY `fk_reopen_handled_by` (`handled_by`),
  ADD KEY `idx_reopen_complaint` (`complaint_id`),
  ADD KEY `idx_reopen_status` (`request_status`),
  ADD KEY `idx_reopen_type` (`request_type`);

--
-- Indexes for table `risk`
--
ALTER TABLE `risk`
  ADD PRIMARY KEY (`risk_id`),
  ADD UNIQUE KEY `risk_area_key` (`risk_area_key`),
  ADD KEY `fk_risk_last_complaint` (`last_complaint_id`);

--
-- Indexes for table `role_instructions`
--
ALTER TABLE `role_instructions`
  ADD PRIMARY KEY (`instruction_id`),
  ADD KEY `sender_user_id` (`sender_user_id`),
  ADD KEY `receiver_user_id` (`receiver_user_id`),
  ADD KEY `ward_id` (`ward_id`);

--
-- Indexes for table `thanas`
--
ALTER TABLE `thanas`
  ADD PRIMARY KEY (`thana_id`),
  ADD KEY `idx_city_cor_id` (`city_cor_id`);

--
-- Indexes for table `users`
--
ALTER TABLE `users`
  ADD PRIMARY KEY (`user_id`),
  ADD UNIQUE KEY `user_mail` (`user_mail`);

--
-- Indexes for table `wards`
--
ALTER TABLE `wards`
  ADD PRIMARY KEY (`ward_id`),
  ADD UNIQUE KEY `unique_citycor_thana_ward` (`city_cor_id`,`thana_id`,`ward_no`),
  ADD KEY `idx_thana_id` (`thana_id`),
  ADD KEY `fk_wards_anchal` (`anchal_id`);

--
-- Indexes for table `ward_notifications`
--
ALTER TABLE `ward_notifications`
  ADD PRIMARY KEY (`notification_id`),
  ADD KEY `idx_ward_notifications_recipient` (`recipient_user_id`),
  ADD KEY `idx_ward_notifications_sender` (`sender_user_id`),
  ADD KEY `idx_ward_notifications_complaint` (`related_complaint_id`),
  ADD KEY `idx_ward_notifications_type` (`notification_type`),
  ADD KEY `idx_ward_notifications_read` (`is_read`),
  ADD KEY `idx_ward_notifications_created` (`created_at`);

--
-- Indexes for table `ward_officers`
--
ALTER TABLE `ward_officers`
  ADD PRIMARY KEY (`ward_officer_id`),
  ADD UNIQUE KEY `employee_code` (`employee_code`),
  ADD KEY `user_id` (`user_id`),
  ADD KEY `fk_ward_officers_city_cor` (`city_cor_id`),
  ADD KEY `fk_ward_officers_assigned_ward` (`assigned_ward_id`);

--
-- AUTO_INCREMENT for dumped tables
--

--
-- AUTO_INCREMENT for table `affected_areas`
--
ALTER TABLE `affected_areas`
  MODIFY `affected_area_id` int(11) NOT NULL AUTO_INCREMENT, AUTO_INCREMENT=15;

--
-- AUTO_INCREMENT for table `anchals`
--
ALTER TABLE `anchals`
  MODIFY `anchal_id` int(11) NOT NULL AUTO_INCREMENT, AUTO_INCREMENT=36;

--
-- AUTO_INCREMENT for table `areas`
--
ALTER TABLE `areas`
  MODIFY `area_id` int(11) NOT NULL AUTO_INCREMENT, AUTO_INCREMENT=1404;

--
-- AUTO_INCREMENT for table `central_notifications`
--
ALTER TABLE `central_notifications`
  MODIFY `notification_id` int(11) NOT NULL AUTO_INCREMENT, AUTO_INCREMENT=387;

--
-- AUTO_INCREMENT for table `central_officers`
--
ALTER TABLE `central_officers`
  MODIFY `central_officer_id` int(11) NOT NULL AUTO_INCREMENT, AUTO_INCREMENT=6;

--
-- AUTO_INCREMENT for table `cities`
--
ALTER TABLE `cities`
  MODIFY `city_id` int(11) NOT NULL AUTO_INCREMENT, AUTO_INCREMENT=12;

--
-- AUTO_INCREMENT for table `citizens`
--
ALTER TABLE `citizens`
  MODIFY `citizen_id` int(11) NOT NULL AUTO_INCREMENT, AUTO_INCREMENT=8;

--
-- AUTO_INCREMENT for table `citizen_notifications`
--
ALTER TABLE `citizen_notifications`
  MODIFY `notification_id` int(11) NOT NULL AUTO_INCREMENT, AUTO_INCREMENT=395;

--
-- AUTO_INCREMENT for table `citizen_penalties`
--
ALTER TABLE `citizen_penalties`
  MODIFY `penalty_id` int(11) NOT NULL AUTO_INCREMENT;

--
-- AUTO_INCREMENT for table `citizen_settings`
--
ALTER TABLE `citizen_settings`
  MODIFY `setting_id` int(11) NOT NULL AUTO_INCREMENT, AUTO_INCREMENT=8;

--
-- AUTO_INCREMENT for table `city_corporations`
--
ALTER TABLE `city_corporations`
  MODIFY `city_cor_id` int(11) NOT NULL AUTO_INCREMENT, AUTO_INCREMENT=13;

--
-- AUTO_INCREMENT for table `comment_likes`
--
ALTER TABLE `comment_likes`
  MODIFY `id` int(11) NOT NULL AUTO_INCREMENT, AUTO_INCREMENT=56;

--
-- AUTO_INCREMENT for table `complaints`
--
ALTER TABLE `complaints`
  MODIFY `complaint_id` int(11) NOT NULL AUTO_INCREMENT, AUTO_INCREMENT=120;

--
-- AUTO_INCREMENT for table `complaint_assignments`
--
ALTER TABLE `complaint_assignments`
  MODIFY `assignment_id` int(11) NOT NULL AUTO_INCREMENT, AUTO_INCREMENT=85;

--
-- AUTO_INCREMENT for table `complaint_decisions`
--
ALTER TABLE `complaint_decisions`
  MODIFY `decision_id` int(11) NOT NULL AUTO_INCREMENT, AUTO_INCREMENT=21;

--
-- AUTO_INCREMENT for table `complaint_media`
--
ALTER TABLE `complaint_media`
  MODIFY `media_id` int(11) NOT NULL AUTO_INCREMENT, AUTO_INCREMENT=57;

--
-- AUTO_INCREMENT for table `complaint_status_logs`
--
ALTER TABLE `complaint_status_logs`
  MODIFY `log_id` int(11) NOT NULL AUTO_INCREMENT, AUTO_INCREMENT=150;

--
-- AUTO_INCREMENT for table `delay_requests`
--
ALTER TABLE `delay_requests`
  MODIFY `delay_request_id` int(11) NOT NULL AUTO_INCREMENT;

--
-- AUTO_INCREMENT for table `disciplinary_records`
--
ALTER TABLE `disciplinary_records`
  MODIFY `record_id` int(11) NOT NULL AUTO_INCREMENT, AUTO_INCREMENT=36;

--
-- AUTO_INCREMENT for table `disciplinary_state`
--
ALTER TABLE `disciplinary_state`
  MODIFY `state_id` int(11) NOT NULL AUTO_INCREMENT, AUTO_INCREMENT=27;

--
-- AUTO_INCREMENT for table `drains`
--
ALTER TABLE `drains`
  MODIFY `drain_id` int(11) NOT NULL AUTO_INCREMENT, AUTO_INCREMENT=84;

--
-- AUTO_INCREMENT for table `false_completion_reviews`
--
ALTER TABLE `false_completion_reviews`
  MODIFY `review_id` int(11) NOT NULL AUTO_INCREMENT, AUTO_INCREMENT=18;

--
-- AUTO_INCREMENT for table `feedbacks`
--
ALTER TABLE `feedbacks`
  MODIFY `feedback_id` int(11) NOT NULL AUTO_INCREMENT, AUTO_INCREMENT=20;

--
-- AUTO_INCREMENT for table `generated_reports`
--
ALTER TABLE `generated_reports`
  MODIFY `report_id` int(11) NOT NULL AUTO_INCREMENT, AUTO_INCREMENT=6;

--
-- AUTO_INCREMENT for table `inspection_logs`
--
ALTER TABLE `inspection_logs`
  MODIFY `log_id` int(11) NOT NULL AUTO_INCREMENT, AUTO_INCREMENT=20;

--
-- AUTO_INCREMENT for table `inspectors`
--
ALTER TABLE `inspectors`
  MODIFY `inspector_id` int(11) NOT NULL AUTO_INCREMENT, AUTO_INCREMENT=8;

--
-- AUTO_INCREMENT for table `inspector_notifications`
--
ALTER TABLE `inspector_notifications`
  MODIFY `notification_id` int(11) NOT NULL AUTO_INCREMENT, AUTO_INCREMENT=69;

--
-- AUTO_INCREMENT for table `inspector_penalties`
--
ALTER TABLE `inspector_penalties`
  MODIFY `penalty_id` int(11) NOT NULL AUTO_INCREMENT;

--
-- AUTO_INCREMENT for table `inspector_settings`
--
ALTER TABLE `inspector_settings`
  MODIFY `setting_id` int(11) NOT NULL AUTO_INCREMENT, AUTO_INCREMENT=2;

--
-- AUTO_INCREMENT for table `instruction_notifications_map`
--
ALTER TABLE `instruction_notifications_map`
  MODIFY `map_id` int(11) NOT NULL AUTO_INCREMENT, AUTO_INCREMENT=6;

--
-- AUTO_INCREMENT for table `issues`
--
ALTER TABLE `issues`
  MODIFY `issue_id` int(11) NOT NULL AUTO_INCREMENT, AUTO_INCREMENT=17;

--
-- AUTO_INCREMENT for table `locations`
--
ALTER TABLE `locations`
  MODIFY `loc_id` int(11) NOT NULL AUTO_INCREMENT, AUTO_INCREMENT=2048;

--
-- AUTO_INCREMENT for table `maintenance_member_penalties`
--
ALTER TABLE `maintenance_member_penalties`
  MODIFY `penalty_id` int(11) NOT NULL AUTO_INCREMENT;

--
-- AUTO_INCREMENT for table `maintenance_notifications`
--
ALTER TABLE `maintenance_notifications`
  MODIFY `notification_id` int(11) NOT NULL AUTO_INCREMENT, AUTO_INCREMENT=209;

--
-- AUTO_INCREMENT for table `maintenance_proofs`
--
ALTER TABLE `maintenance_proofs`
  MODIFY `proof_id` int(11) NOT NULL AUTO_INCREMENT, AUTO_INCREMENT=36;

--
-- AUTO_INCREMENT for table `maintenance_support_requests`
--
ALTER TABLE `maintenance_support_requests`
  MODIFY `support_request_id` int(11) NOT NULL AUTO_INCREMENT, AUTO_INCREMENT=31;

--
-- AUTO_INCREMENT for table `maintenance_teams`
--
ALTER TABLE `maintenance_teams`
  MODIFY `maintenance_team_id` int(11) NOT NULL AUTO_INCREMENT, AUTO_INCREMENT=25;

--
-- AUTO_INCREMENT for table `maintenance_team_members`
--
ALTER TABLE `maintenance_team_members`
  MODIFY `member_id` int(11) NOT NULL AUTO_INCREMENT, AUTO_INCREMENT=25;

--
-- AUTO_INCREMENT for table `maintenance_team_reviews`
--
ALTER TABLE `maintenance_team_reviews`
  MODIFY `review_id` int(11) NOT NULL AUTO_INCREMENT, AUTO_INCREMENT=15;

--
-- AUTO_INCREMENT for table `maintenance_updates`
--
ALTER TABLE `maintenance_updates`
  MODIFY `update_id` int(11) NOT NULL AUTO_INCREMENT;

--
-- AUTO_INCREMENT for table `objection_reviews`
--
ALTER TABLE `objection_reviews`
  MODIFY `review_id` int(11) NOT NULL AUTO_INCREMENT;

--
-- AUTO_INCREMENT for table `remember_tokens`
--
ALTER TABLE `remember_tokens`
  MODIFY `token_id` int(11) NOT NULL AUTO_INCREMENT, AUTO_INCREMENT=654;

--
-- AUTO_INCREMENT for table `reopen_requests`
--
ALTER TABLE `reopen_requests`
  MODIFY `reopen_id` int(11) NOT NULL AUTO_INCREMENT, AUTO_INCREMENT=24;

--
-- AUTO_INCREMENT for table `risk`
--
ALTER TABLE `risk`
  MODIFY `risk_id` int(11) NOT NULL AUTO_INCREMENT, AUTO_INCREMENT=53;

--
-- AUTO_INCREMENT for table `role_instructions`
--
ALTER TABLE `role_instructions`
  MODIFY `instruction_id` int(11) NOT NULL AUTO_INCREMENT, AUTO_INCREMENT=8;

--
-- AUTO_INCREMENT for table `thanas`
--
ALTER TABLE `thanas`
  MODIFY `thana_id` int(11) NOT NULL AUTO_INCREMENT, AUTO_INCREMENT=87;

--
-- AUTO_INCREMENT for table `users`
--
ALTER TABLE `users`
  MODIFY `user_id` int(11) NOT NULL AUTO_INCREMENT, AUTO_INCREMENT=40;

--
-- AUTO_INCREMENT for table `wards`
--
ALTER TABLE `wards`
  MODIFY `ward_id` int(11) NOT NULL AUTO_INCREMENT, AUTO_INCREMENT=197;

--
-- AUTO_INCREMENT for table `ward_notifications`
--
ALTER TABLE `ward_notifications`
  MODIFY `notification_id` int(11) NOT NULL AUTO_INCREMENT, AUTO_INCREMENT=227;

--
-- AUTO_INCREMENT for table `ward_officers`
--
ALTER TABLE `ward_officers`
  MODIFY `ward_officer_id` int(11) NOT NULL AUTO_INCREMENT, AUTO_INCREMENT=8;

--
-- Constraints for dumped tables
--

--
-- Constraints for table `anchals`
--
ALTER TABLE `anchals`
  ADD CONSTRAINT `fk_anchals_city_cor` FOREIGN KEY (`city_cor_id`) REFERENCES `city_corporations` (`city_cor_id`) ON DELETE CASCADE ON UPDATE CASCADE;

--
-- Constraints for table `areas`
--
ALTER TABLE `areas`
  ADD CONSTRAINT `fk_areas_ward` FOREIGN KEY (`ward_id`) REFERENCES `wards` (`ward_id`) ON DELETE CASCADE ON UPDATE CASCADE;

--
-- Constraints for table `central_notifications`
--
ALTER TABLE `central_notifications`
  ADD CONSTRAINT `fk_central_notifications_complaint` FOREIGN KEY (`related_complaint_id`) REFERENCES `complaints` (`complaint_id`) ON DELETE CASCADE ON UPDATE CASCADE,
  ADD CONSTRAINT `fk_central_notifications_recipient` FOREIGN KEY (`recipient_user_id`) REFERENCES `users` (`user_id`) ON DELETE CASCADE ON UPDATE CASCADE,
  ADD CONSTRAINT `fk_central_notifications_sender` FOREIGN KEY (`sender_user_id`) REFERENCES `users` (`user_id`) ON DELETE SET NULL ON UPDATE CASCADE;

--
-- Constraints for table `central_officers`
--
ALTER TABLE `central_officers`
  ADD CONSTRAINT `central_officers_ibfk_1` FOREIGN KEY (`user_id`) REFERENCES `users` (`user_id`) ON DELETE CASCADE ON UPDATE CASCADE;

--
-- Constraints for table `citizens`
--
ALTER TABLE `citizens`
  ADD CONSTRAINT `fk_citizens_user` FOREIGN KEY (`user_id`) REFERENCES `users` (`user_id`) ON DELETE CASCADE ON UPDATE CASCADE;

--
-- Constraints for table `citizen_notifications`
--
ALTER TABLE `citizen_notifications`
  ADD CONSTRAINT `fk_citizen_notifications_complaint` FOREIGN KEY (`related_complaint_id`) REFERENCES `complaints` (`complaint_id`) ON DELETE CASCADE ON UPDATE CASCADE,
  ADD CONSTRAINT `fk_citizen_notifications_recipient` FOREIGN KEY (`recipient_user_id`) REFERENCES `users` (`user_id`) ON DELETE CASCADE ON UPDATE CASCADE,
  ADD CONSTRAINT `fk_citizen_notifications_sender` FOREIGN KEY (`sender_user_id`) REFERENCES `users` (`user_id`) ON DELETE SET NULL ON UPDATE CASCADE;

--
-- Constraints for table `citizen_penalties`
--
ALTER TABLE `citizen_penalties`
  ADD CONSTRAINT `fk_cp_citizen` FOREIGN KEY (`citizen_id`) REFERENCES `citizens` (`citizen_id`) ON DELETE CASCADE,
  ADD CONSTRAINT `fk_cp_complaint` FOREIGN KEY (`complaint_id`) REFERENCES `complaints` (`complaint_id`) ON DELETE SET NULL,
  ADD CONSTRAINT `fk_cp_decider` FOREIGN KEY (`decided_by_user_id`) REFERENCES `users` (`user_id`) ON DELETE SET NULL,
  ADD CONSTRAINT `fk_cp_user` FOREIGN KEY (`user_id`) REFERENCES `users` (`user_id`) ON DELETE CASCADE;

--
-- Constraints for table `citizen_settings`
--
ALTER TABLE `citizen_settings`
  ADD CONSTRAINT `fk_citizen_settings_user` FOREIGN KEY (`user_id`) REFERENCES `users` (`user_id`) ON DELETE CASCADE ON UPDATE CASCADE;

--
-- Constraints for table `city_corporations`
--
ALTER TABLE `city_corporations`
  ADD CONSTRAINT `fk_city_corporations_city` FOREIGN KEY (`city_id`) REFERENCES `cities` (`city_id`) ON DELETE CASCADE ON UPDATE CASCADE;

--
-- Constraints for table `comment_likes`
--
ALTER TABLE `comment_likes`
  ADD CONSTRAINT `fk_cl_new_comp` FOREIGN KEY (`complaint_id`) REFERENCES `complaints` (`complaint_id`) ON DELETE CASCADE,
  ADD CONSTRAINT `fk_cl_new_user` FOREIGN KEY (`user_id`) REFERENCES `users` (`user_id`) ON DELETE CASCADE;

--
-- Constraints for table `complaints`
--
ALTER TABLE `complaints`
  ADD CONSTRAINT `fk_complaints_affected_area` FOREIGN KEY (`affected_area_id`) REFERENCES `affected_areas` (`affected_area_id`) ON UPDATE CASCADE,
  ADD CONSTRAINT `fk_complaints_drain` FOREIGN KEY (`drain_id`) REFERENCES `drains` (`drain_id`) ON DELETE SET NULL ON UPDATE CASCADE,
  ADD CONSTRAINT `fk_complaints_issue` FOREIGN KEY (`issue_id`) REFERENCES `issues` (`issue_id`) ON UPDATE CASCADE,
  ADD CONSTRAINT `fk_complaints_parent` FOREIGN KEY (`parent_complaint_id`) REFERENCES `complaints` (`complaint_id`) ON DELETE SET NULL ON UPDATE CASCADE;

--
-- Constraints for table `complaint_decisions`
--
ALTER TABLE `complaint_decisions`
  ADD CONSTRAINT `fk_cd_complaint` FOREIGN KEY (`complaint_id`) REFERENCES `complaints` (`complaint_id`) ON DELETE CASCADE,
  ADD CONSTRAINT `fk_cd_reference_complaint` FOREIGN KEY (`reference_complaint_id`) REFERENCES `complaints` (`complaint_id`) ON DELETE SET NULL,
  ADD CONSTRAINT `fk_cd_user` FOREIGN KEY (`decided_by_user_id`) REFERENCES `users` (`user_id`) ON DELETE SET NULL;

--
-- Constraints for table `complaint_media`
--
ALTER TABLE `complaint_media`
  ADD CONSTRAINT `fk_complaint_images_complaint` FOREIGN KEY (`complaint_id`) REFERENCES `complaints` (`complaint_id`) ON DELETE CASCADE;

--
-- Constraints for table `complaint_status_logs`
--
ALTER TABLE `complaint_status_logs`
  ADD CONSTRAINT `fk_csl_complaint` FOREIGN KEY (`complaint_id`) REFERENCES `complaints` (`complaint_id`) ON DELETE CASCADE,
  ADD CONSTRAINT `fk_csl_user` FOREIGN KEY (`action_by_user_id`) REFERENCES `users` (`user_id`) ON DELETE SET NULL;

--
-- Constraints for table `delay_requests`
--
ALTER TABLE `delay_requests`
  ADD CONSTRAINT `fk_delay_assignment` FOREIGN KEY (`assignment_id`) REFERENCES `complaint_assignments` (`assignment_id`) ON DELETE CASCADE ON UPDATE CASCADE,
  ADD CONSTRAINT `fk_delay_complaint` FOREIGN KEY (`complaint_id`) REFERENCES `complaints` (`complaint_id`) ON DELETE CASCADE ON UPDATE CASCADE,
  ADD CONSTRAINT `fk_delay_requested_by` FOREIGN KEY (`requested_by`) REFERENCES `users` (`user_id`) ON DELETE SET NULL ON UPDATE CASCADE,
  ADD CONSTRAINT `fk_delay_team` FOREIGN KEY (`maintenance_team_id`) REFERENCES `maintenance_teams` (`maintenance_team_id`) ON DELETE CASCADE ON UPDATE CASCADE;

--
-- Constraints for table `drains`
--
ALTER TABLE `drains`
  ADD CONSTRAINT `fk_drains_condition_updated_by` FOREIGN KEY (`condition_updated_by_user_id`) REFERENCES `users` (`user_id`) ON DELETE SET NULL ON UPDATE CASCADE,
  ADD CONSTRAINT `fk_drains_loc_id_locations` FOREIGN KEY (`loc_id`) REFERENCES `locations` (`loc_id`) ON UPDATE CASCADE,
  ADD CONSTRAINT `fk_drains_location` FOREIGN KEY (`loc_id`) REFERENCES `locations` (`loc_id`) ON DELETE CASCADE ON UPDATE CASCADE;

--
-- Constraints for table `generated_reports`
--
ALTER TABLE `generated_reports`
  ADD CONSTRAINT `fk_generated_reports_area` FOREIGN KEY (`area_id`) REFERENCES `areas` (`area_id`) ON DELETE SET NULL ON UPDATE CASCADE,
  ADD CONSTRAINT `fk_generated_reports_city_cor` FOREIGN KEY (`city_cor_id`) REFERENCES `city_corporations` (`city_cor_id`) ON DELETE SET NULL ON UPDATE CASCADE,
  ADD CONSTRAINT `fk_generated_reports_thana` FOREIGN KEY (`thana_id`) REFERENCES `thanas` (`thana_id`) ON DELETE SET NULL ON UPDATE CASCADE,
  ADD CONSTRAINT `fk_generated_reports_user` FOREIGN KEY (`generated_by`) REFERENCES `users` (`user_id`) ON UPDATE CASCADE,
  ADD CONSTRAINT `fk_generated_reports_ward` FOREIGN KEY (`ward_id`) REFERENCES `wards` (`ward_id`) ON DELETE SET NULL ON UPDATE CASCADE;

--
-- Constraints for table `inspection_logs`
--
ALTER TABLE `inspection_logs`
  ADD CONSTRAINT `fk_inspection_logs_assignment` FOREIGN KEY (`assignment_id`) REFERENCES `complaint_assignments` (`assignment_id`) ON DELETE SET NULL ON UPDATE CASCADE,
  ADD CONSTRAINT `fk_inspection_logs_complaint` FOREIGN KEY (`complaint_id`) REFERENCES `complaints` (`complaint_id`) ON DELETE CASCADE ON UPDATE CASCADE,
  ADD CONSTRAINT `fk_inspection_logs_inspector_user` FOREIGN KEY (`inspector_user_id`) REFERENCES `users` (`user_id`) ON DELETE CASCADE ON UPDATE CASCADE;

--
-- Constraints for table `inspectors`
--
ALTER TABLE `inspectors`
  ADD CONSTRAINT `fk_inspectors_assigned_ward` FOREIGN KEY (`assigned_ward_id`) REFERENCES `wards` (`ward_id`) ON UPDATE CASCADE,
  ADD CONSTRAINT `fk_inspectors_city_cor` FOREIGN KEY (`city_cor_id`) REFERENCES `city_corporations` (`city_cor_id`) ON UPDATE CASCADE,
  ADD CONSTRAINT `inspectors_ibfk_1` FOREIGN KEY (`user_id`) REFERENCES `users` (`user_id`) ON DELETE CASCADE ON UPDATE CASCADE;

--
-- Constraints for table `inspector_notifications`
--
ALTER TABLE `inspector_notifications`
  ADD CONSTRAINT `fk_inspector_notifications_complaint` FOREIGN KEY (`related_complaint_id`) REFERENCES `complaints` (`complaint_id`) ON DELETE CASCADE ON UPDATE CASCADE,
  ADD CONSTRAINT `fk_inspector_notifications_recipient` FOREIGN KEY (`recipient_user_id`) REFERENCES `users` (`user_id`) ON DELETE CASCADE ON UPDATE CASCADE,
  ADD CONSTRAINT `fk_inspector_notifications_sender` FOREIGN KEY (`sender_user_id`) REFERENCES `users` (`user_id`) ON DELETE SET NULL ON UPDATE CASCADE;

--
-- Constraints for table `inspector_penalties`
--
ALTER TABLE `inspector_penalties`
  ADD CONSTRAINT `fk_ip_complaint` FOREIGN KEY (`complaint_id`) REFERENCES `complaints` (`complaint_id`) ON DELETE SET NULL,
  ADD CONSTRAINT `fk_ip_decider` FOREIGN KEY (`decided_by_user_id`) REFERENCES `users` (`user_id`) ON DELETE SET NULL,
  ADD CONSTRAINT `fk_ip_inspector` FOREIGN KEY (`inspector_id`) REFERENCES `inspectors` (`inspector_id`) ON DELETE CASCADE,
  ADD CONSTRAINT `fk_ip_user` FOREIGN KEY (`user_id`) REFERENCES `users` (`user_id`) ON DELETE CASCADE;

--
-- Constraints for table `inspector_settings`
--
ALTER TABLE `inspector_settings`
  ADD CONSTRAINT `fk_inspector_settings_user` FOREIGN KEY (`user_id`) REFERENCES `users` (`user_id`) ON DELETE CASCADE ON UPDATE CASCADE;

--
-- Constraints for table `locations`
--
ALTER TABLE `locations`
  ADD CONSTRAINT `fk_locations_area` FOREIGN KEY (`area_id`) REFERENCES `areas` (`area_id`) ON DELETE CASCADE ON UPDATE CASCADE,
  ADD CONSTRAINT `fk_locations_city` FOREIGN KEY (`city_id`) REFERENCES `cities` (`city_id`) ON DELETE CASCADE ON UPDATE CASCADE,
  ADD CONSTRAINT `fk_locations_city_corporation` FOREIGN KEY (`city_cor_id`) REFERENCES `city_corporations` (`city_cor_id`) ON DELETE CASCADE ON UPDATE CASCADE,
  ADD CONSTRAINT `fk_locations_thana` FOREIGN KEY (`thana_id`) REFERENCES `thanas` (`thana_id`) ON DELETE CASCADE ON UPDATE CASCADE,
  ADD CONSTRAINT `fk_locations_ward` FOREIGN KEY (`ward_id`) REFERENCES `wards` (`ward_id`) ON DELETE CASCADE ON UPDATE CASCADE;

--
-- Constraints for table `maintenance_member_penalties`
--
ALTER TABLE `maintenance_member_penalties`
  ADD CONSTRAINT `fk_penalty_assignment` FOREIGN KEY (`assignment_id`) REFERENCES `complaint_assignments` (`assignment_id`) ON DELETE SET NULL ON UPDATE CASCADE,
  ADD CONSTRAINT `fk_penalty_complaint` FOREIGN KEY (`complaint_id`) REFERENCES `complaints` (`complaint_id`) ON DELETE CASCADE ON UPDATE CASCADE,
  ADD CONSTRAINT `fk_penalty_issued_by` FOREIGN KEY (`issued_by`) REFERENCES `users` (`user_id`) ON DELETE CASCADE ON UPDATE CASCADE,
  ADD CONSTRAINT `fk_penalty_member` FOREIGN KEY (`member_id`) REFERENCES `maintenance_team_members` (`member_id`) ON DELETE CASCADE ON UPDATE CASCADE,
  ADD CONSTRAINT `fk_penalty_team` FOREIGN KEY (`maintenance_team_id`) REFERENCES `maintenance_teams` (`maintenance_team_id`) ON DELETE CASCADE ON UPDATE CASCADE;

--
-- Constraints for table `maintenance_notifications`
--
ALTER TABLE `maintenance_notifications`
  ADD CONSTRAINT `fk_maintenance_notifications_complaint` FOREIGN KEY (`related_complaint_id`) REFERENCES `complaints` (`complaint_id`) ON DELETE CASCADE ON UPDATE CASCADE,
  ADD CONSTRAINT `fk_maintenance_notifications_recipient` FOREIGN KEY (`recipient_user_id`) REFERENCES `users` (`user_id`) ON DELETE CASCADE ON UPDATE CASCADE,
  ADD CONSTRAINT `fk_maintenance_notifications_sender` FOREIGN KEY (`sender_user_id`) REFERENCES `users` (`user_id`) ON DELETE SET NULL ON UPDATE CASCADE;

--
-- Constraints for table `maintenance_proofs`
--
ALTER TABLE `maintenance_proofs`
  ADD CONSTRAINT `fk_maintenance_proofs_assignment` FOREIGN KEY (`assignment_id`) REFERENCES `complaint_assignments` (`assignment_id`) ON DELETE CASCADE ON UPDATE CASCADE,
  ADD CONSTRAINT `fk_maintenance_proofs_complaint` FOREIGN KEY (`complaint_id`) REFERENCES `complaints` (`complaint_id`) ON DELETE CASCADE ON UPDATE CASCADE,
  ADD CONSTRAINT `fk_maintenance_proofs_team` FOREIGN KEY (`maintenance_team_id`) REFERENCES `maintenance_teams` (`maintenance_team_id`) ON DELETE CASCADE ON UPDATE CASCADE,
  ADD CONSTRAINT `fk_maintenance_proofs_uploaded_by` FOREIGN KEY (`uploaded_by`) REFERENCES `users` (`user_id`) ON DELETE SET NULL ON UPDATE CASCADE;

--
-- Constraints for table `maintenance_support_requests`
--
ALTER TABLE `maintenance_support_requests`
  ADD CONSTRAINT `fk_msr_assignment` FOREIGN KEY (`assignment_id`) REFERENCES `complaint_assignments` (`assignment_id`) ON DELETE CASCADE ON UPDATE CASCADE,
  ADD CONSTRAINT `fk_msr_complaint` FOREIGN KEY (`complaint_id`) REFERENCES `complaints` (`complaint_id`) ON DELETE CASCADE ON UPDATE CASCADE,
  ADD CONSTRAINT `fk_msr_maintenance_team` FOREIGN KEY (`maintenance_team_id`) REFERENCES `maintenance_teams` (`maintenance_team_id`) ON DELETE CASCADE ON UPDATE CASCADE,
  ADD CONSTRAINT `fk_msr_requested_by` FOREIGN KEY (`requested_by`) REFERENCES `users` (`user_id`) ON DELETE SET NULL ON UPDATE CASCADE,
  ADD CONSTRAINT `fk_msr_ward_officer_user` FOREIGN KEY (`ward_officer_user_id`) REFERENCES `users` (`user_id`) ON DELETE CASCADE ON UPDATE CASCADE;

--
-- Constraints for table `maintenance_teams`
--
ALTER TABLE `maintenance_teams`
  ADD CONSTRAINT `fk_maintenance_teams_anchal` FOREIGN KEY (`anchal_id`) REFERENCES `anchals` (`anchal_id`) ON UPDATE CASCADE,
  ADD CONSTRAINT `fk_maintenance_teams_city_cor` FOREIGN KEY (`city_cor_id`) REFERENCES `city_corporations` (`city_cor_id`) ON UPDATE CASCADE;

--
-- Constraints for table `maintenance_team_members`
--
ALTER TABLE `maintenance_team_members`
  ADD CONSTRAINT `fk_maintenance_member_team` FOREIGN KEY (`maintenance_team_id`) REFERENCES `maintenance_teams` (`maintenance_team_id`) ON DELETE CASCADE ON UPDATE CASCADE,
  ADD CONSTRAINT `fk_maintenance_member_user` FOREIGN KEY (`user_id`) REFERENCES `users` (`user_id`) ON DELETE SET NULL ON UPDATE CASCADE;

--
-- Constraints for table `maintenance_updates`
--
ALTER TABLE `maintenance_updates`
  ADD CONSTRAINT `fk_maintenance_updates_assignment` FOREIGN KEY (`assignment_id`) REFERENCES `complaint_assignments` (`assignment_id`) ON DELETE SET NULL ON UPDATE CASCADE,
  ADD CONSTRAINT `fk_maintenance_updates_complaint` FOREIGN KEY (`complaint_id`) REFERENCES `complaints` (`complaint_id`) ON DELETE CASCADE ON UPDATE CASCADE,
  ADD CONSTRAINT `fk_maintenance_updates_team` FOREIGN KEY (`maintenance_team_id`) REFERENCES `maintenance_teams` (`maintenance_team_id`) ON DELETE SET NULL ON UPDATE CASCADE,
  ADD CONSTRAINT `fk_maintenance_updates_user` FOREIGN KEY (`updated_by_user_id`) REFERENCES `users` (`user_id`) ON DELETE SET NULL ON UPDATE CASCADE;

--
-- Constraints for table `objection_reviews`
--
ALTER TABLE `objection_reviews`
  ADD CONSTRAINT `fk_objection_reviews_complaint` FOREIGN KEY (`complaint_id`) REFERENCES `complaints` (`complaint_id`) ON DELETE CASCADE ON UPDATE CASCADE,
  ADD CONSTRAINT `fk_objection_reviews_reopen` FOREIGN KEY (`reopen_id`) REFERENCES `reopen_requests` (`reopen_id`) ON DELETE CASCADE ON UPDATE CASCADE,
  ADD CONSTRAINT `fk_objection_reviews_user` FOREIGN KEY (`reviewed_by`) REFERENCES `users` (`user_id`) ON DELETE CASCADE ON UPDATE CASCADE;

--
-- Constraints for table `remember_tokens`
--
ALTER TABLE `remember_tokens`
  ADD CONSTRAINT `fk_remember_tokens_user` FOREIGN KEY (`user_id`) REFERENCES `users` (`user_id`) ON DELETE CASCADE;

--
-- Constraints for table `reopen_requests`
--
ALTER TABLE `reopen_requests`
  ADD CONSTRAINT `fk_reopen_complaint` FOREIGN KEY (`complaint_id`) REFERENCES `complaints` (`complaint_id`) ON DELETE CASCADE ON UPDATE CASCADE,
  ADD CONSTRAINT `fk_reopen_handled_by` FOREIGN KEY (`handled_by`) REFERENCES `users` (`user_id`) ON DELETE SET NULL ON UPDATE CASCADE,
  ADD CONSTRAINT `fk_reopen_requested_by` FOREIGN KEY (`requested_by`) REFERENCES `users` (`user_id`) ON DELETE CASCADE ON UPDATE CASCADE;

--
-- Constraints for table `risk`
--
ALTER TABLE `risk`
  ADD CONSTRAINT `fk_risk_last_complaint` FOREIGN KEY (`last_complaint_id`) REFERENCES `complaints` (`complaint_id`) ON DELETE SET NULL ON UPDATE CASCADE;

--
-- Constraints for table `role_instructions`
--
ALTER TABLE `role_instructions`
  ADD CONSTRAINT `role_instructions_ibfk_1` FOREIGN KEY (`sender_user_id`) REFERENCES `users` (`user_id`),
  ADD CONSTRAINT `role_instructions_ibfk_2` FOREIGN KEY (`receiver_user_id`) REFERENCES `users` (`user_id`),
  ADD CONSTRAINT `role_instructions_ibfk_3` FOREIGN KEY (`ward_id`) REFERENCES `wards` (`ward_id`);

--
-- Constraints for table `thanas`
--
ALTER TABLE `thanas`
  ADD CONSTRAINT `fk_thanas_city_corporation` FOREIGN KEY (`city_cor_id`) REFERENCES `city_corporations` (`city_cor_id`) ON DELETE CASCADE ON UPDATE CASCADE;

--
-- Constraints for table `wards`
--
ALTER TABLE `wards`
  ADD CONSTRAINT `fk_wards_anchal` FOREIGN KEY (`anchal_id`) REFERENCES `anchals` (`anchal_id`) ON DELETE SET NULL ON UPDATE CASCADE,
  ADD CONSTRAINT `fk_wards_city_cor` FOREIGN KEY (`city_cor_id`) REFERENCES `city_corporations` (`city_cor_id`) ON DELETE CASCADE ON UPDATE CASCADE,
  ADD CONSTRAINT `fk_wards_thana` FOREIGN KEY (`thana_id`) REFERENCES `thanas` (`thana_id`) ON DELETE CASCADE ON UPDATE CASCADE;

--
-- Constraints for table `ward_notifications`
--
ALTER TABLE `ward_notifications`
  ADD CONSTRAINT `fk_ward_notifications_complaint` FOREIGN KEY (`related_complaint_id`) REFERENCES `complaints` (`complaint_id`) ON DELETE CASCADE ON UPDATE CASCADE,
  ADD CONSTRAINT `fk_ward_notifications_recipient` FOREIGN KEY (`recipient_user_id`) REFERENCES `users` (`user_id`) ON DELETE CASCADE ON UPDATE CASCADE,
  ADD CONSTRAINT `fk_ward_notifications_sender` FOREIGN KEY (`sender_user_id`) REFERENCES `users` (`user_id`) ON DELETE SET NULL ON UPDATE CASCADE;

--
-- Constraints for table `ward_officers`
--
ALTER TABLE `ward_officers`
  ADD CONSTRAINT `fk_ward_officers_assigned_ward` FOREIGN KEY (`assigned_ward_id`) REFERENCES `wards` (`ward_id`) ON UPDATE CASCADE,
  ADD CONSTRAINT `fk_ward_officers_city_cor` FOREIGN KEY (`city_cor_id`) REFERENCES `city_corporations` (`city_cor_id`) ON UPDATE CASCADE,
  ADD CONSTRAINT `ward_officers_ibfk_1` FOREIGN KEY (`user_id`) REFERENCES `users` (`user_id`) ON DELETE CASCADE ON UPDATE CASCADE;
COMMIT;

/*!40101 SET CHARACTER_SET_CLIENT=@OLD_CHARACTER_SET_CLIENT */;
/*!40101 SET CHARACTER_SET_RESULTS=@OLD_CHARACTER_SET_RESULTS */;
/*!40101 SET COLLATION_CONNECTION=@OLD_COLLATION_CONNECTION */;
